
kernel.elf:	file format elf32-littleriscv

Disassembly of section .init:

80000000 <_start>:
80000000: f3 22 10 fc  	csrr	t0, nw
80000004: 17 53 00 00  	auipc	t1, 0x5
80000008: 13 03 03 47  	addi	t1, t1, 0x470
8000000c: 0b 90 62 00  	vx_wspawn	t0, t1
80000010: 93 02 f0 ff  	li	t0, -0x1
80000014: 0b 80 02 00  	vx_tmc	t0
80000018: ef 50 80 42  	jal	0x80005440 <init_regs>
8000001c: 93 02 10 00  	li	t0, 0x1
80000020: 0b 80 02 00  	vx_tmc	t0
80000024: f3 22 10 fc  	csrr	t0, nw
80000028: 17 53 00 00  	auipc	t1, 0x5
8000002c: 13 03 03 46  	addi	t1, t1, 0x460
80000030: 0b 90 62 00  	vx_wspawn	t0, t1
80000034: 93 02 f0 ff  	li	t0, -0x1
80000038: 0b 80 02 00  	vx_tmc	t0
8000003c: ef 50 00 46  	jal	0x8000549c <__init_tls>
80000040: 93 02 10 00  	li	t0, 0x1
80000044: 0b 80 02 00  	vx_tmc	t0
80000048: ef 00 00 07  	jal	0x800000b8 <main>
8000004c: 6f 00 40 00  	j	0x80000050 <exit>

Disassembly of section .text:

80000050 <exit>:
80000050: 13 01 01 ff  	addi	sp, sp, -0x10
80000054: 23 26 11 00  	sw	ra, 0xc(sp)
80000058: 23 24 81 00  	sw	s0, 0x8(sp)
8000005c: 13 04 05 00  	mv	s0, a0
80000060: ef 50 c0 48  	jal	0x800054ec <__funcs_on_exit>
80000064: ef 50 10 34  	jal	0x80005ba4 <libc_exit_fini>
80000068: ef 50 90 33  	jal	0x80005ba0 <dummy>
8000006c: 13 05 04 00  	mv	a0, s0
80000070: ef 50 c0 3b  	jal	0x8000542c <_Exit>

80000074 <_Z11kernel_bodyP12kernel_arg_t>:
80000074: 13 01 01 ff  	addi	sp, sp, -0x10
80000078: 97 75 00 00  	auipc	a1, 0x7
8000007c: 83 a5 c5 f8  	lw	a1, -0x74(a1)
80000080: 23 26 a1 00  	sw	a0, 0xc(sp)
80000084: b3 85 45 00  	add	a1, a1, tp
80000088: 83 a5 05 00  	lw	a1, 0x0(a1)
8000008c: 03 26 85 00  	lw	a2, 0x8(a0)
80000090: 93 95 25 00  	slli	a1, a1, 0x2
80000094: 33 06 b6 00  	add	a2, a2, a1
80000098: 87 27 06 00  	flw	fa5, 0x0(a2)
8000009c: 07 27 85 01  	flw	fa4, 0x18(a0)
800000a0: 03 25 05 01  	lw	a0, 0x10(a0)
800000a4: d3 f7 e7 10  	fmul.s	fa5, fa5, fa4
800000a8: 33 05 b5 00  	add	a0, a0, a1
800000ac: 27 20 f5 00  	fsw	fa5, 0x0(a0)
800000b0: 13 01 01 01  	addi	sp, sp, 0x10
800000b4: 67 80 00 00  	ret

800000b8 <main>:
800000b8: f3 25 00 34  	csrr	a1, mscratch
800000bc: 17 05 00 00  	auipc	a0, 0x0
800000c0: 93 06 85 fb  	addi	a3, a0, -0x48
800000c4: 13 05 10 00  	li	a0, 0x1
800000c8: 13 06 00 00  	li	a2, 0x0
800000cc: 13 87 05 00  	mv	a4, a1
800000d0: 6f 00 40 2e  	j	0x800003b4 <vx_spawn_threads>

800000d4 <process_threads>:
800000d4: 13 01 01 fd  	addi	sp, sp, -0x30
800000d8: 23 26 11 02  	sw	ra, 0x2c(sp)
800000dc: 23 24 81 02  	sw	s0, 0x28(sp)
800000e0: 23 20 21 03  	sw	s2, 0x20(sp)
800000e4: 23 2e 31 01  	sw	s3, 0x1c(sp)
800000e8: 73 27 00 34  	csrr	a4, mscratch
800000ec: f3 29 00 fc  	csrr	s3, nt
800000f0: f3 27 10 cc  	csrr	a5, wid
800000f4: f3 26 00 cc  	csrr	a3, tid
800000f8: 83 25 07 01  	lw	a1, 0x10(a4)
800000fc: 03 26 47 01  	lw	a2, 0x14(a4)
80000100: 33 84 b7 02  	mul	s0, a5, a1
80000104: 13 05 06 00  	mv	a0, a2
80000108: 63 64 f6 00  	bltu	a2, a5, 0x80000110 <process_threads+0x3c>
8000010c: 13 85 07 00  	mv	a0, a5
80000110: 33 b9 c7 00  	sltu	s2, a5, a2
80000114: 33 04 a4 00  	add	s0, s0, a0
80000118: 33 09 b9 00  	add	s2, s2, a1
8000011c: 83 27 87 00  	lw	a5, 0x8(a4)
80000120: 33 04 34 03  	mul	s0, s0, s3
80000124: b3 87 f6 00  	add	a5, a3, a5
80000128: 33 09 39 03  	mul	s2, s2, s3
8000012c: 33 04 f4 00  	add	s0, s0, a5
80000130: 33 09 89 00  	add	s2, s2, s0
80000134: 63 70 24 09  	bgeu	s0, s2, 0x800001b4 <process_threads+0xe0>
80000138: 97 77 00 00  	auipc	a5, 0x7
8000013c: 93 87 87 f9  	addi	a5, a5, -0x68
80000140: 23 2c 41 01  	sw	s4, 0x18(sp)
80000144: 23 24 81 01  	sw	s8, 0x8(sp)
80000148: 03 aa 47 00  	lw	s4, 0x4(a5)
8000014c: 03 ac 07 00  	lw	s8, 0x0(a5)
80000150: 23 28 61 01  	sw	s6, 0x10(sp)
80000154: 23 22 91 02  	sw	s1, 0x24(sp)
80000158: 33 0b 4c 03  	mul	s6, s8, s4
8000015c: 23 2a 51 01  	sw	s5, 0x14(sp)
80000160: 23 26 71 01  	sw	s7, 0xc(sp)
80000164: 83 2b 07 00  	lw	s7, 0x0(a4)
80000168: 83 2a 47 00  	lw	s5, 0x4(a4)
8000016c: 93 04 02 01  	addi	s1, tp, 0x10
80000170: 13 85 0a 00  	mv	a0, s5
80000174: 33 77 84 03  	remu	a4, s0, s8
80000178: b3 57 84 03  	divu	a5, s0, s8
8000017c: 23 a0 e4 00  	sw	a4, 0x0(s1)
80000180: b3 f7 47 03  	remu	a5, a5, s4
80000184: 33 57 64 03  	divu	a4, s0, s6
80000188: 23 a2 f4 00  	sw	a5, 0x4(s1)
8000018c: 33 04 34 01  	add	s0, s0, s3
80000190: 23 a4 e4 00  	sw	a4, 0x8(s1)
80000194: e7 80 0b 00  	jalr	s7
80000198: e3 6c 24 fd  	bltu	s0, s2, 0x80000170 <process_threads+0x9c>
8000019c: 83 24 41 02  	lw	s1, 0x24(sp)
800001a0: 03 2a 81 01  	lw	s4, 0x18(sp)
800001a4: 83 2a 41 01  	lw	s5, 0x14(sp)
800001a8: 03 2b 01 01  	lw	s6, 0x10(sp)
800001ac: 83 2b c1 00  	lw	s7, 0xc(sp)
800001b0: 03 2c 81 00  	lw	s8, 0x8(sp)
800001b4: 83 20 c1 02  	lw	ra, 0x2c(sp)
800001b8: 03 24 81 02  	lw	s0, 0x28(sp)
800001bc: 03 29 01 02  	lw	s2, 0x20(sp)
800001c0: 83 29 c1 01  	lw	s3, 0x1c(sp)
800001c4: 13 01 01 03  	addi	sp, sp, 0x30
800001c8: 67 80 00 00  	ret

800001cc <process_remaining_threads>:
800001cc: f3 25 00 34  	csrr	a1, mscratch
800001d0: 73 27 00 cc  	csrr	a4, tid
800001d4: 97 77 00 00  	auipc	a5, 0x7
800001d8: 93 87 c7 ef  	addi	a5, a5, -0x104
800001dc: 03 a6 c5 00  	lw	a2, 0xc(a1)
800001e0: 83 a6 07 00  	lw	a3, 0x0(a5)
800001e4: 03 a8 47 00  	lw	a6, 0x4(a5)
800001e8: 33 07 c7 00  	add	a4, a4, a2
800001ec: 33 56 d7 02  	divu	a2, a4, a3
800001f0: 83 a8 05 00  	lw	a7, 0x0(a1)
800001f4: 03 a5 45 00  	lw	a0, 0x4(a1)
800001f8: 93 07 02 01  	addi	a5, tp, 0x10
800001fc: b3 85 06 03  	mul	a1, a3, a6
80000200: 33 76 06 03  	remu	a2, a2, a6
80000204: b3 76 d7 02  	remu	a3, a4, a3
80000208: 23 a2 c7 00  	sw	a2, 0x4(a5)
8000020c: 33 57 b7 02  	divu	a4, a4, a1
80000210: 23 a0 d7 00  	sw	a3, 0x0(a5)
80000214: 23 a4 e7 00  	sw	a4, 0x8(a5)
80000218: 67 80 08 00  	jr	a7

8000021c <process_threads_stub>:
8000021c: 13 01 01 ff  	addi	sp, sp, -0x10
80000220: 23 26 11 00  	sw	ra, 0xc(sp)
80000224: 93 07 f0 ff  	li	a5, -0x1
80000228: 0b 80 07 00  	vx_tmc	a5
8000022c: ef f0 9f ea  	jal	0x800000d4 <process_threads>
80000230: 0b 00 00 00  	vx_tmc	zero
80000234: 83 20 c1 00  	lw	ra, 0xc(sp)
80000238: 13 01 01 01  	addi	sp, sp, 0x10
8000023c: 67 80 00 00  	ret

80000240 <process_thread_groups>:
80000240: 13 01 01 fd  	addi	sp, sp, -0x30
80000244: 23 26 11 02  	sw	ra, 0x2c(sp)
80000248: 23 24 81 02  	sw	s0, 0x28(sp)
8000024c: 23 20 21 03  	sw	s2, 0x20(sp)
80000250: 23 2e 31 01  	sw	s3, 0x1c(sp)
80000254: 23 2c 41 01  	sw	s4, 0x18(sp)
80000258: 23 24 81 01  	sw	s8, 0x8(sp)
8000025c: 73 25 00 34  	csrr	a0, mscratch
80000260: f3 2e 00 fc  	csrr	t4, nt
80000264: f3 26 10 cc  	csrr	a3, wid
80000268: 73 2e 00 cc  	csrr	t3, tid
8000026c: 03 23 45 01  	lw	t1, 0x14(a0)
80000270: 17 77 00 00  	auipc	a4, 0x7
80000274: 13 07 47 e5  	addi	a4, a4, -0x1ac
80000278: 03 28 07 00  	lw	a6, 0x0(a4)
8000027c: b3 f7 66 02  	remu	a5, a3, t1
80000280: 03 29 05 01  	lw	s2, 0x10(a0)
80000284: 17 76 00 00  	auipc	a2, 0x7
80000288: 13 06 c6 e4  	addi	a2, a2, -0x1b4
8000028c: 03 2c 06 00  	lw	s8, 0x0(a2)
80000290: 33 b9 26 01  	sltu	s2, a3, s2
80000294: 03 2a 46 00  	lw	s4, 0x4(a2)
80000298: 83 28 47 00  	lw	a7, 0x4(a4)
8000029c: 03 24 85 00  	lw	s0, 0x8(a0)
800002a0: 03 27 c5 00  	lw	a4, 0xc(a0)
800002a4: 83 29 85 01  	lw	s3, 0x18(a0)
800002a8: 33 09 e9 00  	add	s2, s2, a4
800002ac: 13 07 42 00  	addi	a4, tp, 0x4
800002b0: b3 87 d7 03  	mul	a5, a5, t4
800002b4: b3 87 c7 01  	add	a5, a5, t3
800002b8: b3 d6 66 02  	divu	a3, a3, t1
800002bc: 33 d6 07 03  	divu	a2, a5, a6
800002c0: 33 84 86 00  	add	s0, a3, s0
800002c4: 23 20 d2 00  	sw	a3, 0x0(tp)
800002c8: 33 03 18 03  	mul	t1, a6, a7
800002cc: b3 f6 07 03  	remu	a3, a5, a6
800002d0: 33 76 16 03  	remu	a2, a2, a7
800002d4: 23 20 d7 00  	sw	a3, 0x0(a4)
800002d8: b3 d7 67 02  	divu	a5, a5, t1
800002dc: 23 22 c7 00  	sw	a2, 0x4(a4)
800002e0: 33 89 29 03  	mul	s2, s3, s2
800002e4: 23 24 f7 00  	sw	a5, 0x8(a4)
800002e8: 33 09 89 00  	add	s2, s2, s0
800002ec: 63 70 24 07  	bgeu	s0, s2, 0x8000034c <process_thread_groups+0x10c>
800002f0: 23 26 71 01  	sw	s7, 0xc(sp)
800002f4: b3 0b 4c 03  	mul	s7, s8, s4
800002f8: 23 22 91 02  	sw	s1, 0x24(sp)
800002fc: 23 2a 51 01  	sw	s5, 0x14(sp)
80000300: 23 28 61 01  	sw	s6, 0x10(sp)
80000304: 03 2b 05 00  	lw	s6, 0x0(a0)
80000308: 83 2a 45 00  	lw	s5, 0x4(a0)
8000030c: 93 04 02 01  	addi	s1, tp, 0x10
80000310: 13 85 0a 00  	mv	a0, s5
80000314: 33 77 84 03  	remu	a4, s0, s8
80000318: b3 57 84 03  	divu	a5, s0, s8
8000031c: 23 a0 e4 00  	sw	a4, 0x0(s1)
80000320: b3 f7 47 03  	remu	a5, a5, s4
80000324: 33 57 74 03  	divu	a4, s0, s7
80000328: 23 a2 f4 00  	sw	a5, 0x4(s1)
8000032c: 33 04 34 01  	add	s0, s0, s3
80000330: 23 a4 e4 00  	sw	a4, 0x8(s1)
80000334: e7 00 0b 00  	jalr	s6
80000338: e3 6c 24 fd  	bltu	s0, s2, 0x80000310 <process_thread_groups+0xd0>
8000033c: 83 24 41 02  	lw	s1, 0x24(sp)
80000340: 83 2a 41 01  	lw	s5, 0x14(sp)
80000344: 03 2b 01 01  	lw	s6, 0x10(sp)
80000348: 83 2b c1 00  	lw	s7, 0xc(sp)
8000034c: 83 20 c1 02  	lw	ra, 0x2c(sp)
80000350: 03 24 81 02  	lw	s0, 0x28(sp)
80000354: 03 29 01 02  	lw	s2, 0x20(sp)
80000358: 83 29 c1 01  	lw	s3, 0x1c(sp)
8000035c: 03 2a 81 01  	lw	s4, 0x18(sp)
80000360: 03 2c 81 00  	lw	s8, 0x8(sp)
80000364: 13 01 01 03  	addi	sp, sp, 0x30
80000368: 67 80 00 00  	ret

8000036c <process_thread_groups_stub>:
8000036c: 13 01 01 ff  	addi	sp, sp, -0x10
80000370: 23 26 11 00  	sw	ra, 0xc(sp)
80000374: 73 26 00 34  	csrr	a2, mscratch
80000378: 83 27 46 01  	lw	a5, 0x14(a2)
8000037c: 73 27 10 cc  	csrr	a4, wid
80000380: 33 77 f7 02  	remu	a4, a4, a5
80000384: 93 87 f7 ff  	addi	a5, a5, -0x1
80000388: 93 06 f0 ff  	li	a3, -0x1
8000038c: 63 94 e7 00  	bne	a5, a4, 0x80000394 <process_thread_groups_stub+0x28>
80000390: 83 26 c6 01  	lw	a3, 0x1c(a2)
80000394: 0b 80 06 00  	vx_tmc	a3
80000398: ef f0 9f ea  	jal	0x80000240 <process_thread_groups>
8000039c: f3 27 10 cc  	csrr	a5, wid
800003a0: 93 b7 17 00  	seqz	a5, a5
800003a4: 0b 80 07 00  	vx_tmc	a5
800003a8: 83 20 c1 00  	lw	ra, 0xc(sp)
800003ac: 13 01 01 01  	addi	sp, sp, 0x10
800003b0: 67 80 00 00  	ret

800003b4 <vx_spawn_threads>:
800003b4: 13 01 01 fc  	addi	sp, sp, -0x40
800003b8: 23 2e 11 02  	sw	ra, 0x3c(sp)
800003bc: 63 80 05 1a  	beqz	a1, 0x8000055c <vx_spawn_threads+0x1a8>
800003c0: 63 0e 05 18  	beqz	a0, 0x8000055c <vx_spawn_threads+0x1a8>
800003c4: 03 a8 05 00  	lw	a6, 0x0(a1)
800003c8: 63 06 06 18  	beqz	a2, 0x80000554 <vx_spawn_threads+0x1a0>
800003cc: 63 04 05 18  	beqz	a0, 0x80000554 <vx_spawn_threads+0x1a0>
800003d0: 83 28 06 00  	lw	a7, 0x0(a2)
800003d4: 97 77 00 00  	auipc	a5, 0x7
800003d8: 23 ae 07 cf  	sw	a6, -0x304(a5)
800003dc: 97 77 00 00  	auipc	a5, 0x7
800003e0: 23 a4 17 cf  	sw	a7, -0x318(a5)
800003e4: 93 37 25 00  	sltiu	a5, a0, 0x2
800003e8: 93 c7 17 00  	xori	a5, a5, 0x1
800003ec: 63 80 05 16  	beqz	a1, 0x8000054c <vx_spawn_threads+0x198>
800003f0: 63 8e 07 14  	beqz	a5, 0x8000054c <vx_spawn_threads+0x198>
800003f4: 03 a3 45 00  	lw	t1, 0x4(a1)
800003f8: 33 08 68 02  	mul	a6, a6, t1
800003fc: 63 04 06 14  	beqz	a2, 0x80000544 <vx_spawn_threads+0x190>
80000400: 63 82 07 14  	beqz	a5, 0x80000544 <vx_spawn_threads+0x190>
80000404: 83 27 46 00  	lw	a5, 0x4(a2)
80000408: b3 88 f8 02  	mul	a7, a7, a5
8000040c: 13 35 35 00  	sltiu	a0, a0, 0x3
80000410: 17 7e 00 00  	auipc	t3, 0x7
80000414: 23 22 6e cc  	sw	t1, -0x33c(t3)
80000418: 17 73 00 00  	auipc	t1, 0x7
8000041c: 23 28 f3 ca  	sw	a5, -0x350(t1)
80000420: 13 45 15 00  	xori	a0, a0, 0x1
80000424: 63 8c 05 10  	beqz	a1, 0x8000053c <vx_spawn_threads+0x188>
80000428: 63 0a 05 10  	beqz	a0, 0x8000053c <vx_spawn_threads+0x188>
8000042c: 83 a5 85 00  	lw	a1, 0x8(a1)
80000430: 33 08 b8 02  	mul	a6, a6, a1
80000434: 63 00 05 10  	beqz	a0, 0x80000534 <vx_spawn_threads+0x180>
80000438: 63 0e 06 0e  	beqz	a2, 0x80000534 <vx_spawn_threads+0x180>
8000043c: 83 27 86 00  	lw	a5, 0x8(a2)
80000440: b3 88 f8 02  	mul	a7, a7, a5
80000444: 17 76 00 00  	auipc	a2, 0x7
80000448: 23 2a b6 c8  	sw	a1, -0x36c(a2)
8000044c: 17 76 00 00  	auipc	a2, 0x7
80000450: 23 20 f6 c8  	sw	a5, -0x380(a2)
80000454: f3 2e 20 fc  	csrr	t4, nw
80000458: f3 25 10 fc  	csrr	a1, nw
8000045c: f3 27 00 fc  	csrr	a5, nt
80000460: 73 25 20 cc  	csrr	a0, cid
80000464: 33 8e f5 02  	mul	t3, a1, a5
80000468: 63 64 1e 27  	bltu	t3, a7, 0x800006d0 <vx_spawn_threads+0x31c>
8000046c: 13 03 10 00  	li	t1, 0x1
80000470: 63 70 13 11  	bgeu	t1, a7, 0x80000570 <vx_spawn_threads+0x1bc>
80000474: 33 f6 f8 02  	remu	a2, a7, a5
80000478: 13 0e f0 ff  	li	t3, -0x1
8000047c: b3 d7 f8 02  	divu	a5, a7, a5
80000480: 63 08 06 00  	beqz	a2, 0x80000490 <vx_spawn_threads+0xdc>
80000484: 33 13 c3 00  	sll	t1, t1, a2
80000488: 33 0e c3 01  	add	t3, t1, t3
8000048c: 93 87 17 00  	addi	a5, a5, 0x1
80000490: 93 88 f5 ff  	addi	a7, a1, -0x1
80000494: 33 86 07 03  	mul	a2, a5, a6
80000498: 33 06 16 01  	add	a2, a2, a7
8000049c: 33 56 b6 02  	divu	a2, a2, a1
800004a0: 63 e2 ce 0c  	bltu	t4, a2, 0x80000564 <vx_spawn_threads+0x1b0>
800004a4: 63 70 c5 08  	bgeu	a0, a2, 0x80000524 <vx_spawn_threads+0x170>
800004a8: 33 73 c8 02  	remu	t1, a6, a2
800004ac: b3 d8 f5 02  	divu	a7, a1, a5
800004b0: 33 56 c8 02  	divu	a2, a6, a2
800004b4: 63 66 65 16  	bltu	a0, t1, 0x80000620 <vx_spawn_threads+0x26c>
800004b8: 33 88 c7 02  	mul	a6, a5, a2
800004bc: 63 f6 05 1f  	bgeu	a1, a6, 0x800006a8 <vx_spawn_threads+0x2f4>
800004c0: 33 8f 17 03  	mul	t5, a5, a7
800004c4: b3 5e e8 03  	divu	t4, a6, t5
800004c8: b3 75 e8 03  	remu	a1, a6, t5
800004cc: 13 08 0f 00  	mv	a6, t5
800004d0: 33 06 c5 02  	mul	a2, a0, a2
800004d4: 33 06 66 00  	add	a2, a2, t1
800004d8: 23 2a e1 00  	sw	a4, 0x14(sp)
800004dc: 23 28 d1 00  	sw	a3, 0x10(sp)
800004e0: 23 2c c1 00  	sw	a2, 0x18(sp)
800004e4: 23 2e d1 01  	sw	t4, 0x1c(sp)
800004e8: 23 20 b1 02  	sw	a1, 0x20(sp)
800004ec: 23 22 f1 02  	sw	a5, 0x24(sp)
800004f0: 23 24 11 03  	sw	a7, 0x28(sp)
800004f4: 23 26 c1 03  	sw	t3, 0x2c(sp)
800004f8: 13 07 01 01  	addi	a4, sp, 0x10
800004fc: 73 10 07 34  	csrw	mscratch, a4
80000500: 17 07 00 00  	auipc	a4, 0x0
80000504: 13 07 c7 e6  	addi	a4, a4, -0x194
80000508: 97 76 00 00  	auipc	a3, 0x7
8000050c: 23 ac f6 ba  	sw	a5, -0x448(a3)
80000510: 0b 10 e8 00  	vx_wspawn	a6, a4
80000514: ef f0 9f e5  	jal	0x8000036c <process_thread_groups_stub>
80000518: 93 07 10 00  	li	a5, 0x1
8000051c: 13 07 00 00  	li	a4, 0x0
80000520: 0b 90 e7 00  	vx_wspawn	a5, a4
80000524: 13 05 00 00  	li	a0, 0x0
80000528: 83 20 c1 03  	lw	ra, 0x3c(sp)
8000052c: 13 01 01 04  	addi	sp, sp, 0x40
80000530: 67 80 00 00  	ret
80000534: 93 07 10 00  	li	a5, 0x1
80000538: 6f f0 df f0  	j	0x80000444 <vx_spawn_threads+0x90>
8000053c: 93 05 10 00  	li	a1, 0x1
80000540: 6f f0 5f ef  	j	0x80000434 <vx_spawn_threads+0x80>
80000544: 93 07 10 00  	li	a5, 0x1
80000548: 6f f0 5f ec  	j	0x8000040c <vx_spawn_threads+0x58>
8000054c: 13 03 10 00  	li	t1, 0x1
80000550: 6f f0 df ea  	j	0x800003fc <vx_spawn_threads+0x48>
80000554: 93 08 10 00  	li	a7, 0x1
80000558: 6f f0 df e7  	j	0x800003d4 <vx_spawn_threads+0x20>
8000055c: 13 08 10 00  	li	a6, 0x1
80000560: 6f f0 9f e6  	j	0x800003c8 <vx_spawn_threads+0x14>
80000564: 13 86 0e 00  	mv	a2, t4
80000568: e3 60 c5 f4  	bltu	a0, a2, 0x800004a8 <vx_spawn_threads+0xf4>
8000056c: 6f f0 9f fb  	j	0x80000524 <vx_spawn_threads+0x170>
80000570: 13 06 f8 ff  	addi	a2, a6, -0x1
80000574: 33 06 c6 01  	add	a2, a2, t3
80000578: 33 56 c6 03  	divu	a2, a2, t3
8000057c: 93 08 42 00  	addi	a7, tp, 0x4
80000580: 17 7e 00 00  	auipc	t3, 0x7
80000584: 23 20 0e b4  	sw	zero, -0x4c0(t3)
80000588: 23 a0 08 00  	sw	zero, 0x0(a7)
8000058c: 23 a2 08 00  	sw	zero, 0x4(a7)
80000590: 23 a4 08 00  	sw	zero, 0x8(a7)
80000594: 23 20 02 00  	sw	zero, 0x0(tp)
80000598: 63 f4 ce 00  	bgeu	t4, a2, 0x800005a0 <vx_spawn_threads+0x1ec>
8000059c: 13 86 0e 00  	mv	a2, t4
800005a0: e3 72 c5 f8  	bgeu	a0, a2, 0x80000524 <vx_spawn_threads+0x170>
800005a4: b3 78 c8 02  	remu	a7, a6, a2
800005a8: 33 58 c8 02  	divu	a6, a6, a2
800005ac: 63 6c 15 09  	bltu	a0, a7, 0x80000644 <vx_spawn_threads+0x290>
800005b0: 33 56 f8 02  	divu	a2, a6, a5
800005b4: 33 73 f8 02  	remu	t1, a6, a5
800005b8: b3 87 c7 02  	mul	a5, a5, a2
800005bc: 63 f4 c5 10  	bgeu	a1, a2, 0x800006c4 <vx_spawn_threads+0x310>
800005c0: b3 5e b6 02  	divu	t4, a2, a1
800005c4: 33 7e b6 02  	remu	t3, a2, a1
800005c8: 13 86 05 00  	mv	a2, a1
800005cc: 33 05 05 03  	mul	a0, a0, a6
800005d0: 33 05 15 01  	add	a0, a0, a7
800005d4: b3 07 f5 00  	add	a5, a0, a5
800005d8: 23 2e f1 00  	sw	a5, 0x1c(sp)
800005dc: 23 28 d1 00  	sw	a3, 0x10(sp)
800005e0: 23 2a e1 00  	sw	a4, 0x14(sp)
800005e4: 23 2c a1 00  	sw	a0, 0x18(sp)
800005e8: 23 20 d1 03  	sw	t4, 0x20(sp)
800005ec: 23 22 c1 03  	sw	t3, 0x24(sp)
800005f0: 93 07 01 01  	addi	a5, sp, 0x10
800005f4: 73 90 07 34  	csrw	mscratch, a5
800005f8: 63 1a 06 06  	bnez	a2, 0x8000066c <vx_spawn_threads+0x2b8>
800005fc: e3 0e 03 f0  	beqz	t1, 0x80000518 <vx_spawn_threads+0x164>
80000600: 93 07 10 00  	li	a5, 0x1
80000604: b3 97 67 00  	sll	a5, a5, t1
80000608: 93 87 f7 ff  	addi	a5, a5, -0x1
8000060c: 0b 80 07 00  	vx_tmc	a5
80000610: ef f0 df bb  	jal	0x800001cc <process_remaining_threads>
80000614: 13 05 10 00  	li	a0, 0x1
80000618: 0b 00 05 00  	vx_tmc	a0
8000061c: 6f f0 df ef  	j	0x80000518 <vx_spawn_threads+0x164>
80000620: 13 06 16 00  	addi	a2, a2, 0x1
80000624: 33 88 c7 02  	mul	a6, a5, a2
80000628: 63 f8 05 07  	bgeu	a1, a6, 0x80000698 <vx_spawn_threads+0x2e4>
8000062c: 33 83 17 03  	mul	t1, a5, a7
80000630: 33 06 c5 02  	mul	a2, a0, a2
80000634: b3 5e 68 02  	divu	t4, a6, t1
80000638: b3 75 68 02  	remu	a1, a6, t1
8000063c: 13 08 03 00  	mv	a6, t1
80000640: 6f f0 9f e9  	j	0x800004d8 <vx_spawn_threads+0x124>
80000644: 13 08 18 00  	addi	a6, a6, 0x1
80000648: 33 56 f8 02  	divu	a2, a6, a5
8000064c: 33 73 f8 02  	remu	t1, a6, a5
80000650: b3 87 c7 02  	mul	a5, a5, a2
80000654: 63 f0 c5 06  	bgeu	a1, a2, 0x800006b4 <vx_spawn_threads+0x300>
80000658: b3 5e b6 02  	divu	t4, a2, a1
8000065c: 33 7e b6 02  	remu	t3, a2, a1
80000660: 13 86 05 00  	mv	a2, a1
80000664: 33 05 05 03  	mul	a0, a0, a6
80000668: 6f f0 df f6  	j	0x800005d4 <vx_spawn_threads+0x220>
8000066c: 23 26 61 00  	sw	t1, 0xc(sp)
80000670: 97 07 00 00  	auipc	a5, 0x0
80000674: 93 87 c7 ba  	addi	a5, a5, -0x454
80000678: 0b 10 f6 00  	vx_wspawn	a2, a5
8000067c: 93 07 f0 ff  	li	a5, -0x1
80000680: 0b 80 07 00  	vx_tmc	a5
80000684: ef f0 1f a5  	jal	0x800000d4 <process_threads>
80000688: 13 05 10 00  	li	a0, 0x1
8000068c: 0b 00 05 00  	vx_tmc	a0
80000690: 03 23 c1 00  	lw	t1, 0xc(sp)
80000694: 6f f0 9f f6  	j	0x800005fc <vx_spawn_threads+0x248>
80000698: 33 06 c5 02  	mul	a2, a0, a2
8000069c: 93 05 00 00  	li	a1, 0x0
800006a0: 93 0e 10 00  	li	t4, 0x1
800006a4: 6f f0 5f e3  	j	0x800004d8 <vx_spawn_threads+0x124>
800006a8: 93 05 00 00  	li	a1, 0x0
800006ac: 93 0e 10 00  	li	t4, 0x1
800006b0: 6f f0 1f e2  	j	0x800004d0 <vx_spawn_threads+0x11c>
800006b4: 33 05 05 03  	mul	a0, a0, a6
800006b8: 13 0e 00 00  	li	t3, 0x0
800006bc: 93 0e 10 00  	li	t4, 0x1
800006c0: 6f f0 5f f1  	j	0x800005d4 <vx_spawn_threads+0x220>
800006c4: 13 0e 00 00  	li	t3, 0x0
800006c8: 93 0e 10 00  	li	t4, 0x1
800006cc: 6f f0 1f f0  	j	0x800005cc <vx_spawn_threads+0x218>
800006d0: 13 06 0e 00  	mv	a2, t3
800006d4: 93 85 08 00  	mv	a1, a7
800006d8: 17 55 00 00  	auipc	a0, 0x5
800006dc: 13 05 85 72  	addi	a0, a0, 0x728
800006e0: ef 00 00 04  	jal	0x80000720 <vx_printf>
800006e4: 13 05 f0 ff  	li	a0, -0x1
800006e8: 6f f0 1f e4  	j	0x80000528 <vx_spawn_threads+0x174>

800006ec <__vprintf_cb>:
800006ec: 83 27 45 00  	lw	a5, 0x4(a0)
800006f0: 13 01 01 ff  	addi	sp, sp, -0x10
800006f4: 23 24 81 00  	sw	s0, 0x8(sp)
800006f8: 83 a5 07 00  	lw	a1, 0x0(a5)
800006fc: 13 04 05 00  	mv	s0, a0
80000700: 03 25 05 00  	lw	a0, 0x0(a0)
80000704: 23 26 11 00  	sw	ra, 0xc(sp)
80000708: ef 20 40 20  	jal	0x8000290c <tiny_vprintf>
8000070c: 83 20 c1 00  	lw	ra, 0xc(sp)
80000710: 23 24 a4 00  	sw	a0, 0x8(s0)
80000714: 03 24 81 00  	lw	s0, 0x8(sp)
80000718: 13 01 01 01  	addi	sp, sp, 0x10
8000071c: 67 80 00 00  	ret

80000720 <vx_printf>:
80000720: 13 01 01 fb  	addi	sp, sp, -0x50
80000724: 13 03 41 03  	addi	t1, sp, 0x34
80000728: 93 0e 05 00  	mv	t4, a0
8000072c: 23 2a b1 02  	sw	a1, 0x34(sp)
80000730: 13 0e 01 01  	addi	t3, sp, 0x10
80000734: 93 05 41 01  	addi	a1, sp, 0x14
80000738: 17 05 00 00  	auipc	a0, 0x0
8000073c: 13 05 45 fb  	addi	a0, a0, -0x4c
80000740: 23 26 11 02  	sw	ra, 0x2c(sp)
80000744: 23 2a d1 01  	sw	t4, 0x14(sp)
80000748: 23 2c c1 02  	sw	a2, 0x38(sp)
8000074c: 23 2e d1 02  	sw	a3, 0x3c(sp)
80000750: 23 20 e1 04  	sw	a4, 0x40(sp)
80000754: 23 22 f1 04  	sw	a5, 0x44(sp)
80000758: 23 24 01 05  	sw	a6, 0x48(sp)
8000075c: 23 26 11 05  	sw	a7, 0x4c(sp)
80000760: 23 26 61 00  	sw	t1, 0xc(sp)
80000764: 23 28 61 00  	sw	t1, 0x10(sp)
80000768: 23 2c c1 01  	sw	t3, 0x18(sp)
8000076c: ef 20 00 1d  	jal	0x8000293c <vx_serial>
80000770: 83 20 c1 02  	lw	ra, 0x2c(sp)
80000774: 03 25 c1 01  	lw	a0, 0x1c(sp)
80000778: 13 01 01 05  	addi	sp, sp, 0x50
8000077c: 67 80 00 00  	ret

80000780 <vx_putchar>:
80000780: f3 22 40 f1  	csrr	t0, mhartid
80000784: 93 f2 f2 03  	andi	t0, t0, 0x3f
80000788: 13 03 00 04  	li	t1, 0x40
8000078c: b3 82 62 00  	add	t0, t0, t1
80000790: 23 80 a2 00  	sb	a0, 0x0(t0)
80000794: 67 80 00 00  	ret

80000798 <_out_null>:
80000798: 67 80 00 00  	ret

8000079c <_out_rev>:
8000079c: 13 01 01 fd  	addi	sp, sp, -0x30
800007a0: 23 20 21 03  	sw	s2, 0x20(sp)
800007a4: 23 2e 31 01  	sw	s3, 0x1c(sp)
800007a8: 23 2c 41 01  	sw	s4, 0x18(sp)
800007ac: 23 2a 51 01  	sw	s5, 0x14(sp)
800007b0: 23 28 61 01  	sw	s6, 0x10(sp)
800007b4: 23 24 81 01  	sw	s8, 0x8(sp)
800007b8: 23 22 91 01  	sw	s9, 0x4(sp)
800007bc: 23 20 a1 01  	sw	s10, 0x0(sp)
800007c0: 93 8c 08 00  	mv	s9, a7
800007c4: 23 26 11 02  	sw	ra, 0x2c(sp)
800007c8: 23 24 81 02  	sw	s0, 0x28(sp)
800007cc: 23 22 91 02  	sw	s1, 0x24(sp)
800007d0: 93 f8 38 00  	andi	a7, a7, 0x3
800007d4: 13 09 05 00  	mv	s2, a0
800007d8: 13 8a 05 00  	mv	s4, a1
800007dc: 93 09 06 00  	mv	s3, a2
800007e0: 93 8a 06 00  	mv	s5, a3
800007e4: 13 0b 07 00  	mv	s6, a4
800007e8: 13 8d 07 00  	mv	s10, a5
800007ec: 13 0c 08 00  	mv	s8, a6
800007f0: 63 82 08 0a  	beqz	a7, 0x80000894 <_out_rev+0xf8>
800007f4: 63 8c 07 0c  	beqz	a5, 0x800008cc <_out_rev+0x130>
800007f8: 23 26 71 01  	sw	s7, 0xc(sp)
800007fc: 93 04 06 00  	mv	s1, a2
80000800: 33 04 ab 01  	add	s0, s6, s10
80000804: b3 8b 84 00  	add	s7, s1, s0
80000808: 03 45 f4 ff  	lbu	a0, -0x1(s0)
8000080c: 33 86 8b 40  	sub	a2, s7, s0
80000810: 93 86 0a 00  	mv	a3, s5
80000814: 93 05 0a 00  	mv	a1, s4
80000818: 13 04 f4 ff  	addi	s0, s0, -0x1
8000081c: e7 00 09 00  	jalr	s2
80000820: e3 14 8b fe  	bne	s6, s0, 0x80000808 <_out_rev+0x6c>
80000824: 83 2b c1 00  	lw	s7, 0xc(sp)
80000828: b3 84 a4 01  	add	s1, s1, s10
8000082c: 93 fc 2c 00  	andi	s9, s9, 0x2
80000830: 63 86 0c 02  	beqz	s9, 0x8000085c <_out_rev+0xc0>
80000834: b3 89 34 41  	sub	s3, s1, s3
80000838: 63 f2 89 03  	bgeu	s3, s8, 0x8000085c <_out_rev+0xc0>
8000083c: 13 86 04 00  	mv	a2, s1
80000840: 93 86 0a 00  	mv	a3, s5
80000844: 93 05 0a 00  	mv	a1, s4
80000848: 13 05 00 02  	li	a0, 0x20
8000084c: 93 89 19 00  	addi	s3, s3, 0x1
80000850: 93 84 14 00  	addi	s1, s1, 0x1
80000854: e7 00 09 00  	jalr	s2
80000858: e3 e2 89 ff  	bltu	s3, s8, 0x8000083c <_out_rev+0xa0>
8000085c: 83 20 c1 02  	lw	ra, 0x2c(sp)
80000860: 03 24 81 02  	lw	s0, 0x28(sp)
80000864: 03 29 01 02  	lw	s2, 0x20(sp)
80000868: 83 29 c1 01  	lw	s3, 0x1c(sp)
8000086c: 03 2a 81 01  	lw	s4, 0x18(sp)
80000870: 83 2a 41 01  	lw	s5, 0x14(sp)
80000874: 03 2b 01 01  	lw	s6, 0x10(sp)
80000878: 03 2c 81 00  	lw	s8, 0x8(sp)
8000087c: 83 2c 41 00  	lw	s9, 0x4(sp)
80000880: 03 2d 01 00  	lw	s10, 0x0(sp)
80000884: 13 85 04 00  	mv	a0, s1
80000888: 83 24 41 02  	lw	s1, 0x24(sp)
8000088c: 13 01 01 03  	addi	sp, sp, 0x30
80000890: 67 80 00 00  	ret
80000894: 63 f0 07 05  	bgeu	a5, a6, 0x800008d4 <_out_rev+0x138>
80000898: b3 04 f8 40  	sub	s1, a6, a5
8000089c: b3 84 c4 00  	add	s1, s1, a2
800008a0: 13 04 06 00  	mv	s0, a2
800008a4: 13 06 04 00  	mv	a2, s0
800008a8: 93 86 0a 00  	mv	a3, s5
800008ac: 13 04 14 00  	addi	s0, s0, 0x1
800008b0: 93 05 0a 00  	mv	a1, s4
800008b4: 13 05 00 02  	li	a0, 0x20
800008b8: e7 00 09 00  	jalr	s2
800008bc: e3 14 94 fe  	bne	s0, s1, 0x800008a4 <_out_rev+0x108>
800008c0: e3 0e 0d f8  	beqz	s10, 0x8000085c <_out_rev+0xc0>
800008c4: 23 26 71 01  	sw	s7, 0xc(sp)
800008c8: 6f f0 9f f3  	j	0x80000800 <_out_rev+0x64>
800008cc: 93 04 06 00  	mv	s1, a2
800008d0: 6f f0 df f5  	j	0x8000082c <_out_rev+0x90>
800008d4: 93 04 06 00  	mv	s1, a2
800008d8: 6f f0 9f fe  	j	0x800008c0 <_out_rev+0x124>

800008dc <_ntoa_format>:
800008dc: 83 2e 81 00  	lw	t4, 0x8(sp)
800008e0: 13 83 07 00  	mv	t1, a5
800008e4: 93 0f 08 00  	mv	t6, a6
800008e8: 93 f7 2e 00  	andi	a5, t4, 0x2
800008ec: 03 2e 01 00  	lw	t3, 0x0(sp)
800008f0: 03 28 41 00  	lw	a6, 0x4(sp)
800008f4: 63 96 07 0e  	bnez	a5, 0x800009e0 <_ntoa_format+0x104>
800008f8: 93 07 03 fe  	addi	a5, t1, -0x20
800008fc: b3 37 f0 00  	snez	a5, a5
80000900: 33 3f c3 01  	sltu	t5, t1, t3
80000904: 33 ff e7 01  	and	t5, a5, t5
80000908: 93 f2 1e 00  	andi	t0, t4, 0x1
8000090c: 63 06 08 12  	beqz	a6, 0x80000a38 <_ntoa_format+0x15c>
80000910: 63 84 02 12  	beqz	t0, 0x80000a38 <_ntoa_format+0x15c>
80000914: 63 96 0f 00  	bnez	t6, 0x80000920 <_ntoa_format+0x44>
80000918: 93 f3 ce 00  	andi	t2, t4, 0xc
8000091c: 63 84 03 00  	beqz	t2, 0x80000924 <_ntoa_format+0x48>
80000920: 13 08 f8 ff  	addi	a6, a6, -0x1
80000924: 63 0a 0f 08  	beqz	t5, 0x800009b8 <_ntoa_format+0xdc>
80000928: 13 0f 00 03  	li	t5, 0x30
8000092c: 13 03 13 00  	addi	t1, t1, 0x1
80000930: b3 07 67 00  	add	a5, a4, t1
80000934: a3 8f e7 ff  	sb	t5, -0x1(a5)
80000938: 93 07 03 fe  	addi	a5, t1, -0x20
8000093c: b3 37 f0 00  	snez	a5, a5
80000940: 63 74 c3 01  	bgeu	t1, t3, 0x80000948 <_ntoa_format+0x6c>
80000944: e3 94 07 fe  	bnez	a5, 0x8000092c <_ntoa_format+0x50>
80000948: 63 98 02 06  	bnez	t0, 0x800009b8 <_ntoa_format+0xdc>
8000094c: 93 f7 0e 01  	andi	a5, t4, 0x10
80000950: 63 8a 07 04  	beqz	a5, 0x800009a4 <_ntoa_format+0xc8>
80000954: 93 f7 0e 40  	andi	a5, t4, 0x400
80000958: 63 96 07 00  	bnez	a5, 0x80000964 <_ntoa_format+0x88>
8000095c: 63 0e 6e 0e  	beq	t3, t1, 0x80000a58 <_ntoa_format+0x17c>
80000960: 63 0c 03 0f  	beq	t1, a6, 0x80000a58 <_ntoa_format+0x17c>
80000964: 93 07 00 01  	li	a5, 0x10
80000968: 63 82 f8 12  	beq	a7, a5, 0x80000a8c <_ntoa_format+0x1b0>
8000096c: 93 88 e8 ff  	addi	a7, a7, -0x2
80000970: 63 9a 08 10  	bnez	a7, 0x80000a84 <_ntoa_format+0x1a8>
80000974: 93 07 03 fe  	addi	a5, t1, -0x20
80000978: 63 86 07 10  	beqz	a5, 0x80000a84 <_ntoa_format+0x1a8>
8000097c: 93 07 13 00  	addi	a5, t1, 0x1
80000980: 33 03 67 00  	add	t1, a4, t1
80000984: 93 08 20 06  	li	a7, 0x62
80000988: 23 00 13 01  	sb	a7, 0x0(t1)
8000098c: 93 08 00 02  	li	a7, 0x20
80000990: 63 8e 17 01  	beq	a5, a7, 0x800009ac <_ntoa_format+0xd0>
80000994: 13 83 17 00  	addi	t1, a5, 0x1
80000998: b3 07 f7 00  	add	a5, a4, a5
8000099c: 93 08 00 03  	li	a7, 0x30
800009a0: 23 80 17 01  	sb	a7, 0x0(a5)
800009a4: 93 07 00 02  	li	a5, 0x20
800009a8: 63 18 f3 06  	bne	t1, a5, 0x80000a18 <_ntoa_format+0x13c>
800009ac: 93 07 00 02  	li	a5, 0x20
800009b0: 93 88 0e 00  	mv	a7, t4
800009b4: 6f f0 9f de  	j	0x8000079c <_out_rev>
800009b8: 63 74 03 03  	bgeu	t1, a6, 0x800009e0 <_ntoa_format+0x104>
800009bc: 63 82 07 02  	beqz	a5, 0x800009e0 <_ntoa_format+0x104>
800009c0: 13 0f 00 03  	li	t5, 0x30
800009c4: 6f 00 80 00  	j	0x800009cc <_ntoa_format+0xf0>
800009c8: 63 8c 07 00  	beqz	a5, 0x800009e0 <_ntoa_format+0x104>
800009cc: 13 03 13 00  	addi	t1, t1, 0x1
800009d0: b3 07 67 00  	add	a5, a4, t1
800009d4: a3 8f e7 ff  	sb	t5, -0x1(a5)
800009d8: 93 07 03 fe  	addi	a5, t1, -0x20
800009dc: e3 66 03 ff  	bltu	t1, a6, 0x800009c8 <_ntoa_format+0xec>
800009e0: 93 f7 0e 01  	andi	a5, t4, 0x10
800009e4: e3 80 07 fc  	beqz	a5, 0x800009a4 <_ntoa_format+0xc8>
800009e8: 93 f7 0e 40  	andi	a5, t4, 0x400
800009ec: e3 9c 07 f6  	bnez	a5, 0x80000964 <_ntoa_format+0x88>
800009f0: e3 16 03 f6  	bnez	t1, 0x8000095c <_ntoa_format+0x80>
800009f4: 93 07 00 01  	li	a5, 0x10
800009f8: 63 84 f8 12  	beq	a7, a5, 0x80000b20 <_ntoa_format+0x244>
800009fc: 93 07 20 00  	li	a5, 0x2
80000a00: 63 96 f8 0e  	bne	a7, a5, 0x80000aec <_ntoa_format+0x210>
80000a04: 93 07 20 06  	li	a5, 0x62
80000a08: 93 08 00 03  	li	a7, 0x30
80000a0c: 23 00 f7 00  	sb	a5, 0x0(a4)
80000a10: a3 00 17 01  	sb	a7, 0x1(a4)
80000a14: 13 03 20 00  	li	t1, 0x2
80000a18: 63 94 0f 02  	bnez	t6, 0x80000a40 <_ntoa_format+0x164>
80000a1c: 93 f7 4e 00  	andi	a5, t4, 0x4
80000a20: 63 88 07 08  	beqz	a5, 0x80000ab0 <_ntoa_format+0x1d4>
80000a24: b3 08 67 00  	add	a7, a4, t1
80000a28: 13 0e b0 02  	li	t3, 0x2b
80000a2c: 93 07 13 00  	addi	a5, t1, 0x1
80000a30: 23 80 c8 01  	sb	t3, 0x0(a7)
80000a34: 6f f0 df f7  	j	0x800009b0 <_ntoa_format+0xd4>
80000a38: e3 18 0f ee  	bnez	t5, 0x80000928 <_ntoa_format+0x4c>
80000a3c: 6f f0 5f fa  	j	0x800009e0 <_ntoa_format+0x104>
80000a40: b3 08 67 00  	add	a7, a4, t1
80000a44: 13 0e d0 02  	li	t3, 0x2d
80000a48: 23 80 c8 01  	sb	t3, 0x0(a7)
80000a4c: 93 07 13 00  	addi	a5, t1, 0x1
80000a50: 93 88 0e 00  	mv	a7, t4
80000a54: 6f f0 9f d4  	j	0x8000079c <_out_rev>
80000a58: 93 07 f3 ff  	addi	a5, t1, -0x1
80000a5c: 63 82 07 0a  	beqz	a5, 0x80000b00 <_ntoa_format+0x224>
80000a60: 13 8e 08 ff  	addi	t3, a7, -0x10
80000a64: 63 1e 0e 08  	bnez	t3, 0x80000b00 <_ntoa_format+0x224>
80000a68: 93 08 e3 ff  	addi	a7, t1, -0x2
80000a6c: 13 fe 0e 02  	andi	t3, t4, 0x20
80000a70: b3 08 17 01  	add	a7, a4, a7
80000a74: 63 10 0e 0c  	bnez	t3, 0x80000b34 <_ntoa_format+0x258>
80000a78: 13 0e 80 07  	li	t3, 0x78
80000a7c: 23 80 c8 01  	sb	t3, 0x0(a7)
80000a80: 6f f0 9f f1  	j	0x80000998 <_ntoa_format+0xbc>
80000a84: 93 07 03 00  	mv	a5, t1
80000a88: 6f f0 5f f0  	j	0x8000098c <_ntoa_format+0xb0>
80000a8c: 93 f7 0e 02  	andi	a5, t4, 0x20
80000a90: 63 80 07 04  	beqz	a5, 0x80000ad0 <_ntoa_format+0x1f4>
80000a94: 93 07 00 02  	li	a5, 0x20
80000a98: e3 0a f3 f0  	beq	t1, a5, 0x800009ac <_ntoa_format+0xd0>
80000a9c: 93 07 13 00  	addi	a5, t1, 0x1
80000aa0: 33 03 67 00  	add	t1, a4, t1
80000aa4: 93 08 80 05  	li	a7, 0x58
80000aa8: 23 00 13 01  	sb	a7, 0x0(t1)
80000aac: 6f f0 1f ee  	j	0x8000098c <_ntoa_format+0xb0>
80000ab0: 93 f8 8e 00  	andi	a7, t4, 0x8
80000ab4: 93 07 03 00  	mv	a5, t1
80000ab8: e3 8c 08 ee  	beqz	a7, 0x800009b0 <_ntoa_format+0xd4>
80000abc: 33 03 67 00  	add	t1, a4, t1
80000ac0: 93 08 00 02  	li	a7, 0x20
80000ac4: 93 87 17 00  	addi	a5, a5, 0x1
80000ac8: 23 00 13 01  	sb	a7, 0x0(t1)
80000acc: 6f f0 5f ee  	j	0x800009b0 <_ntoa_format+0xd4>
80000ad0: 93 07 00 02  	li	a5, 0x20
80000ad4: e3 0c f3 ec  	beq	t1, a5, 0x800009ac <_ntoa_format+0xd0>
80000ad8: 93 07 13 00  	addi	a5, t1, 0x1
80000adc: 33 03 67 00  	add	t1, a4, t1
80000ae0: 93 08 80 07  	li	a7, 0x78
80000ae4: 23 00 13 01  	sb	a7, 0x0(t1)
80000ae8: 6f f0 5f ea  	j	0x8000098c <_ntoa_format+0xb0>
80000aec: 93 07 00 03  	li	a5, 0x30
80000af0: 23 00 f7 00  	sb	a5, 0x0(a4)
80000af4: 13 03 10 00  	li	t1, 0x1
80000af8: e3 82 0f f2  	beqz	t6, 0x80000a1c <_ntoa_format+0x140>
80000afc: 6f f0 5f f4  	j	0x80000a40 <_ntoa_format+0x164>
80000b00: 13 0e 00 01  	li	t3, 0x10
80000b04: 63 8e c8 03  	beq	a7, t3, 0x80000b40 <_ntoa_format+0x264>
80000b08: 13 0e 20 00  	li	t3, 0x2
80000b0c: e3 96 c8 e9  	bne	a7, t3, 0x80000998 <_ntoa_format+0xbc>
80000b10: 93 08 03 00  	mv	a7, t1
80000b14: 13 83 07 00  	mv	t1, a5
80000b18: 93 87 08 00  	mv	a5, a7
80000b1c: 6f f0 5f e6  	j	0x80000980 <_ntoa_format+0xa4>
80000b20: 93 98 ae 01  	slli	a7, t4, 0x1a
80000b24: 93 d7 f8 41  	srai	a5, a7, 0x1f
80000b28: 93 f7 07 fe  	andi	a5, a5, -0x20
80000b2c: 93 87 87 07  	addi	a5, a5, 0x78
80000b30: 6f f0 9f ed  	j	0x80000a08 <_ntoa_format+0x12c>
80000b34: 13 0e 80 05  	li	t3, 0x58
80000b38: 23 80 c8 01  	sb	t3, 0x0(a7)
80000b3c: 6f f0 df e5  	j	0x80000998 <_ntoa_format+0xbc>
80000b40: 93 f8 0e 02  	andi	a7, t4, 0x20
80000b44: 63 8a 08 00  	beqz	a7, 0x80000b58 <_ntoa_format+0x27c>
80000b48: 93 08 03 00  	mv	a7, t1
80000b4c: 13 83 07 00  	mv	t1, a5
80000b50: 93 87 08 00  	mv	a5, a7
80000b54: 6f f0 df f4  	j	0x80000aa0 <_ntoa_format+0x1c4>
80000b58: 93 08 03 00  	mv	a7, t1
80000b5c: 13 83 07 00  	mv	t1, a5
80000b60: 93 87 08 00  	mv	a5, a7
80000b64: 6f f0 9f f7  	j	0x80000adc <_ntoa_format+0x200>

80000b68 <_out_char>:
80000b68: 63 14 05 00  	bnez	a0, 0x80000b70 <_out_char+0x8>
80000b6c: 67 80 00 00  	ret
80000b70: 6f f0 1f c1  	j	0x80000780 <vx_putchar>

80000b74 <_etoa>:
80000b74: 13 01 01 f7  	addi	sp, sp, -0x90
80000b78: 23 20 21 09  	sw	s2, 0x80(sp)
80000b7c: 23 24 81 07  	sw	s8, 0x68(sp)
80000b80: 13 09 05 00  	mv	s2, a0
80000b84: 23 28 b1 00  	sw	a1, 0x10(sp)
80000b88: 13 0c 06 00  	mv	s8, a2
80000b8c: 23 2a d1 00  	sw	a3, 0x14(sp)
80000b90: 13 05 07 00  	mv	a0, a4
80000b94: 93 85 07 00  	mv	a1, a5
80000b98: 13 06 07 00  	mv	a2, a4
80000b9c: 93 86 07 00  	mv	a3, a5
80000ba0: 23 24 81 08  	sw	s0, 0x88(sp)
80000ba4: 23 22 91 08  	sw	s1, 0x84(sp)
80000ba8: 23 2e 31 07  	sw	s3, 0x7c(sp)
80000bac: 23 2c 41 07  	sw	s4, 0x78(sp)
80000bb0: 23 28 61 07  	sw	s6, 0x70(sp)
80000bb4: 23 26 11 08  	sw	ra, 0x8c(sp)
80000bb8: 03 2a 01 09  	lw	s4, 0x90(sp)
80000bbc: 13 04 07 00  	mv	s0, a4
80000bc0: 93 84 07 00  	mv	s1, a5
80000bc4: 93 09 08 00  	mv	s3, a6
80000bc8: 13 8b 08 00  	mv	s6, a7
80000bcc: ef 20 d0 16  	jal	0x80003538 <__nedf2>
80000bd0: 63 1a 05 40  	bnez	a0, 0x80000fe4 <_etoa+0x470>
80000bd4: 97 67 00 00  	auipc	a5, 0x6
80000bd8: 93 87 47 45  	addi	a5, a5, 0x454
80000bdc: 03 a6 07 00  	lw	a2, 0x0(a5)
80000be0: 83 a6 47 00  	lw	a3, 0x4(a5)
80000be4: 13 05 04 00  	mv	a0, s0
80000be8: 93 85 04 00  	mv	a1, s1
80000bec: ef 20 50 24  	jal	0x80003630 <__gtdf2>
80000bf0: 63 4a a0 3e  	bgtz	a0, 0x80000fe4 <_etoa+0x470>
80000bf4: 97 67 00 00  	auipc	a5, 0x6
80000bf8: 93 87 c7 43  	addi	a5, a5, 0x43c
80000bfc: 03 a6 07 00  	lw	a2, 0x0(a5)
80000c00: 83 a6 47 00  	lw	a3, 0x4(a5)
80000c04: 13 05 04 00  	mv	a0, s0
80000c08: 93 85 04 00  	mv	a1, s1
80000c0c: ef 20 d0 12  	jal	0x80003538 <__nedf2>
80000c10: 63 4a 05 3c  	bltz	a0, 0x80000fe4 <_etoa+0x470>
80000c14: 13 05 04 00  	mv	a0, s0
80000c18: 93 85 04 00  	mv	a1, s1
80000c1c: 13 06 00 00  	li	a2, 0x0
80000c20: 93 06 00 00  	li	a3, 0x0
80000c24: 23 2a 51 07  	sw	s5, 0x74(sp)
80000c28: 23 26 71 07  	sw	s7, 0x6c(sp)
80000c2c: 23 22 91 07  	sw	s9, 0x64(sp)
80000c30: 23 20 a1 07  	sw	s10, 0x60(sp)
80000c34: 23 2e b1 05  	sw	s11, 0x5c(sp)
80000c38: ef 20 10 10  	jal	0x80003538 <__nedf2>
80000c3c: 63 4e 05 5c  	bltz	a0, 0x80001218 <_etoa+0x6a4>
80000c40: 23 24 81 02  	sw	s0, 0x28(sp)
80000c44: 93 8a 04 00  	mv	s5, s1
80000c48: 93 77 0a 40  	andi	a5, s4, 0x400
80000c4c: 23 26 f1 02  	sw	a5, 0x2c(sp)
80000c50: 63 94 07 00  	bnez	a5, 0x80000c58 <_etoa+0xe4>
80000c54: 93 09 60 00  	li	s3, 0x6
80000c58: 13 d5 4a 01  	srli	a0, s5, 0x14
80000c5c: 13 75 f5 7f  	andi	a0, a0, 0x7ff
80000c60: 13 05 15 c0  	addi	a0, a0, -0x3ff
80000c64: ef 30 40 63  	jal	0x80004298 <__floatsidf>
80000c68: 97 67 00 00  	auipc	a5, 0x6
80000c6c: 93 87 87 42  	addi	a5, a5, 0x428
80000c70: 03 a6 07 00  	lw	a2, 0x0(a5)
80000c74: 83 a6 47 00  	lw	a3, 0x4(a5)
80000c78: ef 30 10 01  	jal	0x80004488 <__muldf3>
80000c7c: 97 67 00 00  	auipc	a5, 0x6
80000c80: 93 87 47 40  	addi	a5, a5, 0x404
80000c84: 03 a6 07 00  	lw	a2, 0x0(a5)
80000c88: 83 a6 47 00  	lw	a3, 0x4(a5)
80000c8c: ef 10 d0 52  	jal	0x800029b8 <__adddf3>
80000c90: 93 97 ca 00  	slli	a5, s5, 0xc
80000c94: 37 07 f0 3f  	lui	a4, 0x3ff00
80000c98: 93 d7 c7 00  	srli	a5, a5, 0xc
80000c9c: b3 e7 e7 00  	or	a5, a5, a4
80000ca0: 13 8d 05 00  	mv	s10, a1
80000ca4: 93 85 07 00  	mv	a1, a5
80000ca8: 97 67 00 00  	auipc	a5, 0x6
80000cac: 93 87 87 3c  	addi	a5, a5, 0x3c8
80000cb0: 03 a6 07 00  	lw	a2, 0x0(a5)
80000cb4: 83 a6 47 00  	lw	a3, 0x4(a5)
80000cb8: 93 0c 05 00  	mv	s9, a0
80000cbc: 13 05 04 00  	mv	a0, s0
80000cc0: ef 40 40 0b  	jal	0x80004d74 <__subdf3>
80000cc4: 97 67 00 00  	auipc	a5, 0x6
80000cc8: 93 87 47 3d  	addi	a5, a5, 0x3d4
80000ccc: 03 a6 07 00  	lw	a2, 0x0(a5)
80000cd0: 83 a6 47 00  	lw	a3, 0x4(a5)
80000cd4: ef 30 40 7b  	jal	0x80004488 <__muldf3>
80000cd8: 13 06 05 00  	mv	a2, a0
80000cdc: 93 86 05 00  	mv	a3, a1
80000ce0: 13 85 0c 00  	mv	a0, s9
80000ce4: 93 05 0d 00  	mv	a1, s10
80000ce8: ef 10 10 4d  	jal	0x800029b8 <__adddf3>
80000cec: ef 30 80 43  	jal	0x80004124 <__fixdfsi>
80000cf0: 93 0b 05 00  	mv	s7, a0
80000cf4: ef 30 40 5a  	jal	0x80004298 <__floatsidf>
80000cf8: 97 67 00 00  	auipc	a5, 0x6
80000cfc: 93 87 87 34  	addi	a5, a5, 0x348
80000d00: 03 a6 07 00  	lw	a2, 0x0(a5)
80000d04: 83 a6 47 00  	lw	a3, 0x4(a5)
80000d08: 93 0c 05 00  	mv	s9, a0
80000d0c: 13 8d 05 00  	mv	s10, a1
80000d10: ef 30 80 77  	jal	0x80004488 <__muldf3>
80000d14: 97 67 00 00  	auipc	a5, 0x6
80000d18: 93 87 c7 34  	addi	a5, a5, 0x34c
80000d1c: 03 a6 07 00  	lw	a2, 0x0(a5)
80000d20: 83 a6 47 00  	lw	a3, 0x4(a5)
80000d24: ef 10 50 49  	jal	0x800029b8 <__adddf3>
80000d28: ef 30 c0 3f  	jal	0x80004124 <__fixdfsi>
80000d2c: 97 67 00 00  	auipc	a5, 0x6
80000d30: 93 87 c7 31  	addi	a5, a5, 0x31c
80000d34: 03 a6 07 00  	lw	a2, 0x0(a5)
80000d38: 83 a6 47 00  	lw	a3, 0x4(a5)
80000d3c: 93 0d 05 00  	mv	s11, a0
80000d40: 93 05 0d 00  	mv	a1, s10
80000d44: 13 85 0c 00  	mv	a0, s9
80000d48: ef 30 00 74  	jal	0x80004488 <__muldf3>
80000d4c: 93 0c 05 00  	mv	s9, a0
80000d50: 13 85 0d 00  	mv	a0, s11
80000d54: 13 8d 05 00  	mv	s10, a1
80000d58: ef 30 00 54  	jal	0x80004298 <__floatsidf>
80000d5c: 97 67 00 00  	auipc	a5, 0x6
80000d60: 93 87 c7 31  	addi	a5, a5, 0x31c
80000d64: 03 a6 07 00  	lw	a2, 0x0(a5)
80000d68: 83 a6 47 00  	lw	a3, 0x4(a5)
80000d6c: ef 30 c0 71  	jal	0x80004488 <__muldf3>
80000d70: 13 06 05 00  	mv	a2, a0
80000d74: 93 86 05 00  	mv	a3, a1
80000d78: 13 85 0c 00  	mv	a0, s9
80000d7c: 93 05 0d 00  	mv	a1, s10
80000d80: ef 30 50 7f  	jal	0x80004d74 <__subdf3>
80000d84: 13 06 05 00  	mv	a2, a0
80000d88: 93 86 05 00  	mv	a3, a1
80000d8c: 93 0c 05 00  	mv	s9, a0
80000d90: 13 8d 05 00  	mv	s10, a1
80000d94: ef 30 40 6f  	jal	0x80004488 <__muldf3>
80000d98: 23 2c a1 00  	sw	a0, 0x18(sp)
80000d9c: 13 86 0c 00  	mv	a2, s9
80000da0: 23 2e b1 00  	sw	a1, 0x1c(sp)
80000da4: 93 06 0d 00  	mv	a3, s10
80000da8: 13 85 0c 00  	mv	a0, s9
80000dac: 93 05 0d 00  	mv	a1, s10
80000db0: ef 10 90 40  	jal	0x800029b8 <__adddf3>
80000db4: 97 67 00 00  	auipc	a5, 0x6
80000db8: 93 87 47 2b  	addi	a5, a5, 0x2b4
80000dbc: 03 a6 07 00  	lw	a2, 0x0(a5)
80000dc0: 83 a6 47 00  	lw	a3, 0x4(a5)
80000dc4: 23 20 a1 02  	sw	a0, 0x20(sp)
80000dc8: 23 22 b1 02  	sw	a1, 0x24(sp)
80000dcc: 03 25 81 01  	lw	a0, 0x18(sp)
80000dd0: 83 25 c1 01  	lw	a1, 0x1c(sp)
80000dd4: ef 20 50 15  	jal	0x80003728 <__divdf3>
80000dd8: 17 67 00 00  	auipc	a4, 0x6
80000ddc: 13 07 07 28  	addi	a4, a4, 0x280
80000de0: 03 26 07 00  	lw	a2, 0x0(a4)
80000de4: 83 26 47 00  	lw	a3, 0x4(a4)
80000de8: ef 10 10 3d  	jal	0x800029b8 <__adddf3>
80000dec: 13 06 05 00  	mv	a2, a0
80000df0: 93 86 05 00  	mv	a3, a1
80000df4: 03 25 81 01  	lw	a0, 0x18(sp)
80000df8: 83 25 c1 01  	lw	a1, 0x1c(sp)
80000dfc: ef 20 d0 12  	jal	0x80003728 <__divdf3>
80000e00: 97 67 00 00  	auipc	a5, 0x6
80000e04: 93 87 87 21  	addi	a5, a5, 0x218
80000e08: 03 a6 07 00  	lw	a2, 0x0(a5)
80000e0c: 83 a6 47 00  	lw	a3, 0x4(a5)
80000e10: ef 10 90 3a  	jal	0x800029b8 <__adddf3>
80000e14: 13 06 05 00  	mv	a2, a0
80000e18: 93 86 05 00  	mv	a3, a1
80000e1c: 03 25 81 01  	lw	a0, 0x18(sp)
80000e20: 83 25 c1 01  	lw	a1, 0x1c(sp)
80000e24: ef 20 50 10  	jal	0x80003728 <__divdf3>
80000e28: 97 67 00 00  	auipc	a5, 0x6
80000e2c: 93 87 87 1f  	addi	a5, a5, 0x1f8
80000e30: 23 2c a1 00  	sw	a0, 0x18(sp)
80000e34: 23 2e b1 00  	sw	a1, 0x1c(sp)
80000e38: 03 a5 07 00  	lw	a0, 0x0(a5)
80000e3c: 83 a5 47 00  	lw	a1, 0x4(a5)
80000e40: 13 86 0c 00  	mv	a2, s9
80000e44: 93 06 0d 00  	mv	a3, s10
80000e48: ef 30 d0 72  	jal	0x80004d74 <__subdf3>
80000e4c: 13 06 05 00  	mv	a2, a0
80000e50: 93 86 05 00  	mv	a3, a1
80000e54: 03 25 81 01  	lw	a0, 0x18(sp)
80000e58: 83 25 c1 01  	lw	a1, 0x1c(sp)
80000e5c: ef 10 d0 35  	jal	0x800029b8 <__adddf3>
80000e60: 13 06 05 00  	mv	a2, a0
80000e64: 93 86 05 00  	mv	a3, a1
80000e68: 03 25 01 02  	lw	a0, 0x20(sp)
80000e6c: 83 25 41 02  	lw	a1, 0x24(sp)
80000e70: ef 20 90 0b  	jal	0x80003728 <__divdf3>
80000e74: 97 67 00 00  	auipc	a5, 0x6
80000e78: 93 87 c7 1d  	addi	a5, a5, 0x1dc
80000e7c: 03 a6 07 00  	lw	a2, 0x0(a5)
80000e80: 83 a6 47 00  	lw	a3, 0x4(a5)
80000e84: ef 10 50 33  	jal	0x800029b8 <__adddf3>
80000e88: 93 87 fd 3f  	addi	a5, s11, 0x3ff
80000e8c: 93 96 47 01  	slli	a3, a5, 0x14
80000e90: 13 06 00 00  	li	a2, 0x0
80000e94: ef 30 40 5f  	jal	0x80004488 <__muldf3>
80000e98: 23 20 a1 02  	sw	a0, 0x20(sp)
80000e9c: 13 06 05 00  	mv	a2, a0
80000ea0: 93 86 05 00  	mv	a3, a1
80000ea4: 23 2c b1 00  	sw	a1, 0x18(sp)
80000ea8: 13 05 04 00  	mv	a0, s0
80000eac: 93 85 0a 00  	mv	a1, s5
80000eb0: ef 20 80 68  	jal	0x80003538 <__nedf2>
80000eb4: 83 27 81 01  	lw	a5, 0x18(sp)
80000eb8: 03 28 01 02  	lw	a6, 0x20(sp)
80000ebc: 63 56 05 02  	bgez	a0, 0x80000ee8 <_etoa+0x374>
80000ec0: 17 67 00 00  	auipc	a4, 0x6
80000ec4: 13 07 87 19  	addi	a4, a4, 0x198
80000ec8: 03 26 07 00  	lw	a2, 0x0(a4)
80000ecc: 83 26 47 00  	lw	a3, 0x4(a4)
80000ed0: 13 05 08 00  	mv	a0, a6
80000ed4: 93 85 07 00  	mv	a1, a5
80000ed8: ef 20 10 05  	jal	0x80003728 <__divdf3>
80000edc: 93 8b fb ff  	addi	s7, s7, -0x1
80000ee0: 13 08 05 00  	mv	a6, a0
80000ee4: 93 87 05 00  	mv	a5, a1
80000ee8: 93 86 3b 06  	addi	a3, s7, 0x63
80000eec: b7 18 00 00  	lui	a7, 0x1
80000ef0: 13 07 60 0c  	li	a4, 0xc6
80000ef4: 33 37 d7 00  	sltu	a4, a4, a3
80000ef8: 93 88 08 80  	addi	a7, a7, -0x800
80000efc: 13 07 47 00  	addi	a4, a4, 0x4
80000f00: 93 76 2a 00  	andi	a3, s4, 0x2
80000f04: b3 78 1a 01  	and	a7, s4, a7
80000f08: 93 0c 07 00  	mv	s9, a4
80000f0c: 13 8d 06 00  	mv	s10, a3
80000f10: 63 80 08 12  	beqz	a7, 0x80001030 <_etoa+0x4bc>
80000f14: 17 67 00 00  	auipc	a4, 0x6
80000f18: 13 07 c7 18  	addi	a4, a4, 0x18c
80000f1c: 03 26 07 00  	lw	a2, 0x0(a4)
80000f20: 83 26 47 00  	lw	a3, 0x4(a4)
80000f24: 13 05 04 00  	mv	a0, s0
80000f28: 93 85 0a 00  	mv	a1, s5
80000f2c: 23 20 f1 02  	sw	a5, 0x20(sp)
80000f30: 23 2c 01 01  	sw	a6, 0x18(sp)
80000f34: ef 20 c0 6f  	jal	0x80003630 <__gtdf2>
80000f38: 03 28 81 01  	lw	a6, 0x18(sp)
80000f3c: 83 27 01 02  	lw	a5, 0x20(sp)
80000f40: 63 40 05 2a  	bltz	a0, 0x800011e0 <_etoa+0x66c>
80000f44: 17 67 00 00  	auipc	a4, 0x6
80000f48: 13 07 47 14  	addi	a4, a4, 0x144
80000f4c: 03 26 07 00  	lw	a2, 0x0(a4)
80000f50: 83 26 47 00  	lw	a3, 0x4(a4)
80000f54: 13 05 04 00  	mv	a0, s0
80000f58: 93 85 0a 00  	mv	a1, s5
80000f5c: ef 20 c0 5d  	jal	0x80003538 <__nedf2>
80000f60: 03 28 81 01  	lw	a6, 0x18(sp)
80000f64: 83 27 01 02  	lw	a5, 0x20(sp)
80000f68: 63 5c 05 26  	bgez	a0, 0x800011e0 <_etoa+0x66c>
80000f6c: 13 08 00 00  	li	a6, 0x0
80000f70: 63 d6 3b 01  	bge	s7, s3, 0x80000f7c <_etoa+0x408>
80000f74: 33 88 79 41  	sub	a6, s3, s7
80000f78: 13 08 f8 ff  	addi	a6, a6, -0x1
80000f7c: 13 05 04 00  	mv	a0, s0
80000f80: 93 85 04 00  	mv	a1, s1
80000f84: 13 06 00 00  	li	a2, 0x0
80000f88: 93 06 00 00  	li	a3, 0x0
80000f8c: 23 2c 01 01  	sw	a6, 0x18(sp)
80000f90: ef 20 80 5a  	jal	0x80003538 <__nedf2>
80000f94: 03 28 81 01  	lw	a6, 0x18(sp)
80000f98: 63 48 05 2a  	bltz	a0, 0x80001248 <_etoa+0x6d4>
80000f9c: 37 f3 ff ff  	lui	t1, 0xfffff
80000fa0: 13 03 f3 7f  	addi	t1, t1, 0x7ff
80000fa4: 33 73 6a 00  	and	t1, s4, t1
80000fa8: 13 07 04 00  	mv	a4, s0
80000fac: 93 87 0a 00  	mv	a5, s5
80000fb0: 13 63 03 40  	ori	t1, t1, 0x400
80000fb4: 83 26 41 01  	lw	a3, 0x14(sp)
80000fb8: 83 25 01 01  	lw	a1, 0x10(sp)
80000fbc: 83 2a 41 07  	lw	s5, 0x74(sp)
80000fc0: 83 2b c1 06  	lw	s7, 0x6c(sp)
80000fc4: 83 2c 41 06  	lw	s9, 0x64(sp)
80000fc8: 03 2d 01 06  	lw	s10, 0x60(sp)
80000fcc: 83 2d c1 05  	lw	s11, 0x5c(sp)
80000fd0: 93 08 0b 00  	mv	a7, s6
80000fd4: 13 06 0c 00  	mv	a2, s8
80000fd8: 13 05 09 00  	mv	a0, s2
80000fdc: 23 28 61 08  	sw	t1, 0x90(sp)
80000fe0: 6f 00 80 02  	j	0x80001008 <_etoa+0x494>
80000fe4: 83 26 41 01  	lw	a3, 0x14(sp)
80000fe8: 83 25 01 01  	lw	a1, 0x10(sp)
80000fec: 13 07 04 00  	mv	a4, s0
80000ff0: 93 87 04 00  	mv	a5, s1
80000ff4: 23 28 41 09  	sw	s4, 0x90(sp)
80000ff8: 93 08 0b 00  	mv	a7, s6
80000ffc: 13 88 09 00  	mv	a6, s3
80001000: 13 06 0c 00  	mv	a2, s8
80001004: 13 05 09 00  	mv	a0, s2
80001008: 03 24 81 08  	lw	s0, 0x88(sp)
8000100c: 83 20 c1 08  	lw	ra, 0x8c(sp)
80001010: 83 24 41 08  	lw	s1, 0x84(sp)
80001014: 03 29 01 08  	lw	s2, 0x80(sp)
80001018: 83 29 c1 07  	lw	s3, 0x7c(sp)
8000101c: 03 2a 81 07  	lw	s4, 0x78(sp)
80001020: 03 2b 01 07  	lw	s6, 0x70(sp)
80001024: 03 2c 81 06  	lw	s8, 0x68(sp)
80001028: 13 01 01 09  	addi	sp, sp, 0x90
8000102c: 6f 00 40 25  	j	0x80001280 <_ftoa>
80001030: 63 76 67 01  	bgeu	a4, s6, 0x8000103c <_etoa+0x4c8>
80001034: 63 8a 06 1e  	beqz	a3, 0x80001228 <_etoa+0x6b4>
80001038: 13 0d 20 00  	li	s10, 0x2
8000103c: 63 84 0b 02  	beqz	s7, 0x80001064 <_etoa+0x4f0>
80001040: 93 85 0a 00  	mv	a1, s5
80001044: 13 06 08 00  	mv	a2, a6
80001048: 93 86 07 00  	mv	a3, a5
8000104c: 13 05 04 00  	mv	a0, s0
80001050: 23 2c 11 01  	sw	a7, 0x18(sp)
80001054: ef 20 40 6d  	jal	0x80003728 <__divdf3>
80001058: 83 28 81 01  	lw	a7, 0x18(sp)
8000105c: 23 24 a1 02  	sw	a0, 0x28(sp)
80001060: 93 8a 05 00  	mv	s5, a1
80001064: 13 05 04 00  	mv	a0, s0
80001068: 93 85 04 00  	mv	a1, s1
8000106c: 13 06 00 00  	li	a2, 0x0
80001070: 93 06 00 00  	li	a3, 0x0
80001074: 23 2c 11 01  	sw	a7, 0x18(sp)
80001078: ef 20 00 4c  	jal	0x80003538 <__nedf2>
8000107c: 83 28 81 01  	lw	a7, 0x18(sp)
80001080: 63 44 05 1e  	bltz	a0, 0x80001268 <_etoa+0x6f4>
80001084: 03 27 81 02  	lw	a4, 0x28(sp)
80001088: 93 87 0a 00  	mv	a5, s5
8000108c: b7 f6 ff ff  	lui	a3, 0xfffff
80001090: 93 86 f6 7f  	addi	a3, a3, 0x7ff
80001094: b3 76 da 00  	and	a3, s4, a3
80001098: 83 25 01 01  	lw	a1, 0x10(sp)
8000109c: 23 20 d1 00  	sw	a3, 0x0(sp)
800010a0: 83 26 41 01  	lw	a3, 0x14(sp)
800010a4: 13 88 09 00  	mv	a6, s3
800010a8: 13 06 0c 00  	mv	a2, s8
800010ac: 13 05 09 00  	mv	a0, s2
800010b0: ef 00 00 1d  	jal	0x80001280 <_ftoa>
800010b4: 13 06 05 00  	mv	a2, a0
800010b8: 83 26 41 01  	lw	a3, 0x14(sp)
800010bc: 83 25 01 01  	lw	a1, 0x10(sp)
800010c0: 13 45 fa ff  	not	a0, s4
800010c4: 13 75 05 02  	andi	a0, a0, 0x20
800010c8: 13 05 55 04  	addi	a0, a0, 0x45
800010cc: 13 04 16 00  	addi	s0, a2, 0x1
800010d0: e7 00 09 00  	jalr	s2
800010d4: 93 d7 fb 41  	srai	a5, s7, 0x1f
800010d8: b3 c6 77 01  	xor	a3, a5, s7
800010dc: 37 de cc cc  	lui	t3, 0xccccd
800010e0: b3 86 f6 40  	sub	a3, a3, a5
800010e4: 93 8e fc ff  	addi	t4, s9, -0x1
800010e8: 13 d8 fb 01  	srli	a6, s7, 0x1f
800010ec: 13 07 01 03  	addi	a4, sp, 0x30
800010f0: 13 0e de cc  	addi	t3, t3, -0x333
800010f4: 93 07 00 00  	li	a5, 0x0
800010f8: 33 b6 c6 03  	mulhu	a2, a3, t3
800010fc: 93 87 17 00  	addi	a5, a5, 0x1
80001100: 13 b5 a6 00  	sltiu	a0, a3, 0xa
80001104: b3 08 f7 00  	add	a7, a4, a5
80001108: 13 83 07 fe  	addi	t1, a5, -0x20
8000110c: 13 56 36 00  	srli	a2, a2, 0x3
80001110: 93 15 26 00  	slli	a1, a2, 0x2
80001114: b3 85 c5 00  	add	a1, a1, a2
80001118: 93 95 15 00  	slli	a1, a1, 0x1
8000111c: b3 86 b6 40  	sub	a3, a3, a1
80001120: 93 86 06 03  	addi	a3, a3, 0x30
80001124: a3 8f d8 fe  	sb	a3, -0x1(a7)
80001128: 93 06 06 00  	mv	a3, a2
8000112c: 63 14 05 00  	bnez	a0, 0x80001134 <_etoa+0x5c0>
80001130: e3 14 03 fc  	bnez	t1, 0x800010f8 <_etoa+0x584>
80001134: 93 06 50 00  	li	a3, 0x5
80001138: 23 24 d1 00  	sw	a3, 0x8(sp)
8000113c: 83 25 01 01  	lw	a1, 0x10(sp)
80001140: 83 26 41 01  	lw	a3, 0x14(sp)
80001144: 23 22 d1 01  	sw	t4, 0x4(sp)
80001148: 23 20 01 00  	sw	zero, 0x0(sp)
8000114c: 13 06 04 00  	mv	a2, s0
80001150: 93 08 a0 00  	li	a7, 0xa
80001154: 13 05 09 00  	mv	a0, s2
80001158: ef f0 4f f8  	jal	0x800008dc <_ntoa_format>
8000115c: 93 04 05 00  	mv	s1, a0
80001160: 63 00 0d 04  	beqz	s10, 0x800011a0 <_etoa+0x62c>
80001164: 33 04 85 41  	sub	s0, a0, s8
80001168: 63 7c 64 03  	bgeu	s0, s6, 0x800011a0 <_etoa+0x62c>
8000116c: 83 26 41 01  	lw	a3, 0x14(sp)
80001170: 83 25 01 01  	lw	a1, 0x10(sp)
80001174: 33 06 8c 00  	add	a2, s8, s0
80001178: 13 05 00 02  	li	a0, 0x20
8000117c: 13 04 14 00  	addi	s0, s0, 0x1
80001180: e7 00 09 00  	jalr	s2
80001184: e3 64 64 ff  	bltu	s0, s6, 0x8000116c <_etoa+0x5f8>
80001188: 33 87 84 41  	sub	a4, s1, s8
8000118c: 13 07 17 00  	addi	a4, a4, 0x1
80001190: 93 07 00 00  	li	a5, 0x0
80001194: 63 7e eb 08  	bgeu	s6, a4, 0x80001230 <_etoa+0x6bc>
80001198: 93 84 14 00  	addi	s1, s1, 0x1
8000119c: b3 84 97 00  	add	s1, a5, s1
800011a0: 83 20 c1 08  	lw	ra, 0x8c(sp)
800011a4: 03 24 81 08  	lw	s0, 0x88(sp)
800011a8: 83 2a 41 07  	lw	s5, 0x74(sp)
800011ac: 83 2b c1 06  	lw	s7, 0x6c(sp)
800011b0: 83 2c 41 06  	lw	s9, 0x64(sp)
800011b4: 03 2d 01 06  	lw	s10, 0x60(sp)
800011b8: 83 2d c1 05  	lw	s11, 0x5c(sp)
800011bc: 03 29 01 08  	lw	s2, 0x80(sp)
800011c0: 83 29 c1 07  	lw	s3, 0x7c(sp)
800011c4: 03 2a 81 07  	lw	s4, 0x78(sp)
800011c8: 03 2b 01 07  	lw	s6, 0x70(sp)
800011cc: 03 2c 81 06  	lw	s8, 0x68(sp)
800011d0: 13 85 04 00  	mv	a0, s1
800011d4: 83 24 41 08  	lw	s1, 0x84(sp)
800011d8: 13 01 01 09  	addi	sp, sp, 0x90
800011dc: 67 80 00 00  	ret
800011e0: 63 82 09 02  	beqz	s3, 0x80001204 <_etoa+0x690>
800011e4: 03 27 c1 02  	lw	a4, 0x2c(sp)
800011e8: 63 0e 07 00  	beqz	a4, 0x80001204 <_etoa+0x690>
800011ec: 93 89 f9 ff  	addi	s3, s3, -0x1
800011f0: 63 f6 6c 01  	bgeu	s9, s6, 0x800011fc <_etoa+0x688>
800011f4: 63 06 0d 04  	beqz	s10, 0x80001240 <_etoa+0x6cc>
800011f8: 13 0d 20 00  	li	s10, 0x2
800011fc: 93 08 00 00  	li	a7, 0x0
80001200: 6f f0 df e3  	j	0x8000103c <_etoa+0x4c8>
80001204: e3 fc 6c ff  	bgeu	s9, s6, 0x800011fc <_etoa+0x688>
80001208: 63 0c 0d 02  	beqz	s10, 0x80001240 <_etoa+0x6cc>
8000120c: 93 08 00 00  	li	a7, 0x0
80001210: 13 0d 20 00  	li	s10, 0x2
80001214: 6f f0 9f e2  	j	0x8000103c <_etoa+0x4c8>
80001218: b7 0a 00 80  	lui	s5, 0x80000
8000121c: b3 ca 54 01  	xor	s5, s1, s5
80001220: 23 24 81 02  	sw	s0, 0x28(sp)
80001224: 6f f0 5f a2  	j	0x80000c48 <_etoa+0xd4>
80001228: b3 08 eb 40  	sub	a7, s6, a4
8000122c: 6f f0 1f e1  	j	0x8000103c <_etoa+0x4c8>
80001230: 93 07 fc ff  	addi	a5, s8, -0x1
80001234: b3 87 67 01  	add	a5, a5, s6
80001238: b3 87 97 40  	sub	a5, a5, s1
8000123c: 6f f0 df f5  	j	0x80001198 <_etoa+0x624>
80001240: b3 08 9b 41  	sub	a7, s6, s9
80001244: 6f f0 9f df  	j	0x8000103c <_etoa+0x4c8>
80001248: b7 f6 ff ff  	lui	a3, 0xfffff
8000124c: 93 86 f6 7f  	addi	a3, a3, 0x7ff
80001250: 37 06 00 80  	lui	a2, 0x80000
80001254: b3 76 da 00  	and	a3, s4, a3
80001258: 13 07 04 00  	mv	a4, s0
8000125c: b3 c7 ca 00  	xor	a5, s5, a2
80001260: 13 e3 06 40  	ori	t1, a3, 0x400
80001264: 6f f0 1f d5  	j	0x80000fb4 <_etoa+0x440>
80001268: 03 25 81 02  	lw	a0, 0x28(sp)
8000126c: b7 07 00 80  	lui	a5, 0x80000
80001270: b3 ca fa 00  	xor	s5, s5, a5
80001274: 13 07 05 00  	mv	a4, a0
80001278: 93 87 0a 00  	mv	a5, s5
8000127c: 6f f0 1f e1  	j	0x8000108c <_etoa+0x518>

80001280 <_ftoa>:
80001280: 13 01 01 f8  	addi	sp, sp, -0x80
80001284: 23 2c 81 06  	sw	s0, 0x78(sp)
80001288: 23 26 31 07  	sw	s3, 0x6c(sp)
8000128c: 23 24 41 07  	sw	s4, 0x68(sp)
80001290: 23 2e 71 05  	sw	s7, 0x5c(sp)
80001294: 13 04 05 00  	mv	s0, a0
80001298: 93 89 05 00  	mv	s3, a1
8000129c: 93 0b 06 00  	mv	s7, a2
800012a0: 13 8a 06 00  	mv	s4, a3
800012a4: 13 05 07 00  	mv	a0, a4
800012a8: 93 85 07 00  	mv	a1, a5
800012ac: 13 06 07 00  	mv	a2, a4
800012b0: 93 86 07 00  	mv	a3, a5
800012b4: 23 2a 91 06  	sw	s1, 0x74(sp)
800012b8: 23 28 21 07  	sw	s2, 0x70(sp)
800012bc: 23 22 51 07  	sw	s5, 0x64(sp)
800012c0: 23 20 61 07  	sw	s6, 0x60(sp)
800012c4: 23 2c 81 05  	sw	s8, 0x58(sp)
800012c8: 23 2e 11 06  	sw	ra, 0x7c(sp)
800012cc: 03 2b 01 08  	lw	s6, 0x80(sp)
800012d0: 13 09 07 00  	mv	s2, a4
800012d4: 93 84 07 00  	mv	s1, a5
800012d8: 13 0c 08 00  	mv	s8, a6
800012dc: 93 8a 08 00  	mv	s5, a7
800012e0: ef 20 80 25  	jal	0x80003538 <__nedf2>
800012e4: 63 1a 05 24  	bnez	a0, 0x80001538 <_ftoa+0x2b8>
800012e8: 97 67 00 00  	auipc	a5, 0x6
800012ec: 93 87 87 d4  	addi	a5, a5, -0x2b8
800012f0: 03 a6 07 00  	lw	a2, 0x0(a5)
800012f4: 83 a6 47 00  	lw	a3, 0x4(a5)
800012f8: 13 05 09 00  	mv	a0, s2
800012fc: 93 85 04 00  	mv	a1, s1
80001300: ef 20 80 23  	jal	0x80003538 <__nedf2>
80001304: 63 48 05 3e  	bltz	a0, 0x800016f4 <_ftoa+0x474>
80001308: 97 67 00 00  	auipc	a5, 0x6
8000130c: 93 87 07 d2  	addi	a5, a5, -0x2e0
80001310: 03 a6 07 00  	lw	a2, 0x0(a5)
80001314: 83 a6 47 00  	lw	a3, 0x4(a5)
80001318: 13 05 09 00  	mv	a0, s2
8000131c: 93 85 04 00  	mv	a1, s1
80001320: ef 20 00 31  	jal	0x80003630 <__gtdf2>
80001324: 63 4c a0 1a  	bgtz	a0, 0x800014dc <_ftoa+0x25c>
80001328: 97 67 00 00  	auipc	a5, 0x6
8000132c: 93 87 87 ce  	addi	a5, a5, -0x318
80001330: 03 a6 07 00  	lw	a2, 0x0(a5)
80001334: 83 a6 47 00  	lw	a3, 0x4(a5)
80001338: 13 05 09 00  	mv	a0, s2
8000133c: 93 85 04 00  	mv	a1, s1
80001340: ef 20 00 2f  	jal	0x80003630 <__gtdf2>
80001344: 63 4e a0 34  	bgtz	a0, 0x800016a0 <_ftoa+0x420>
80001348: 97 67 00 00  	auipc	a5, 0x6
8000134c: 93 87 07 cf  	addi	a5, a5, -0x310
80001350: 03 a6 07 00  	lw	a2, 0x0(a5)
80001354: 83 a6 47 00  	lw	a3, 0x4(a5)
80001358: 13 05 09 00  	mv	a0, s2
8000135c: 93 85 04 00  	mv	a1, s1
80001360: ef 20 80 1d  	jal	0x80003538 <__nedf2>
80001364: 63 4e 05 32  	bltz	a0, 0x800016a0 <_ftoa+0x420>
80001368: 13 05 09 00  	mv	a0, s2
8000136c: 93 85 04 00  	mv	a1, s1
80001370: 13 06 00 00  	li	a2, 0x0
80001374: 93 06 00 00  	li	a3, 0x0
80001378: 23 26 b1 05  	sw	s11, 0x4c(sp)
8000137c: 23 2a 91 05  	sw	s9, 0x54(sp)
80001380: 23 28 a1 05  	sw	s10, 0x50(sp)
80001384: ef 20 40 1b  	jal	0x80003538 <__nedf2>
80001388: 93 0d 00 00  	li	s11, 0x0
8000138c: 63 4e 05 2a  	bltz	a0, 0x80001648 <_ftoa+0x3c8>
80001390: 93 77 0b 40  	andi	a5, s6, 0x400
80001394: 63 9a 07 24  	bnez	a5, 0x800015e8 <_ftoa+0x368>
80001398: 17 67 00 00  	auipc	a4, 0x6
8000139c: 13 07 07 cf  	addi	a4, a4, -0x310
800013a0: 83 26 07 00  	lw	a3, 0x0(a4)
800013a4: 03 27 47 00  	lw	a4, 0x4(a4)
800013a8: 13 0c 60 00  	li	s8, 0x6
800013ac: 93 8c 06 00  	mv	s9, a3
800013b0: 13 0d 07 00  	mv	s10, a4
800013b4: 13 07 01 02  	addi	a4, sp, 0x20
800013b8: 93 85 04 00  	mv	a1, s1
800013bc: 13 05 09 00  	mv	a0, s2
800013c0: 23 2e e1 00  	sw	a4, 0x1c(sp)
800013c4: 23 2c f1 00  	sw	a5, 0x18(sp)
800013c8: ef 20 d0 55  	jal	0x80004124 <__fixdfsi>
800013cc: 23 2a a1 00  	sw	a0, 0x14(sp)
800013d0: ef 20 90 6c  	jal	0x80004298 <__floatsidf>
800013d4: 13 06 05 00  	mv	a2, a0
800013d8: 93 86 05 00  	mv	a3, a1
800013dc: 13 05 09 00  	mv	a0, s2
800013e0: 93 85 04 00  	mv	a1, s1
800013e4: ef 30 10 19  	jal	0x80004d74 <__subdf3>
800013e8: 13 86 0c 00  	mv	a2, s9
800013ec: 93 06 0d 00  	mv	a3, s10
800013f0: ef 30 80 09  	jal	0x80004488 <__muldf3>
800013f4: 23 26 b1 00  	sw	a1, 0xc(sp)
800013f8: 23 24 a1 00  	sw	a0, 0x8(sp)
800013fc: ef 20 d0 5f  	jal	0x800041f8 <__fixunsdfsi>
80001400: 23 28 a1 00  	sw	a0, 0x10(sp)
80001404: ef 20 90 79  	jal	0x8000439c <__floatunsidf>
80001408: 13 06 05 00  	mv	a2, a0
8000140c: 93 86 05 00  	mv	a3, a1
80001410: 03 25 81 00  	lw	a0, 0x8(sp)
80001414: 83 25 c1 00  	lw	a1, 0xc(sp)
80001418: ef 30 d0 15  	jal	0x80004d74 <__subdf3>
8000141c: 97 67 00 00  	auipc	a5, 0x6
80001420: 93 87 47 c4  	addi	a5, a5, -0x3bc
80001424: 03 a6 07 00  	lw	a2, 0x0(a5)
80001428: 83 a6 47 00  	lw	a3, 0x4(a5)
8000142c: 23 24 a1 00  	sw	a0, 0x8(sp)
80001430: 23 26 b1 00  	sw	a1, 0xc(sp)
80001434: ef 20 c0 1f  	jal	0x80003630 <__gtdf2>
80001438: 83 28 01 01  	lw	a7, 0x10(sp)
8000143c: 03 28 41 01  	lw	a6, 0x14(sp)
80001440: 83 27 81 01  	lw	a5, 0x18(sp)
80001444: 03 27 c1 01  	lw	a4, 0x1c(sp)
80001448: 63 5e a0 3e  	blez	a0, 0x80001844 <_ftoa+0x5c4>
8000144c: 93 88 18 00  	addi	a7, a7, 0x1
80001450: 13 85 08 00  	mv	a0, a7
80001454: 23 2c e1 00  	sw	a4, 0x18(sp)
80001458: 23 28 f1 00  	sw	a5, 0x10(sp)
8000145c: 23 24 11 01  	sw	a7, 0x8(sp)
80001460: ef 20 d0 73  	jal	0x8000439c <__floatunsidf>
80001464: 13 86 0c 00  	mv	a2, s9
80001468: 93 06 0d 00  	mv	a3, s10
8000146c: ef 20 40 1c  	jal	0x80003630 <__gtdf2>
80001470: 83 28 81 00  	lw	a7, 0x8(sp)
80001474: 83 27 01 01  	lw	a5, 0x10(sp)
80001478: 03 28 41 01  	lw	a6, 0x14(sp)
8000147c: 03 27 81 01  	lw	a4, 0x18(sp)
80001480: 63 46 05 00  	bltz	a0, 0x8000148c <_ftoa+0x20c>
80001484: 13 08 18 00  	addi	a6, a6, 0x1
80001488: 93 08 00 00  	li	a7, 0x0
8000148c: 63 00 0c 2e  	beqz	s8, 0x8000176c <_ftoa+0x4ec>
80001490: 37 d5 cc cc  	lui	a0, 0xccccd
80001494: 13 05 d5 cc  	addi	a0, a0, -0x333
80001498: 13 03 00 02  	li	t1, 0x20
8000149c: 13 0e 90 00  	li	t3, 0x9
800014a0: 63 88 67 46  	beq	a5, t1, 0x80001910 <_ftoa+0x690>
800014a4: 33 b6 a8 02  	mulhu	a2, a7, a0
800014a8: 93 87 17 00  	addi	a5, a5, 0x1
800014ac: b3 05 f7 00  	add	a1, a4, a5
800014b0: 13 0c fc ff  	addi	s8, s8, -0x1
800014b4: 13 56 36 00  	srli	a2, a2, 0x3
800014b8: 93 16 26 00  	slli	a3, a2, 0x2
800014bc: b3 86 c6 00  	add	a3, a3, a2
800014c0: 93 96 16 00  	slli	a3, a3, 0x1
800014c4: b3 86 d8 40  	sub	a3, a7, a3
800014c8: 93 86 06 03  	addi	a3, a3, 0x30
800014cc: a3 8f d5 fe  	sb	a3, -0x1(a1)
800014d0: 63 7e 1e 41  	bgeu	t3, a7, 0x800018ec <_ftoa+0x66c>
800014d4: 93 08 06 00  	mv	a7, a2
800014d8: 6f f0 9f fc  	j	0x800014a0 <_ftoa+0x220>
800014dc: 93 77 4b 00  	andi	a5, s6, 0x4
800014e0: 63 8c 07 14  	beqz	a5, 0x80001638 <_ftoa+0x3b8>
800014e4: 17 57 00 00  	auipc	a4, 0x5
800014e8: 13 07 47 91  	addi	a4, a4, -0x6ec
800014ec: 93 07 40 00  	li	a5, 0x4
800014f0: 13 05 04 00  	mv	a0, s0
800014f4: 03 24 81 07  	lw	s0, 0x78(sp)
800014f8: 83 20 c1 07  	lw	ra, 0x7c(sp)
800014fc: 83 24 41 07  	lw	s1, 0x74(sp)
80001500: 03 29 01 07  	lw	s2, 0x70(sp)
80001504: 03 2c 81 05  	lw	s8, 0x58(sp)
80001508: 93 08 0b 00  	mv	a7, s6
8000150c: 13 88 0a 00  	mv	a6, s5
80001510: 03 2b 01 06  	lw	s6, 0x60(sp)
80001514: 83 2a 41 06  	lw	s5, 0x64(sp)
80001518: 93 06 0a 00  	mv	a3, s4
8000151c: 13 86 0b 00  	mv	a2, s7
80001520: 03 2a 81 06  	lw	s4, 0x68(sp)
80001524: 83 2b c1 05  	lw	s7, 0x5c(sp)
80001528: 93 85 09 00  	mv	a1, s3
8000152c: 83 29 c1 06  	lw	s3, 0x6c(sp)
80001530: 13 01 01 08  	addi	sp, sp, 0x80
80001534: 6f f0 8f a6  	j	0x8000079c <_out_rev>
80001538: 23 2a 91 05  	sw	s9, 0x54(sp)
8000153c: 93 77 3b 00  	andi	a5, s6, 0x3
80001540: 93 7c 2b 00  	andi	s9, s6, 0x2
80001544: 93 84 0b 00  	mv	s1, s7
80001548: 63 82 07 12  	beqz	a5, 0x8000166c <_ftoa+0x3ec>
8000154c: 17 59 00 00  	auipc	s2, 0x5
80001550: 13 09 89 8e  	addi	s2, s2, -0x718
80001554: 17 5b 00 00  	auipc	s6, 0x5
80001558: 13 0b db 8d  	addi	s6, s6, -0x723
8000155c: 13 8c 04 00  	mv	s8, s1
80001560: 03 45 29 00  	lbu	a0, 0x2(s2)
80001564: 13 06 0c 00  	mv	a2, s8
80001568: 93 06 0a 00  	mv	a3, s4
8000156c: 93 85 09 00  	mv	a1, s3
80001570: 13 09 f9 ff  	addi	s2, s2, -0x1
80001574: 13 0c 1c 00  	addi	s8, s8, 0x1
80001578: e7 00 04 00  	jalr	s0
8000157c: e3 12 2b ff  	bne	s6, s2, 0x80001560 <_ftoa+0x2e0>
80001580: 93 84 34 00  	addi	s1, s1, 0x3
80001584: 63 86 0c 02  	beqz	s9, 0x800015b0 <_ftoa+0x330>
80001588: b3 87 74 41  	sub	a5, s1, s7
8000158c: 63 f2 57 03  	bgeu	a5, s5, 0x800015b0 <_ftoa+0x330>
80001590: 13 86 04 00  	mv	a2, s1
80001594: 93 06 0a 00  	mv	a3, s4
80001598: 93 85 09 00  	mv	a1, s3
8000159c: 13 05 00 02  	li	a0, 0x20
800015a0: 93 84 14 00  	addi	s1, s1, 0x1
800015a4: e7 00 04 00  	jalr	s0
800015a8: b3 87 74 41  	sub	a5, s1, s7
800015ac: e3 e2 57 ff  	bltu	a5, s5, 0x80001590 <_ftoa+0x310>
800015b0: 83 20 c1 07  	lw	ra, 0x7c(sp)
800015b4: 03 24 81 07  	lw	s0, 0x78(sp)
800015b8: 83 2c 41 05  	lw	s9, 0x54(sp)
800015bc: 03 29 01 07  	lw	s2, 0x70(sp)
800015c0: 83 29 c1 06  	lw	s3, 0x6c(sp)
800015c4: 03 2a 81 06  	lw	s4, 0x68(sp)
800015c8: 83 2a 41 06  	lw	s5, 0x64(sp)
800015cc: 03 2b 01 06  	lw	s6, 0x60(sp)
800015d0: 83 2b c1 05  	lw	s7, 0x5c(sp)
800015d4: 03 2c 81 05  	lw	s8, 0x58(sp)
800015d8: 13 85 04 00  	mv	a0, s1
800015dc: 83 24 41 07  	lw	s1, 0x74(sp)
800015e0: 13 01 01 08  	addi	sp, sp, 0x80
800015e4: 67 80 00 00  	ret
800015e8: 93 06 90 00  	li	a3, 0x9
800015ec: 93 07 00 00  	li	a5, 0x0
800015f0: 13 07 01 02  	addi	a4, sp, 0x20
800015f4: 93 05 00 03  	li	a1, 0x30
800015f8: 63 f0 86 3f  	bgeu	a3, s8, 0x800019d8 <_ftoa+0x758>
800015fc: 93 87 17 00  	addi	a5, a5, 0x1
80001600: b3 06 f7 00  	add	a3, a4, a5
80001604: a3 8f b6 fe  	sb	a1, -0x1(a3)
80001608: 13 0c fc ff  	addi	s8, s8, -0x1
8000160c: 93 86 07 fe  	addi	a3, a5, -0x20
80001610: 13 06 7c ff  	addi	a2, s8, -0x9
80001614: 63 84 06 00  	beqz	a3, 0x8000161c <_ftoa+0x39c>
80001618: e3 12 06 fe  	bnez	a2, 0x800015fc <_ftoa+0x37c>
8000161c: 97 66 00 00  	auipc	a3, 0x6
80001620: 93 86 46 9f  	addi	a3, a3, -0x60c
80001624: 03 a6 06 00  	lw	a2, 0x0(a3)
80001628: 83 a6 46 00  	lw	a3, 0x4(a3)
8000162c: 93 0c 06 00  	mv	s9, a2
80001630: 13 8d 06 00  	mv	s10, a3
80001634: 6f f0 5f d8  	j	0x800013b8 <_ftoa+0x138>
80001638: 17 47 00 00  	auipc	a4, 0x4
8000163c: 13 07 87 7f  	addi	a4, a4, 0x7f8
80001640: 93 07 30 00  	li	a5, 0x3
80001644: 6f f0 df ea  	j	0x800014f0 <_ftoa+0x270>
80001648: 13 06 09 00  	mv	a2, s2
8000164c: 93 86 04 00  	mv	a3, s1
80001650: 13 05 00 00  	li	a0, 0x0
80001654: 93 05 00 00  	li	a1, 0x0
80001658: ef 30 c0 71  	jal	0x80004d74 <__subdf3>
8000165c: 13 09 05 00  	mv	s2, a0
80001660: 93 84 05 00  	mv	s1, a1
80001664: 93 0d 10 00  	li	s11, 0x1
80001668: 6f f0 9f d2  	j	0x80001390 <_ftoa+0x110>
8000166c: 93 07 30 00  	li	a5, 0x3
80001670: e3 fe 57 ed  	bgeu	a5, s5, 0x8000154c <_ftoa+0x2cc>
80001674: 93 84 db ff  	addi	s1, s7, -0x3
80001678: b3 84 54 01  	add	s1, s1, s5
8000167c: 13 89 0b 00  	mv	s2, s7
80001680: 13 06 09 00  	mv	a2, s2
80001684: 93 06 0a 00  	mv	a3, s4
80001688: 13 09 19 00  	addi	s2, s2, 0x1
8000168c: 93 85 09 00  	mv	a1, s3
80001690: 13 05 00 02  	li	a0, 0x20
80001694: e7 00 04 00  	jalr	s0
80001698: e3 14 99 fe  	bne	s2, s1, 0x80001680 <_ftoa+0x400>
8000169c: 6f f0 1f eb  	j	0x8000154c <_ftoa+0x2cc>
800016a0: 13 05 04 00  	mv	a0, s0
800016a4: 03 24 81 07  	lw	s0, 0x78(sp)
800016a8: 23 20 61 09  	sw	s6, 0x80(sp)
800016ac: 83 20 c1 07  	lw	ra, 0x7c(sp)
800016b0: 03 2b 01 06  	lw	s6, 0x60(sp)
800016b4: 13 07 09 00  	mv	a4, s2
800016b8: 93 87 04 00  	mv	a5, s1
800016bc: 03 29 01 07  	lw	s2, 0x70(sp)
800016c0: 83 24 41 07  	lw	s1, 0x74(sp)
800016c4: 93 88 0a 00  	mv	a7, s5
800016c8: 13 08 0c 00  	mv	a6, s8
800016cc: 83 2a 41 06  	lw	s5, 0x64(sp)
800016d0: 03 2c 81 05  	lw	s8, 0x58(sp)
800016d4: 93 06 0a 00  	mv	a3, s4
800016d8: 13 86 0b 00  	mv	a2, s7
800016dc: 03 2a 81 06  	lw	s4, 0x68(sp)
800016e0: 83 2b c1 05  	lw	s7, 0x5c(sp)
800016e4: 93 85 09 00  	mv	a1, s3
800016e8: 83 29 c1 06  	lw	s3, 0x6c(sp)
800016ec: 13 01 01 08  	addi	sp, sp, 0x80
800016f0: 6f f0 4f c8  	j	0x80000b74 <_etoa>
800016f4: 23 2a 91 05  	sw	s9, 0x54(sp)
800016f8: 93 77 3b 00  	andi	a5, s6, 0x3
800016fc: 93 7c 2b 00  	andi	s9, s6, 0x2
80001700: 93 84 0b 00  	mv	s1, s7
80001704: 63 8c 07 22  	beqz	a5, 0x8000193c <_ftoa+0x6bc>
80001708: 17 49 00 00  	auipc	s2, 0x4
8000170c: 13 09 89 6e  	addi	s2, s2, 0x6e8
80001710: 33 0b 99 00  	add	s6, s2, s1
80001714: 17 4c 00 00  	auipc	s8, 0x4
80001718: 13 0c 8c 6d  	addi	s8, s8, 0x6d8
8000171c: 03 45 39 00  	lbu	a0, 0x3(s2)
80001720: 33 06 2b 41  	sub	a2, s6, s2
80001724: 93 06 0a 00  	mv	a3, s4
80001728: 93 85 09 00  	mv	a1, s3
8000172c: 13 09 f9 ff  	addi	s2, s2, -0x1
80001730: e7 00 04 00  	jalr	s0
80001734: e3 14 89 ff  	bne	s2, s8, 0x8000171c <_ftoa+0x49c>
80001738: 93 84 44 00  	addi	s1, s1, 0x4
8000173c: e3 8a 0c e6  	beqz	s9, 0x800015b0 <_ftoa+0x330>
80001740: b3 87 74 41  	sub	a5, s1, s7
80001744: e3 f6 57 e7  	bgeu	a5, s5, 0x800015b0 <_ftoa+0x330>
80001748: 13 86 04 00  	mv	a2, s1
8000174c: 93 06 0a 00  	mv	a3, s4
80001750: 93 85 09 00  	mv	a1, s3
80001754: 13 05 00 02  	li	a0, 0x20
80001758: 93 84 14 00  	addi	s1, s1, 0x1
8000175c: e7 00 04 00  	jalr	s0
80001760: b3 87 74 41  	sub	a5, s1, s7
80001764: e3 e2 57 ff  	bltu	a5, s5, 0x80001748 <_ftoa+0x4c8>
80001768: 6f f0 9f e4  	j	0x800015b0 <_ftoa+0x330>
8000176c: 13 05 08 00  	mv	a0, a6
80001770: 23 2a e1 00  	sw	a4, 0x14(sp)
80001774: 23 24 01 01  	sw	a6, 0x8(sp)
80001778: 23 28 f1 00  	sw	a5, 0x10(sp)
8000177c: ef 20 d0 31  	jal	0x80004298 <__floatsidf>
80001780: 13 06 05 00  	mv	a2, a0
80001784: 93 86 05 00  	mv	a3, a1
80001788: 13 05 09 00  	mv	a0, s2
8000178c: 93 85 04 00  	mv	a1, s1
80001790: ef 30 40 5e  	jal	0x80004d74 <__subdf3>
80001794: 97 67 00 00  	auipc	a5, 0x6
80001798: 93 87 c7 8c  	addi	a5, a5, -0x734
8000179c: 03 a6 07 00  	lw	a2, 0x0(a5)
800017a0: 83 a6 47 00  	lw	a3, 0x4(a5)
800017a4: ef 10 50 59  	jal	0x80003538 <__nedf2>
800017a8: 03 28 81 00  	lw	a6, 0x8(sp)
800017ac: 83 27 01 01  	lw	a5, 0x10(sp)
800017b0: 03 27 41 01  	lw	a4, 0x14(sp)
800017b4: 63 46 05 00  	bltz	a0, 0x800017c0 <_ftoa+0x540>
800017b8: 13 08 18 00  	addi	a6, a6, 0x1
800017bc: 13 78 e8 ff  	andi	a6, a6, -0x2
800017c0: 37 65 66 66  	lui	a0, 0x66666
800017c4: 13 05 75 66  	addi	a0, a0, 0x667
800017c8: 93 08 00 02  	li	a7, 0x20
800017cc: 6f 00 80 03  	j	0x80001804 <_ftoa+0x584>
800017d0: 33 16 a8 02  	mulh	a2, a6, a0
800017d4: 93 87 17 00  	addi	a5, a5, 0x1
800017d8: b3 05 f7 00  	add	a1, a4, a5
800017dc: 13 56 26 40  	srai	a2, a2, 0x2
800017e0: 33 06 d6 40  	sub	a2, a2, a3
800017e4: 93 16 26 00  	slli	a3, a2, 0x2
800017e8: b3 86 c6 00  	add	a3, a3, a2
800017ec: 93 96 16 00  	slli	a3, a3, 0x1
800017f0: b3 06 d8 40  	sub	a3, a6, a3
800017f4: 93 86 06 03  	addi	a3, a3, 0x30
800017f8: a3 8f d5 fe  	sb	a3, -0x1(a1)
800017fc: 13 08 06 00  	mv	a6, a2
80001800: 63 08 06 08  	beqz	a2, 0x80001890 <_ftoa+0x610>
80001804: 93 56 f8 41  	srai	a3, a6, 0x1f
80001808: e3 94 17 fd  	bne	a5, a7, 0x800017d0 <_ftoa+0x550>
8000180c: 93 76 3b 00  	andi	a3, s6, 0x3
80001810: 13 06 10 00  	li	a2, 0x1
80001814: 63 8e c6 14  	beq	a3, a2, 0x80001970 <_ftoa+0x6f0>
80001818: 93 08 0b 00  	mv	a7, s6
8000181c: 13 88 0a 00  	mv	a6, s5
80001820: 93 06 0a 00  	mv	a3, s4
80001824: 13 86 0b 00  	mv	a2, s7
80001828: 93 85 09 00  	mv	a1, s3
8000182c: 13 05 04 00  	mv	a0, s0
80001830: ef e0 df f6  	jal	0x8000079c <_out_rev>
80001834: 93 04 05 00  	mv	s1, a0
80001838: 03 2d 01 05  	lw	s10, 0x50(sp)
8000183c: 83 2d c1 04  	lw	s11, 0x4c(sp)
80001840: 6f f0 1f d7  	j	0x800015b0 <_ftoa+0x330>
80001844: 23 28 f1 00  	sw	a5, 0x10(sp)
80001848: 97 67 00 00  	auipc	a5, 0x6
8000184c: 93 87 87 81  	addi	a5, a5, -0x7e8
80001850: 03 a6 07 00  	lw	a2, 0x0(a5)
80001854: 83 a6 47 00  	lw	a3, 0x4(a5)
80001858: 03 25 81 00  	lw	a0, 0x8(sp)
8000185c: 83 25 c1 00  	lw	a1, 0xc(sp)
80001860: 23 2e e1 00  	sw	a4, 0x1c(sp)
80001864: 23 2c 01 01  	sw	a6, 0x18(sp)
80001868: 23 2a 11 01  	sw	a7, 0x14(sp)
8000186c: ef 10 d0 4c  	jal	0x80003538 <__nedf2>
80001870: 83 27 01 01  	lw	a5, 0x10(sp)
80001874: 83 28 41 01  	lw	a7, 0x14(sp)
80001878: 03 28 81 01  	lw	a6, 0x18(sp)
8000187c: 03 27 c1 01  	lw	a4, 0x1c(sp)
80001880: e3 46 05 c0  	bltz	a0, 0x8000148c <_ftoa+0x20c>
80001884: 63 94 08 0a  	bnez	a7, 0x8000192c <_ftoa+0x6ac>
80001888: 93 88 18 00  	addi	a7, a7, 0x1
8000188c: 6f f0 1f c0  	j	0x8000148c <_ftoa+0x20c>
80001890: 93 76 3b 00  	andi	a3, s6, 0x3
80001894: 13 06 10 00  	li	a2, 0x1
80001898: 63 8c c6 12  	beq	a3, a2, 0x800019d0 <_ftoa+0x750>
8000189c: 93 06 00 02  	li	a3, 0x20
800018a0: e3 8c d7 f6  	beq	a5, a3, 0x80001818 <_ftoa+0x598>
800018a4: 13 06 d0 02  	li	a2, 0x2d
800018a8: 63 9a 0d 02  	bnez	s11, 0x800018dc <_ftoa+0x65c>
800018ac: 93 76 4b 00  	andi	a3, s6, 0x4
800018b0: 63 94 06 02  	bnez	a3, 0x800018d8 <_ftoa+0x658>
800018b4: 93 76 8b 00  	andi	a3, s6, 0x8
800018b8: e3 80 06 f6  	beqz	a3, 0x80001818 <_ftoa+0x598>
800018bc: 13 06 00 02  	li	a2, 0x20
800018c0: b3 86 c7 00  	add	a3, a5, a2
800018c4: b3 05 c1 00  	add	a1, sp, a2
800018c8: b3 86 b6 00  	add	a3, a3, a1
800018cc: 23 80 c6 fe  	sb	a2, -0x20(a3)
800018d0: 93 87 17 00  	addi	a5, a5, 0x1
800018d4: 6f f0 5f f4  	j	0x80001818 <_ftoa+0x598>
800018d8: 13 06 b0 02  	li	a2, 0x2b
800018dc: b3 86 27 00  	add	a3, a5, sp
800018e0: 23 80 c6 02  	sb	a2, 0x20(a3)
800018e4: 93 87 17 00  	addi	a5, a5, 0x1
800018e8: 6f f0 1f f3  	j	0x80001818 <_ftoa+0x598>
800018ec: 63 82 67 02  	beq	a5, t1, 0x80001910 <_ftoa+0x690>
800018f0: 33 0c fc 00  	add	s8, s8, a5
800018f4: 93 05 00 03  	li	a1, 0x30
800018f8: 13 06 00 02  	li	a2, 0x20
800018fc: 63 0e fc 00  	beq	s8, a5, 0x80001918 <_ftoa+0x698>
80001900: 93 87 17 00  	addi	a5, a5, 0x1
80001904: b3 06 f7 00  	add	a3, a4, a5
80001908: a3 8f b6 fe  	sb	a1, -0x1(a3)
8000190c: e3 98 c7 fe  	bne	a5, a2, 0x800018fc <_ftoa+0x67c>
80001910: 93 07 00 02  	li	a5, 0x20
80001914: 6f f0 df ea  	j	0x800017c0 <_ftoa+0x540>
80001918: 33 0c 2c 00  	add	s8, s8, sp
8000191c: 93 06 e0 02  	li	a3, 0x2e
80001920: 93 87 17 00  	addi	a5, a5, 0x1
80001924: 23 00 dc 02  	sb	a3, 0x20(s8)
80001928: 6f f0 9f e9  	j	0x800017c0 <_ftoa+0x540>
8000192c: 93 f6 18 00  	andi	a3, a7, 0x1
80001930: e3 8e 06 b4  	beqz	a3, 0x8000148c <_ftoa+0x20c>
80001934: 93 88 18 00  	addi	a7, a7, 0x1
80001938: 6f f0 5f b5  	j	0x8000148c <_ftoa+0x20c>
8000193c: 93 07 40 00  	li	a5, 0x4
80001940: e3 f4 57 dd  	bgeu	a5, s5, 0x80001708 <_ftoa+0x488>
80001944: 93 84 cb ff  	addi	s1, s7, -0x4
80001948: b3 84 54 01  	add	s1, s1, s5
8000194c: 13 89 0b 00  	mv	s2, s7
80001950: 13 06 09 00  	mv	a2, s2
80001954: 93 06 0a 00  	mv	a3, s4
80001958: 13 09 19 00  	addi	s2, s2, 0x1
8000195c: 93 85 09 00  	mv	a1, s3
80001960: 13 05 00 02  	li	a0, 0x20
80001964: e7 00 04 00  	jalr	s0
80001968: e3 14 99 fe  	bne	s2, s1, 0x80001950 <_ftoa+0x6d0>
8000196c: 6f f0 df d9  	j	0x80001708 <_ftoa+0x488>
80001970: e3 84 0a ea  	beqz	s5, 0x80001818 <_ftoa+0x598>
80001974: 63 94 0d 04  	bnez	s11, 0x800019bc <_ftoa+0x73c>
80001978: 93 76 cb 00  	andi	a3, s6, 0xc
8000197c: 63 90 06 04  	bnez	a3, 0x800019bc <_ftoa+0x73c>
80001980: 63 f8 57 03  	bgeu	a5, s5, 0x800019b0 <_ftoa+0x730>
80001984: 93 86 07 fe  	addi	a3, a5, -0x20
80001988: 63 84 06 02  	beqz	a3, 0x800019b0 <_ftoa+0x730>
8000198c: 13 06 00 03  	li	a2, 0x30
80001990: 6f 00 80 00  	j	0x80001998 <_ftoa+0x718>
80001994: e3 84 06 f0  	beqz	a3, 0x8000189c <_ftoa+0x61c>
80001998: 93 87 17 00  	addi	a5, a5, 0x1
8000199c: b3 06 f7 00  	add	a3, a4, a5
800019a0: a3 8f c6 fe  	sb	a2, -0x1(a3)
800019a4: 93 86 07 fe  	addi	a3, a5, -0x20
800019a8: e3 e6 57 ff  	bltu	a5, s5, 0x80001994 <_ftoa+0x714>
800019ac: 6f f0 1f ef  	j	0x8000189c <_ftoa+0x61c>
800019b0: 93 06 00 02  	li	a3, 0x20
800019b4: e3 9c d7 ee  	bne	a5, a3, 0x800018ac <_ftoa+0x62c>
800019b8: 6f f0 1f e6  	j	0x80001818 <_ftoa+0x598>
800019bc: 93 8a fa ff  	addi	s5, s5, -0x1
800019c0: e3 fe 57 ed  	bgeu	a5, s5, 0x8000189c <_ftoa+0x61c>
800019c4: 93 86 07 fe  	addi	a3, a5, -0x20
800019c8: e3 92 06 fc  	bnez	a3, 0x8000198c <_ftoa+0x70c>
800019cc: 6f f0 1f ed  	j	0x8000189c <_ftoa+0x61c>
800019d0: e3 86 0a ec  	beqz	s5, 0x8000189c <_ftoa+0x61c>
800019d4: 6f f0 1f fa  	j	0x80001974 <_ftoa+0x6f4>
800019d8: 13 16 3c 00  	slli	a2, s8, 0x3
800019dc: 97 46 00 00  	auipc	a3, 0x4
800019e0: 93 86 c6 5f  	addi	a3, a3, 0x5fc
800019e4: b3 86 c6 00  	add	a3, a3, a2
800019e8: 03 a6 06 00  	lw	a2, 0x0(a3)
800019ec: 83 a6 46 00  	lw	a3, 0x4(a3)
800019f0: 93 0c 06 00  	mv	s9, a2
800019f4: 13 8d 06 00  	mv	s10, a3
800019f8: 6f f0 1f 9c  	j	0x800013b8 <_ftoa+0x138>

800019fc <_vsnprintf>:
800019fc: 13 01 01 f6  	addi	sp, sp, -0xa0
80001a00: 23 2c 81 08  	sw	s0, 0x98(sp)
80001a04: 23 2e 71 07  	sw	s7, 0x7c(sp)
80001a08: 23 2c 81 07  	sw	s8, 0x78(sp)
80001a0c: 23 2a 91 07  	sw	s9, 0x74(sp)
80001a10: 23 28 a1 07  	sw	s10, 0x70(sp)
80001a14: 23 2e 11 08  	sw	ra, 0x9c(sp)
80001a18: 23 2a 91 08  	sw	s1, 0x94(sp)
80001a1c: 93 8c 05 00  	mv	s9, a1
80001a20: 13 84 06 00  	mv	s0, a3
80001a24: 13 0d 07 00  	mv	s10, a4
80001a28: 13 0c 06 00  	mv	s8, a2
80001a2c: 93 0b 05 00  	mv	s7, a0
80001a30: 63 8c 05 56  	beqz	a1, 0x80001fa8 <_vsnprintf+0x5ac>
80001a34: 03 45 04 00  	lbu	a0, 0x0(s0)
80001a38: 93 04 00 00  	li	s1, 0x0
80001a3c: 63 00 05 58  	beqz	a0, 0x80001fbc <_vsnprintf+0x5c0>
80001a40: 23 28 21 09  	sw	s2, 0x90(sp)
80001a44: 23 26 31 09  	sw	s3, 0x8c(sp)
80001a48: 23 24 41 09  	sw	s4, 0x88(sp)
80001a4c: 23 22 51 09  	sw	s5, 0x84(sp)
80001a50: 23 20 61 09  	sw	s6, 0x80(sp)
80001a54: 23 26 b1 07  	sw	s11, 0x6c(sp)
80001a58: 93 0a 50 02  	li	s5, 0x25
80001a5c: 93 09 00 01  	li	s3, 0x10
80001a60: 17 49 00 00  	auipc	s2, 0x4
80001a64: 13 09 89 3d  	addi	s2, s2, 0x3d8
80001a68: 13 0a 90 00  	li	s4, 0x9
80001a6c: 93 0d 20 01  	li	s11, 0x12
80001a70: 13 8b 04 00  	mv	s6, s1
80001a74: 6f 00 00 02  	j	0x80001a94 <_vsnprintf+0x98>
80001a78: 13 06 0b 00  	mv	a2, s6
80001a7c: 93 06 0c 00  	mv	a3, s8
80001a80: 93 85 0c 00  	mv	a1, s9
80001a84: e7 80 0b 00  	jalr	s7
80001a88: 13 0b 1b 00  	addi	s6, s6, 0x1
80001a8c: 03 45 04 00  	lbu	a0, 0x0(s0)
80001a90: 63 02 05 18  	beqz	a0, 0x80001c14 <_vsnprintf+0x218>
80001a94: 13 04 14 00  	addi	s0, s0, 0x1
80001a98: e3 10 55 ff  	bne	a0, s5, 0x80001a78 <_vsnprintf+0x7c>
80001a9c: 93 06 00 00  	li	a3, 0x0
80001aa0: 03 45 04 00  	lbu	a0, 0x0(s0)
80001aa4: 13 07 14 00  	addi	a4, s0, 0x1
80001aa8: 93 07 05 fe  	addi	a5, a0, -0x20
80001aac: 93 f7 f7 0f  	andi	a5, a5, 0xff
80001ab0: 63 ec f9 00  	bltu	s3, a5, 0x80001ac8 <_vsnprintf+0xcc>
80001ab4: 93 97 27 00  	slli	a5, a5, 0x2
80001ab8: b3 87 27 01  	add	a5, a5, s2
80001abc: 83 a7 07 00  	lw	a5, 0x0(a5)
80001ac0: b3 87 27 01  	add	a5, a5, s2
80001ac4: 67 80 07 00  	jr	a5
80001ac8: 93 07 05 fd  	addi	a5, a0, -0x30
80001acc: 93 f7 f7 0f  	andi	a5, a5, 0xff
80001ad0: 63 76 fa 0c  	bgeu	s4, a5, 0x80001b9c <_vsnprintf+0x1a0>
80001ad4: 93 07 a0 02  	li	a5, 0x2a
80001ad8: 93 04 00 00  	li	s1, 0x0
80001adc: 63 06 f5 28  	beq	a0, a5, 0x80001d68 <_vsnprintf+0x36c>
80001ae0: 93 07 e0 02  	li	a5, 0x2e
80001ae4: 13 08 00 00  	li	a6, 0x0
80001ae8: 63 0e f5 0e  	beq	a0, a5, 0x80001be4 <_vsnprintf+0x1e8>
80001aec: 93 07 85 f9  	addi	a5, a0, -0x68
80001af0: 93 f7 f7 0f  	andi	a5, a5, 0xff
80001af4: 63 e4 fd 06  	bltu	s11, a5, 0x80001b5c <_vsnprintf+0x160>
80001af8: 17 46 00 00  	auipc	a2, 0x4
80001afc: 13 06 46 38  	addi	a2, a2, 0x384
80001b00: 93 97 27 00  	slli	a5, a5, 0x2
80001b04: b3 87 c7 00  	add	a5, a5, a2
80001b08: 83 a7 07 00  	lw	a5, 0x0(a5)
80001b0c: b3 87 c7 00  	add	a5, a5, a2
80001b10: 67 80 07 00  	jr	a5
80001b14: 93 e6 16 00  	ori	a3, a3, 0x1
80001b18: 13 04 07 00  	mv	s0, a4
80001b1c: 6f f0 5f f8  	j	0x80001aa0 <_vsnprintf+0xa4>
80001b20: 93 e6 26 00  	ori	a3, a3, 0x2
80001b24: 13 04 07 00  	mv	s0, a4
80001b28: 6f f0 9f f7  	j	0x80001aa0 <_vsnprintf+0xa4>
80001b2c: 93 e6 46 00  	ori	a3, a3, 0x4
80001b30: 13 04 07 00  	mv	s0, a4
80001b34: 6f f0 df f6  	j	0x80001aa0 <_vsnprintf+0xa4>
80001b38: 93 e6 06 01  	ori	a3, a3, 0x10
80001b3c: 13 04 07 00  	mv	s0, a4
80001b40: 6f f0 1f f6  	j	0x80001aa0 <_vsnprintf+0xa4>
80001b44: 93 e6 86 00  	ori	a3, a3, 0x8
80001b48: 13 04 07 00  	mv	s0, a4
80001b4c: 6f f0 5f f5  	j	0x80001aa0 <_vsnprintf+0xa4>
80001b50: 03 45 14 00  	lbu	a0, 0x1(s0)
80001b54: 93 e6 06 10  	ori	a3, a3, 0x100
80001b58: 13 07 17 00  	addi	a4, a4, 0x1
80001b5c: 93 07 70 06  	li	a5, 0x67
80001b60: 13 04 07 00  	mv	s0, a4
80001b64: 63 ea a7 10  	bltu	a5, a0, 0x80001c78 <_vsnprintf+0x27c>
80001b68: 93 07 40 02  	li	a5, 0x24
80001b6c: e3 f6 a7 f0  	bgeu	a5, a0, 0x80001a78 <_vsnprintf+0x7c>
80001b70: 93 07 b5 fd  	addi	a5, a0, -0x25
80001b74: 93 f7 f7 0f  	andi	a5, a5, 0xff
80001b78: 13 07 20 04  	li	a4, 0x42
80001b7c: e3 6e f7 ee  	bltu	a4, a5, 0x80001a78 <_vsnprintf+0x7c>
80001b80: 17 47 00 00  	auipc	a4, 0x4
80001b84: 13 07 87 34  	addi	a4, a4, 0x348
80001b88: 93 97 27 00  	slli	a5, a5, 0x2
80001b8c: b3 87 e7 00  	add	a5, a5, a4
80001b90: 83 a7 07 00  	lw	a5, 0x0(a5)
80001b94: b3 87 e7 00  	add	a5, a5, a4
80001b98: 67 80 07 00  	jr	a5
80001b9c: 13 06 00 00  	li	a2, 0x0
80001ba0: 6f 00 80 00  	j	0x80001ba8 <_vsnprintf+0x1ac>
80001ba4: 13 07 17 00  	addi	a4, a4, 0x1
80001ba8: 93 14 26 00  	slli	s1, a2, 0x2
80001bac: b3 84 c4 00  	add	s1, s1, a2
80001bb0: 93 94 14 00  	slli	s1, s1, 0x1
80001bb4: b3 84 a4 00  	add	s1, s1, a0
80001bb8: 03 45 07 00  	lbu	a0, 0x0(a4)
80001bbc: 13 86 04 fd  	addi	a2, s1, -0x30
80001bc0: 13 04 07 00  	mv	s0, a4
80001bc4: 93 07 05 fd  	addi	a5, a0, -0x30
80001bc8: 93 f7 f7 0f  	andi	a5, a5, 0xff
80001bcc: e3 7c fa fc  	bgeu	s4, a5, 0x80001ba4 <_vsnprintf+0x1a8>
80001bd0: 93 07 e0 02  	li	a5, 0x2e
80001bd4: 93 04 06 00  	mv	s1, a2
80001bd8: 13 07 17 00  	addi	a4, a4, 0x1
80001bdc: 13 08 00 00  	li	a6, 0x0
80001be0: e3 16 f5 f0  	bne	a0, a5, 0x80001aec <_vsnprintf+0xf0>
80001be4: 03 45 14 00  	lbu	a0, 0x1(s0)
80001be8: 93 05 90 00  	li	a1, 0x9
80001bec: 93 e6 06 40  	ori	a3, a3, 0x400
80001bf0: 93 07 05 fd  	addi	a5, a0, -0x30
80001bf4: 93 f7 f7 0f  	andi	a5, a5, 0xff
80001bf8: 13 06 07 00  	mv	a2, a4
80001bfc: 63 fc f5 12  	bgeu	a1, a5, 0x80001d34 <_vsnprintf+0x338>
80001c00: 93 07 a0 02  	li	a5, 0x2a
80001c04: 63 06 f5 3e  	beq	a0, a5, 0x80001ff0 <_vsnprintf+0x5f4>
80001c08: 13 04 07 00  	mv	s0, a4
80001c0c: 13 07 17 00  	addi	a4, a4, 0x1
80001c10: 6f f0 df ed  	j	0x80001aec <_vsnprintf+0xf0>
80001c14: 93 04 0b 00  	mv	s1, s6
80001c18: 13 04 0b 00  	mv	s0, s6
80001c1c: 03 29 01 09  	lw	s2, 0x90(sp)
80001c20: 83 29 c1 08  	lw	s3, 0x8c(sp)
80001c24: 03 2a 81 08  	lw	s4, 0x88(sp)
80001c28: 83 2a 41 08  	lw	s5, 0x84(sp)
80001c2c: 03 2b 01 08  	lw	s6, 0x80(sp)
80001c30: 83 2d c1 06  	lw	s11, 0x6c(sp)
80001c34: 63 e4 84 01  	bltu	s1, s8, 0x80001c3c <_vsnprintf+0x240>
80001c38: 93 04 fc ff  	addi	s1, s8, -0x1
80001c3c: 93 06 0c 00  	mv	a3, s8
80001c40: 13 86 04 00  	mv	a2, s1
80001c44: 93 85 0c 00  	mv	a1, s9
80001c48: 13 05 00 00  	li	a0, 0x0
80001c4c: e7 80 0b 00  	jalr	s7
80001c50: 83 20 c1 09  	lw	ra, 0x9c(sp)
80001c54: 13 05 04 00  	mv	a0, s0
80001c58: 03 24 81 09  	lw	s0, 0x98(sp)
80001c5c: 83 24 41 09  	lw	s1, 0x94(sp)
80001c60: 83 2b c1 07  	lw	s7, 0x7c(sp)
80001c64: 03 2c 81 07  	lw	s8, 0x78(sp)
80001c68: 83 2c 41 07  	lw	s9, 0x74(sp)
80001c6c: 03 2d 01 07  	lw	s10, 0x70(sp)
80001c70: 13 01 01 0a  	addi	sp, sp, 0xa0
80001c74: 67 80 00 00  	ret
80001c78: 93 05 75 f9  	addi	a1, a0, -0x69
80001c7c: 13 f7 f5 0f  	andi	a4, a1, 0xff
80001c80: 93 07 f0 00  	li	a5, 0xf
80001c84: e3 ea e7 de  	bltu	a5, a4, 0x80001a78 <_vsnprintf+0x7c>
80001c88: 93 07 10 00  	li	a5, 0x1
80001c8c: 37 96 00 00  	lui	a2, 0x9
80001c90: b3 97 e7 00  	sll	a5, a5, a4
80001c94: 13 06 16 04  	addi	a2, a2, 0x41
80001c98: b3 f7 c7 00  	and	a5, a5, a2
80001c9c: 63 96 07 32  	bnez	a5, 0x80001fc8 <_vsnprintf+0x5cc>
80001ca0: 13 06 a0 00  	li	a2, 0xa
80001ca4: 63 00 c7 0e  	beq	a4, a2, 0x80001d84 <_vsnprintf+0x388>
80001ca8: 13 06 70 00  	li	a2, 0x7
80001cac: e3 16 c7 dc  	bne	a4, a2, 0x80001a78 <_vsnprintf+0x7c>
80001cb0: 03 27 0d 00  	lw	a4, 0x0(s10)
80001cb4: 13 0d 4d 00  	addi	s10, s10, 0x4
80001cb8: 63 0e 07 34  	beqz	a4, 0x80002014 <_vsnprintf+0x618>
80001cbc: 93 e5 16 02  	ori	a1, a3, 0x21
80001cc0: 93 06 07 00  	mv	a3, a4
80001cc4: 13 07 01 04  	addi	a4, sp, 0x40
80001cc8: 13 05 90 00  	li	a0, 0x9
80001ccc: 6f 00 00 01  	j	0x80001cdc <_vsnprintf+0x2e0>
80001cd0: 13 b6 06 01  	sltiu	a2, a3, 0x10
80001cd4: 63 1a 06 34  	bnez	a2, 0x80002028 <_vsnprintf+0x62c>
80001cd8: 93 d6 46 00  	srli	a3, a3, 0x4
80001cdc: 13 f6 f6 00  	andi	a2, a3, 0xf
80001ce0: 93 08 76 03  	addi	a7, a2, 0x37
80001ce4: 63 64 c5 00  	bltu	a0, a2, 0x80001cec <_vsnprintf+0x2f0>
80001ce8: 93 08 06 03  	addi	a7, a2, 0x30
80001cec: 93 87 17 00  	addi	a5, a5, 0x1
80001cf0: 33 06 f7 00  	add	a2, a4, a5
80001cf4: a3 0f 16 ff  	sb	a7, -0x1(a2)
80001cf8: 13 86 07 fe  	addi	a2, a5, -0x20
80001cfc: e3 1a 06 fc  	bnez	a2, 0x80001cd0 <_vsnprintf+0x2d4>
80001d00: 93 06 80 00  	li	a3, 0x8
80001d04: 23 24 b1 00  	sw	a1, 0x8(sp)
80001d08: 23 20 01 01  	sw	a6, 0x0(sp)
80001d0c: 23 22 d1 00  	sw	a3, 0x4(sp)
80001d10: 13 06 0b 00  	mv	a2, s6
80001d14: 93 08 00 01  	li	a7, 0x10
80001d18: 13 08 00 00  	li	a6, 0x0
80001d1c: 93 06 0c 00  	mv	a3, s8
80001d20: 93 85 0c 00  	mv	a1, s9
80001d24: 13 85 0b 00  	mv	a0, s7
80001d28: ef e0 5f bb  	jal	0x800008dc <_ntoa_format>
80001d2c: 13 0b 05 00  	mv	s6, a0
80001d30: 6f f0 df d5  	j	0x80001a8c <_vsnprintf+0x90>
80001d34: 93 17 28 00  	slli	a5, a6, 0x2
80001d38: b3 87 07 01  	add	a5, a5, a6
80001d3c: 13 06 16 00  	addi	a2, a2, 0x1
80001d40: 93 97 17 00  	slli	a5, a5, 0x1
80001d44: b3 87 a7 00  	add	a5, a5, a0
80001d48: 03 45 06 00  	lbu	a0, 0x0(a2)
80001d4c: 13 88 07 fd  	addi	a6, a5, -0x30
80001d50: 93 07 05 fd  	addi	a5, a0, -0x30
80001d54: 93 f7 f7 0f  	andi	a5, a5, 0xff
80001d58: e3 fe f5 fc  	bgeu	a1, a5, 0x80001d34 <_vsnprintf+0x338>
80001d5c: 13 04 06 00  	mv	s0, a2
80001d60: 13 07 16 00  	addi	a4, a2, 0x1
80001d64: 6f f0 9f d8  	j	0x80001aec <_vsnprintf+0xf0>
80001d68: 83 24 0d 00  	lw	s1, 0x0(s10)
80001d6c: 13 0d 4d 00  	addi	s10, s10, 0x4
80001d70: 63 ca 04 0a  	bltz	s1, 0x80001e24 <_vsnprintf+0x428>
80001d74: 03 45 14 00  	lbu	a0, 0x1(s0)
80001d78: 13 04 07 00  	mv	s0, a4
80001d7c: 13 07 17 00  	addi	a4, a4, 0x1
80001d80: 6f f0 1f d6  	j	0x80001ae0 <_vsnprintf+0xe4>
80001d84: 93 07 4d 00  	addi	a5, s10, 0x4
80001d88: 23 2c f1 00  	sw	a5, 0x18(sp)
80001d8c: 83 25 0d 00  	lw	a1, 0x0(s10)
80001d90: 13 06 08 00  	mv	a2, a6
80001d94: 63 08 08 2a  	beqz	a6, 0x80002044 <_vsnprintf+0x648>
80001d98: 03 c5 05 00  	lbu	a0, 0x0(a1)
80001d9c: 33 86 c5 00  	add	a2, a1, a2
80001da0: 93 87 05 00  	mv	a5, a1
80001da4: 63 04 05 4e  	beqz	a0, 0x8000228c <_vsnprintf+0x890>
80001da8: 63 88 c7 00  	beq	a5, a2, 0x80001db8 <_vsnprintf+0x3bc>
80001dac: 03 c7 17 00  	lbu	a4, 0x1(a5)
80001db0: 93 87 17 00  	addi	a5, a5, 0x1
80001db4: e3 1a 07 fe  	bnez	a4, 0x80001da8 <_vsnprintf+0x3ac>
80001db8: 13 f7 06 40  	andi	a4, a3, 0x400
80001dbc: b3 87 b7 40  	sub	a5, a5, a1
80001dc0: 63 0e 07 28  	beqz	a4, 0x8000205c <_vsnprintf+0x660>
80001dc4: 63 74 f8 00  	bgeu	a6, a5, 0x80001dcc <_vsnprintf+0x3d0>
80001dc8: 93 07 08 00  	mv	a5, a6
80001dcc: 93 f6 26 00  	andi	a3, a3, 0x2
80001dd0: 63 8c 06 5a  	beqz	a3, 0x80002388 <_vsnprintf+0x98c>
80001dd4: 93 06 20 00  	li	a3, 0x2
80001dd8: 23 2e 91 00  	sw	s1, 0x1c(sp)
80001ddc: 23 22 f1 02  	sw	a5, 0x24(sp)
80001de0: 23 20 d1 02  	sw	a3, 0x20(sp)
80001de4: b3 04 68 01  	add	s1, a6, s6
80001de8: 93 07 0b 00  	mv	a5, s6
80001dec: 13 8d 05 00  	mv	s10, a1
80001df0: 23 24 81 02  	sw	s0, 0x28(sp)
80001df4: 63 80 f4 3e  	beq	s1, a5, 0x800021d4 <_vsnprintf+0x7d8>
80001df8: 93 06 0c 00  	mv	a3, s8
80001dfc: 13 86 07 00  	mv	a2, a5
80001e00: 93 85 0c 00  	mv	a1, s9
80001e04: 13 84 17 00  	addi	s0, a5, 0x1
80001e08: e7 80 0b 00  	jalr	s7
80001e0c: 33 07 64 41  	sub	a4, s0, s6
80001e10: 33 07 ed 00  	add	a4, s10, a4
80001e14: 03 45 07 00  	lbu	a0, 0x0(a4)
80001e18: 63 0c 05 3c  	beqz	a0, 0x800021f0 <_vsnprintf+0x7f4>
80001e1c: 93 07 04 00  	mv	a5, s0
80001e20: 6f f0 5f fd  	j	0x80001df4 <_vsnprintf+0x3f8>
80001e24: 03 45 14 00  	lbu	a0, 0x1(s0)
80001e28: 93 e6 26 00  	ori	a3, a3, 0x2
80001e2c: 13 04 07 00  	mv	s0, a4
80001e30: b3 04 90 40  	neg	s1, s1
80001e34: 13 07 17 00  	addi	a4, a4, 0x1
80001e38: 6f f0 9f ca  	j	0x80001ae0 <_vsnprintf+0xe4>
80001e3c: 03 45 14 00  	lbu	a0, 0x1(s0)
80001e40: 93 07 c0 06  	li	a5, 0x6c
80001e44: e3 18 f5 d0  	bne	a0, a5, 0x80001b54 <_vsnprintf+0x158>
80001e48: 03 45 24 00  	lbu	a0, 0x2(s0)
80001e4c: 93 e6 06 30  	ori	a3, a3, 0x300
80001e50: 13 07 34 00  	addi	a4, s0, 0x3
80001e54: 6f f0 9f d0  	j	0x80001b5c <_vsnprintf+0x160>
80001e58: 03 45 14 00  	lbu	a0, 0x1(s0)
80001e5c: 93 e6 06 20  	ori	a3, a3, 0x200
80001e60: 13 07 17 00  	addi	a4, a4, 0x1
80001e64: 6f f0 9f cf  	j	0x80001b5c <_vsnprintf+0x160>
80001e68: 03 45 14 00  	lbu	a0, 0x1(s0)
80001e6c: 93 07 80 06  	li	a5, 0x68
80001e70: 63 00 f5 34  	beq	a0, a5, 0x800021b0 <_vsnprintf+0x7b4>
80001e74: 93 e6 06 08  	ori	a3, a3, 0x80
80001e78: 13 07 17 00  	addi	a4, a4, 0x1
80001e7c: 6f f0 1f ce  	j	0x80001b5c <_vsnprintf+0x160>
80001e80: 93 77 d5 0f  	andi	a5, a0, 0xfd
80001e84: 13 77 f5 0d  	andi	a4, a0, 0xdf
80001e88: 13 0d 7d 00  	addi	s10, s10, 0x7
80001e8c: 93 87 b7 fb  	addi	a5, a5, -0x45
80001e90: 13 07 97 fb  	addi	a4, a4, -0x47
80001e94: 13 7d 8d ff  	andi	s10, s10, -0x8
80001e98: 93 b7 17 00  	seqz	a5, a5
80001e9c: 13 37 17 00  	seqz	a4, a4
80001ea0: 03 25 0d 00  	lw	a0, 0x0(s10)
80001ea4: 83 25 4d 00  	lw	a1, 0x4(s10)
80001ea8: 13 17 b7 00  	slli	a4, a4, 0xb
80001eac: 93 97 57 00  	slli	a5, a5, 0x5
80001eb0: b3 e7 e7 00  	or	a5, a5, a4
80001eb4: b3 e7 d7 00  	or	a5, a5, a3
80001eb8: 23 20 f1 00  	sw	a5, 0x0(sp)
80001ebc: 13 07 05 00  	mv	a4, a0
80001ec0: 93 87 05 00  	mv	a5, a1
80001ec4: 13 06 0b 00  	mv	a2, s6
80001ec8: 93 88 04 00  	mv	a7, s1
80001ecc: 93 06 0c 00  	mv	a3, s8
80001ed0: 93 85 0c 00  	mv	a1, s9
80001ed4: 13 85 0b 00  	mv	a0, s7
80001ed8: ef e0 df c9  	jal	0x80000b74 <_etoa>
80001edc: 13 0d 8d 00  	addi	s10, s10, 0x8
80001ee0: 13 0b 05 00  	mv	s6, a0
80001ee4: 6f f0 9f ba  	j	0x80001a8c <_vsnprintf+0x90>
80001ee8: 93 07 60 04  	li	a5, 0x46
80001eec: 63 06 f5 20  	beq	a0, a5, 0x800020f8 <_vsnprintf+0x6fc>
80001ef0: 13 0d 7d 00  	addi	s10, s10, 0x7
80001ef4: 13 7d 8d ff  	andi	s10, s10, -0x8
80001ef8: 03 27 0d 00  	lw	a4, 0x0(s10)
80001efc: 83 27 4d 00  	lw	a5, 0x4(s10)
80001f00: 13 06 0b 00  	mv	a2, s6
80001f04: 23 20 d1 00  	sw	a3, 0x0(sp)
80001f08: 93 88 04 00  	mv	a7, s1
80001f0c: 93 06 0c 00  	mv	a3, s8
80001f10: 93 85 0c 00  	mv	a1, s9
80001f14: 13 85 0b 00  	mv	a0, s7
80001f18: ef f0 8f b6  	jal	0x80001280 <_ftoa>
80001f1c: 13 0d 8d 00  	addi	s10, s10, 0x8
80001f20: 13 0b 05 00  	mv	s6, a0
80001f24: 6f f0 9f b6  	j	0x80001a8c <_vsnprintf+0x90>
80001f28: 13 06 0b 00  	mv	a2, s6
80001f2c: 93 06 0c 00  	mv	a3, s8
80001f30: 93 85 0c 00  	mv	a1, s9
80001f34: 13 05 50 02  	li	a0, 0x25
80001f38: e7 80 0b 00  	jalr	s7
80001f3c: 13 0b 1b 00  	addi	s6, s6, 0x1
80001f40: 6f f0 df b4  	j	0x80001a8c <_vsnprintf+0x90>
80001f44: 93 07 4d 00  	addi	a5, s10, 0x4
80001f48: 93 f6 26 00  	andi	a3, a3, 0x2
80001f4c: 23 2c f1 00  	sw	a5, 0x18(sp)
80001f50: 13 07 1b 00  	addi	a4, s6, 0x1
80001f54: 63 8c 06 2a  	beqz	a3, 0x8000220c <_vsnprintf+0x810>
80001f58: 03 45 0d 00  	lbu	a0, 0x0(s10)
80001f5c: 23 2e e1 00  	sw	a4, 0x1c(sp)
80001f60: 13 06 0b 00  	mv	a2, s6
80001f64: 93 06 0c 00  	mv	a3, s8
80001f68: 93 85 0c 00  	mv	a1, s9
80001f6c: e7 80 0b 00  	jalr	s7
80001f70: 93 07 10 00  	li	a5, 0x1
80001f74: 03 27 c1 01  	lw	a4, 0x1c(sp)
80001f78: 33 0b 9b 00  	add	s6, s6, s1
80001f7c: 63 f4 97 34  	bgeu	a5, s1, 0x800022c4 <_vsnprintf+0x8c8>
80001f80: 93 04 07 00  	mv	s1, a4
80001f84: 13 86 04 00  	mv	a2, s1
80001f88: 93 06 0c 00  	mv	a3, s8
80001f8c: 93 84 14 00  	addi	s1, s1, 0x1
80001f90: 93 85 0c 00  	mv	a1, s9
80001f94: 13 05 00 02  	li	a0, 0x20
80001f98: e7 80 0b 00  	jalr	s7
80001f9c: e3 94 64 ff  	bne	s1, s6, 0x80001f84 <_vsnprintf+0x588>
80001fa0: 03 2d 81 01  	lw	s10, 0x18(sp)
80001fa4: 6f f0 9f ae  	j	0x80001a8c <_vsnprintf+0x90>
80001fa8: 03 45 04 00  	lbu	a0, 0x0(s0)
80001fac: 97 eb ff ff  	auipc	s7, 0xffffe
80001fb0: 93 8b cb 7e  	addi	s7, s7, 0x7ec
80001fb4: 93 04 00 00  	li	s1, 0x0
80001fb8: e3 14 05 a8  	bnez	a0, 0x80001a40 <_vsnprintf+0x44>
80001fbc: 13 04 00 00  	li	s0, 0x0
80001fc0: e3 ee 84 c7  	bltu	s1, s8, 0x80001c3c <_vsnprintf+0x240>
80001fc4: 6f f0 5f c7  	j	0x80001c38 <_vsnprintf+0x23c>
80001fc8: 93 07 f0 06  	li	a5, 0x6f
80001fcc: 63 0a f5 12  	beq	a0, a5, 0x80002100 <_vsnprintf+0x704>
80001fd0: 63 fc a7 42  	bgeu	a5, a0, 0x80002408 <_vsnprintf+0xa0c>
80001fd4: 93 07 80 07  	li	a5, 0x78
80001fd8: 63 0e f5 28  	beq	a0, a5, 0x80002274 <_vsnprintf+0x878>
80001fdc: 13 06 a0 00  	li	a2, 0xa
80001fe0: 93 f6 f6 fe  	andi	a3, a3, -0x11
80001fe4: 93 08 06 00  	mv	a7, a2
80001fe8: 23 2c 01 00  	sw	zero, 0x18(sp)
80001fec: 6f 00 00 12  	j	0x8000210c <_vsnprintf+0x710>
80001ff0: 03 28 0d 00  	lw	a6, 0x0(s10)
80001ff4: 03 45 24 00  	lbu	a0, 0x2(s0)
80001ff8: 13 04 24 00  	addi	s0, s0, 0x2
80001ffc: 93 47 f8 ff  	not	a5, a6
80002000: 93 d7 f7 41  	srai	a5, a5, 0x1f
80002004: 13 0d 4d 00  	addi	s10, s10, 0x4
80002008: 33 78 f8 00  	and	a6, a6, a5
8000200c: 13 07 14 00  	addi	a4, s0, 0x1
80002010: 6f f0 df ad  	j	0x80001aec <_vsnprintf+0xf0>
80002014: 93 f5 f6 fe  	andi	a1, a3, -0x11
80002018: 93 f6 06 40  	andi	a3, a3, 0x400
8000201c: 93 e5 15 02  	ori	a1, a1, 0x21
80002020: 13 07 01 04  	addi	a4, sp, 0x40
80002024: e3 80 06 ca  	beqz	a3, 0x80001cc4 <_vsnprintf+0x2c8>
80002028: 93 06 80 00  	li	a3, 0x8
8000202c: 23 24 b1 00  	sw	a1, 0x8(sp)
80002030: 23 20 01 01  	sw	a6, 0x0(sp)
80002034: 23 22 d1 00  	sw	a3, 0x4(sp)
80002038: 13 06 0b 00  	mv	a2, s6
8000203c: 93 08 00 01  	li	a7, 0x10
80002040: 6f f0 9f cd  	j	0x80001d18 <_vsnprintf+0x31c>
80002044: 03 c5 05 00  	lbu	a0, 0x0(a1)
80002048: 13 06 f0 ff  	li	a2, -0x1
8000204c: 33 86 c5 00  	add	a2, a1, a2
80002050: 93 87 05 00  	mv	a5, a1
80002054: e3 1a 05 d4  	bnez	a0, 0x80001da8 <_vsnprintf+0x3ac>
80002058: 6f 00 40 23  	j	0x8000228c <_vsnprintf+0x890>
8000205c: 93 f6 26 00  	andi	a3, a3, 0x2
80002060: 63 8e 06 38  	beqz	a3, 0x800023fc <_vsnprintf+0xa00>
80002064: 93 06 20 00  	li	a3, 0x2
80002068: 23 2e 91 00  	sw	s1, 0x1c(sp)
8000206c: 13 0d 04 00  	mv	s10, s0
80002070: 93 84 05 00  	mv	s1, a1
80002074: 23 20 d1 02  	sw	a3, 0x20(sp)
80002078: 23 22 f1 02  	sw	a5, 0x24(sp)
8000207c: 13 04 0b 00  	mv	s0, s6
80002080: 13 06 04 00  	mv	a2, s0
80002084: 93 06 0c 00  	mv	a3, s8
80002088: 93 85 0c 00  	mv	a1, s9
8000208c: e7 80 0b 00  	jalr	s7
80002090: 13 04 14 00  	addi	s0, s0, 0x1
80002094: 33 07 64 41  	sub	a4, s0, s6
80002098: 33 87 e4 00  	add	a4, s1, a4
8000209c: 03 45 07 00  	lbu	a0, 0x0(a4)
800020a0: e3 10 05 fe  	bnez	a0, 0x80002080 <_vsnprintf+0x684>
800020a4: 83 24 c1 01  	lw	s1, 0x1c(sp)
800020a8: 83 26 01 02  	lw	a3, 0x20(sp)
800020ac: 83 27 41 02  	lw	a5, 0x24(sp)
800020b0: 13 07 0d 00  	mv	a4, s10
800020b4: 13 0d 04 00  	mv	s10, s0
800020b8: 13 0b 0d 00  	mv	s6, s10
800020bc: 13 04 07 00  	mv	s0, a4
800020c0: e3 80 06 ee  	beqz	a3, 0x80001fa0 <_vsnprintf+0x5a4>
800020c4: 13 0d 0b 00  	mv	s10, s6
800020c8: e3 fc 97 ec  	bgeu	a5, s1, 0x80001fa0 <_vsnprintf+0x5a4>
800020cc: b3 84 64 01  	add	s1, s1, s6
800020d0: 33 8b f4 40  	sub	s6, s1, a5
800020d4: 13 06 0d 00  	mv	a2, s10
800020d8: 93 06 0c 00  	mv	a3, s8
800020dc: 13 0d 1d 00  	addi	s10, s10, 0x1
800020e0: 93 85 0c 00  	mv	a1, s9
800020e4: 13 05 00 02  	li	a0, 0x20
800020e8: e7 80 0b 00  	jalr	s7
800020ec: e3 14 6d ff  	bne	s10, s6, 0x800020d4 <_vsnprintf+0x6d8>
800020f0: 03 2d 81 01  	lw	s10, 0x18(sp)
800020f4: 6f f0 9f 99  	j	0x80001a8c <_vsnprintf+0x90>
800020f8: 93 e6 06 02  	ori	a3, a3, 0x20
800020fc: 6f f0 5f df  	j	0x80001ef0 <_vsnprintf+0x4f4>
80002100: 13 06 80 00  	li	a2, 0x8
80002104: 93 08 06 00  	mv	a7, a2
80002108: 23 2c 01 00  	sw	zero, 0x18(sp)
8000210c: 93 ff 06 40  	andi	t6, a3, 0x400
80002110: 13 fe 36 ff  	andi	t3, a3, -0xd
80002114: 63 86 0f 00  	beqz	t6, 0x80002120 <_vsnprintf+0x724>
80002118: 13 fe 26 ff  	andi	t3, a3, -0xe
8000211c: 93 0f 00 40  	li	t6, 0x400
80002120: 93 76 0e 20  	andi	a3, t3, 0x200
80002124: 63 96 06 1a  	bnez	a3, 0x800022d0 <_vsnprintf+0x8d4>
80002128: 93 77 0e 10  	andi	a5, t3, 0x100
8000212c: 13 03 4d 00  	addi	t1, s10, 0x4
80002130: 63 92 07 68  	bnez	a5, 0x800027b4 <_vsnprintf+0xdb8>
80002134: 13 77 0e 04  	andi	a4, t3, 0x40
80002138: 63 16 07 14  	bnez	a4, 0x80002284 <_vsnprintf+0x888>
8000213c: 13 77 0e 08  	andi	a4, t3, 0x80
80002140: 63 00 07 76  	beqz	a4, 0x800028a0 <_vsnprintf+0xea4>
80002144: 03 56 0d 00  	lhu	a2, 0x0(s10)
80002148: 63 14 06 1c  	bnez	a2, 0x80002310 <_vsnprintf+0x914>
8000214c: 13 7e fe fe  	andi	t3, t3, -0x11
80002150: 63 80 0f 1c  	beqz	t6, 0x80002310 <_vsnprintf+0x914>
80002154: 93 07 00 00  	li	a5, 0x0
80002158: 13 07 01 04  	addi	a4, sp, 0x40
8000215c: 23 2c 61 00  	sw	t1, 0x18(sp)
80002160: 23 24 c1 01  	sw	t3, 0x8(sp)
80002164: 23 22 91 00  	sw	s1, 0x4(sp)
80002168: 23 20 01 01  	sw	a6, 0x0(sp)
8000216c: 13 06 0b 00  	mv	a2, s6
80002170: 13 08 00 00  	li	a6, 0x0
80002174: 93 06 0c 00  	mv	a3, s8
80002178: 93 85 0c 00  	mv	a1, s9
8000217c: 13 85 0b 00  	mv	a0, s7
80002180: ef e0 cf f5  	jal	0x800008dc <_ntoa_format>
80002184: 13 0b 05 00  	mv	s6, a0
80002188: 03 2d 81 01  	lw	s10, 0x18(sp)
8000218c: 6f f0 1f 90  	j	0x80001a8c <_vsnprintf+0x90>
80002190: 93 07 80 05  	li	a5, 0x58
80002194: 63 06 f5 02  	beq	a0, a5, 0x800021c0 <_vsnprintf+0x7c4>
80002198: 93 07 20 06  	li	a5, 0x62
8000219c: 63 12 f5 76  	bne	a0, a5, 0x80002900 <_vsnprintf+0xf04>
800021a0: 13 06 20 00  	li	a2, 0x2
800021a4: 93 08 06 00  	mv	a7, a2
800021a8: 23 2c 01 00  	sw	zero, 0x18(sp)
800021ac: 6f f0 1f f6  	j	0x8000210c <_vsnprintf+0x710>
800021b0: 03 45 24 00  	lbu	a0, 0x2(s0)
800021b4: 93 e6 06 0c  	ori	a3, a3, 0xc0
800021b8: 13 07 34 00  	addi	a4, s0, 0x3
800021bc: 6f f0 1f 9a  	j	0x80001b5c <_vsnprintf+0x160>
800021c0: 13 06 00 01  	li	a2, 0x10
800021c4: 93 e6 06 02  	ori	a3, a3, 0x20
800021c8: 93 08 06 00  	mv	a7, a2
800021cc: 23 2c 01 00  	sw	zero, 0x18(sp)
800021d0: 6f f0 df f3  	j	0x8000210c <_vsnprintf+0x710>
800021d4: 83 26 01 02  	lw	a3, 0x20(sp)
800021d8: 13 8b 04 00  	mv	s6, s1
800021dc: 83 27 41 02  	lw	a5, 0x24(sp)
800021e0: 83 24 c1 01  	lw	s1, 0x1c(sp)
800021e4: 03 24 81 02  	lw	s0, 0x28(sp)
800021e8: e3 8c 06 da  	beqz	a3, 0x80001fa0 <_vsnprintf+0x5a4>
800021ec: 6f f0 9f ed  	j	0x800020c4 <_vsnprintf+0x6c8>
800021f0: 13 0d 04 00  	mv	s10, s0
800021f4: 83 24 c1 01  	lw	s1, 0x1c(sp)
800021f8: 83 26 01 02  	lw	a3, 0x20(sp)
800021fc: 83 27 41 02  	lw	a5, 0x24(sp)
80002200: 03 24 81 02  	lw	s0, 0x28(sp)
80002204: 13 0b 0d 00  	mv	s6, s10
80002208: 6f f0 9f eb  	j	0x800020c0 <_vsnprintf+0x6c4>
8000220c: 93 07 10 00  	li	a5, 0x1
80002210: 63 fc 97 08  	bgeu	a5, s1, 0x800022a8 <_vsnprintf+0x8ac>
80002214: 93 07 fb ff  	addi	a5, s6, -0x1
80002218: 33 87 97 00  	add	a4, a5, s1
8000221c: 93 07 0b 00  	mv	a5, s6
80002220: 23 2e 61 01  	sw	s6, 0x1c(sp)
80002224: 23 20 81 02  	sw	s0, 0x20(sp)
80002228: 13 0b 07 00  	mv	s6, a4
8000222c: 13 84 07 00  	mv	s0, a5
80002230: 13 06 04 00  	mv	a2, s0
80002234: 93 06 0c 00  	mv	a3, s8
80002238: 13 04 14 00  	addi	s0, s0, 0x1
8000223c: 93 85 0c 00  	mv	a1, s9
80002240: 13 05 00 02  	li	a0, 0x20
80002244: e7 80 0b 00  	jalr	s7
80002248: e3 14 64 ff  	bne	s0, s6, 0x80002230 <_vsnprintf+0x834>
8000224c: 03 2b c1 01  	lw	s6, 0x1c(sp)
80002250: 03 45 0d 00  	lbu	a0, 0x0(s10)
80002254: 13 06 04 00  	mv	a2, s0
80002258: 93 06 0c 00  	mv	a3, s8
8000225c: 93 85 0c 00  	mv	a1, s9
80002260: 03 24 01 02  	lw	s0, 0x20(sp)
80002264: 33 0b 9b 00  	add	s6, s6, s1
80002268: e7 80 0b 00  	jalr	s7
8000226c: 03 2d 81 01  	lw	s10, 0x18(sp)
80002270: 6f f0 df 81  	j	0x80001a8c <_vsnprintf+0x90>
80002274: 13 06 00 01  	li	a2, 0x10
80002278: 93 08 06 00  	mv	a7, a2
8000227c: 23 2c 01 00  	sw	zero, 0x18(sp)
80002280: 6f f0 df e8  	j	0x8000210c <_vsnprintf+0x710>
80002284: 03 46 0d 00  	lbu	a2, 0x0(s10)
80002288: 6f f0 1f ec  	j	0x80002148 <_vsnprintf+0x74c>
8000228c: 93 f7 06 40  	andi	a5, a3, 0x400
80002290: 63 8a 07 62  	beqz	a5, 0x800028c4 <_vsnprintf+0xec8>
80002294: 93 f7 26 00  	andi	a5, a3, 0x2
80002298: 63 84 07 64  	beqz	a5, 0x800028e0 <_vsnprintf+0xee4>
8000229c: 13 0d 0b 00  	mv	s10, s6
800022a0: 93 07 00 00  	li	a5, 0x0
800022a4: 6f f0 5f e2  	j	0x800020c8 <_vsnprintf+0x6cc>
800022a8: 03 45 0d 00  	lbu	a0, 0x0(s10)
800022ac: 23 2e e1 00  	sw	a4, 0x1c(sp)
800022b0: 13 06 0b 00  	mv	a2, s6
800022b4: 93 06 0c 00  	mv	a3, s8
800022b8: 93 85 0c 00  	mv	a1, s9
800022bc: e7 80 0b 00  	jalr	s7
800022c0: 03 27 c1 01  	lw	a4, 0x1c(sp)
800022c4: 03 2d 81 01  	lw	s10, 0x18(sp)
800022c8: 13 0b 07 00  	mv	s6, a4
800022cc: 6f f0 0f fc  	j	0x80001a8c <_vsnprintf+0x90>
800022d0: 13 0d 7d 00  	addi	s10, s10, 0x7
800022d4: 13 7d 8d ff  	andi	s10, s10, -0x8
800022d8: 83 2e 0d 00  	lw	t4, 0x0(s10)
800022dc: 03 2f 4d 00  	lw	t5, 0x4(s10)
800022e0: 13 0d 8d 00  	addi	s10, s10, 0x8
800022e4: b3 e7 ee 01  	or	a5, t4, t5
800022e8: 63 9a 07 2e  	bnez	a5, 0x800025dc <_vsnprintf+0xbe0>
800022ec: 13 7e fe fe  	andi	t3, t3, -0x11
800022f0: 63 86 0f 2e  	beqz	t6, 0x800025dc <_vsnprintf+0xbe0>
800022f4: 93 07 00 00  	li	a5, 0x0
800022f8: 13 07 01 04  	addi	a4, sp, 0x40
800022fc: 23 24 c1 01  	sw	t3, 0x8(sp)
80002300: 23 22 91 00  	sw	s1, 0x4(sp)
80002304: 23 20 01 01  	sw	a6, 0x0(sp)
80002308: 13 06 0b 00  	mv	a2, s6
8000230c: 6f f0 df a0  	j	0x80001d18 <_vsnprintf+0x31c>
80002310: 13 57 5e 00  	srli	a4, t3, 0x5
80002314: 13 77 17 00  	andi	a4, a4, 0x1
80002318: 93 0e 10 06  	li	t4, 0x61
8000231c: 63 04 07 00  	beqz	a4, 0x80002324 <_vsnprintf+0x928>
80002320: 93 0e 10 04  	li	t4, 0x41
80002324: 93 8e 6e ff  	addi	t4, t4, -0xa
80002328: 13 07 01 04  	addi	a4, sp, 0x40
8000232c: 93 05 90 00  	li	a1, 0x9
80002330: b3 76 16 03  	remu	a3, a2, a7
80002334: 93 87 17 00  	addi	a5, a5, 0x1
80002338: 63 e6 d5 02  	bltu	a1, a3, 0x80002364 <_vsnprintf+0x968>
8000233c: 93 86 06 03  	addi	a3, a3, 0x30
80002340: 33 05 f7 00  	add	a0, a4, a5
80002344: a3 0f d5 fe  	sb	a3, -0x1(a0)
80002348: 93 86 07 fe  	addi	a3, a5, -0x20
8000234c: e3 88 06 e0  	beqz	a3, 0x8000215c <_vsnprintf+0x760>
80002350: e3 66 16 e1  	bltu	a2, a7, 0x8000215c <_vsnprintf+0x760>
80002354: 33 56 16 03  	divu	a2, a2, a7
80002358: 93 87 17 00  	addi	a5, a5, 0x1
8000235c: b3 76 16 03  	remu	a3, a2, a7
80002360: e3 fe d5 fc  	bgeu	a1, a3, 0x8000233c <_vsnprintf+0x940>
80002364: b3 86 d6 01  	add	a3, a3, t4
80002368: 33 05 f7 00  	add	a0, a4, a5
8000236c: a3 0f d5 fe  	sb	a3, -0x1(a0)
80002370: 93 86 07 fe  	addi	a3, a5, -0x20
80002374: e3 84 06 de  	beqz	a3, 0x8000215c <_vsnprintf+0x760>
80002378: 93 36 06 01  	sltiu	a3, a2, 0x10
8000237c: e3 90 06 de  	bnez	a3, 0x8000215c <_vsnprintf+0x760>
80002380: 13 56 46 00  	srli	a2, a2, 0x4
80002384: 6f f0 df fa  	j	0x80002330 <_vsnprintf+0x934>
80002388: 63 f8 97 54  	bgeu	a5, s1, 0x800028d8 <_vsnprintf+0xedc>
8000238c: 93 06 00 40  	li	a3, 0x400
80002390: 33 8d 64 01  	add	s10, s1, s6
80002394: 33 0d fd 40  	sub	s10, s10, a5
80002398: 93 07 04 00  	mv	a5, s0
8000239c: 23 2e b1 00  	sw	a1, 0x1c(sp)
800023a0: 13 04 0b 00  	mv	s0, s6
800023a4: 23 20 01 03  	sw	a6, 0x20(sp)
800023a8: 23 22 d1 02  	sw	a3, 0x24(sp)
800023ac: 13 8b 07 00  	mv	s6, a5
800023b0: 13 06 04 00  	mv	a2, s0
800023b4: 93 06 0c 00  	mv	a3, s8
800023b8: 13 04 14 00  	addi	s0, s0, 0x1
800023bc: 93 85 0c 00  	mv	a1, s9
800023c0: 13 05 00 02  	li	a0, 0x20
800023c4: e7 80 0b 00  	jalr	s7
800023c8: e3 14 a4 ff  	bne	s0, s10, 0x800023b0 <_vsnprintf+0x9b4>
800023cc: 83 25 c1 01  	lw	a1, 0x1c(sp)
800023d0: 93 07 0b 00  	mv	a5, s6
800023d4: 03 28 01 02  	lw	a6, 0x20(sp)
800023d8: 03 c5 05 00  	lbu	a0, 0x0(a1)
800023dc: 13 0b 04 00  	mv	s6, s0
800023e0: 83 26 41 02  	lw	a3, 0x24(sp)
800023e4: 13 84 07 00  	mv	s0, a5
800023e8: e3 0c 05 ba  	beqz	a0, 0x80001fa0 <_vsnprintf+0x5a4>
800023ec: 93 87 14 00  	addi	a5, s1, 0x1
800023f0: e3 8c 06 c6  	beqz	a3, 0x80002068 <_vsnprintf+0x66c>
800023f4: 93 06 00 00  	li	a3, 0x0
800023f8: 6f f0 1f 9e  	j	0x80001dd8 <_vsnprintf+0x3dc>
800023fc: e3 ea 97 f8  	bltu	a5, s1, 0x80002390 <_vsnprintf+0x994>
80002400: 93 87 17 00  	addi	a5, a5, 0x1
80002404: 6f f0 5f c6  	j	0x80002068 <_vsnprintf+0x66c>
80002408: 93 07 90 06  	li	a5, 0x69
8000240c: 13 fe f6 fe  	andi	t3, a3, -0x11
80002410: 63 1e f5 4c  	bne	a0, a5, 0x800028ec <_vsnprintf+0xef0>
80002414: 93 ff 06 40  	andi	t6, a3, 0x400
80002418: 63 84 0f 00  	beqz	t6, 0x80002420 <_vsnprintf+0xa24>
8000241c: 13 fe e6 fe  	andi	t3, a3, -0x12
80002420: 63 86 05 00  	beqz	a1, 0x8000242c <_vsnprintf+0xa30>
80002424: 13 05 c5 f9  	addi	a0, a0, -0x64
80002428: 63 1a 05 44  	bnez	a0, 0x8000287c <_vsnprintf+0xe80>
8000242c: 13 75 0e 20  	andi	a0, t3, 0x200
80002430: 63 1c 05 08  	bnez	a0, 0x800024c8 <_vsnprintf+0xacc>
80002434: 93 77 0e 10  	andi	a5, t3, 0x100
80002438: 13 03 4d 00  	addi	t1, s10, 0x4
8000243c: 63 9a 07 2e  	bnez	a5, 0x80002730 <_vsnprintf+0xd34>
80002440: 13 77 0e 04  	andi	a4, t3, 0x40
80002444: 63 04 07 2c  	beqz	a4, 0x8000270c <_vsnprintf+0xd10>
80002448: 03 47 0d 00  	lbu	a4, 0x0(s10)
8000244c: 93 06 07 00  	mv	a3, a4
80002450: 13 56 f7 01  	srli	a2, a4, 0x1f
80002454: 63 0e 07 28  	beqz	a4, 0x800026f0 <_vsnprintf+0xcf4>
80002458: b7 de cc cc  	lui	t4, 0xccccd
8000245c: 93 8e de cc  	addi	t4, t4, -0x333
80002460: 13 07 01 04  	addi	a4, sp, 0x40
80002464: 13 8f 06 00  	mv	t5, a3
80002468: 6f 00 c0 00  	j	0x80002474 <_vsnprintf+0xa78>
8000246c: 93 86 07 fe  	addi	a3, a5, -0x20
80002470: 63 8c 06 02  	beqz	a3, 0x800024a8 <_vsnprintf+0xaac>
80002474: b3 35 df 03  	mulhu	a1, t5, t4
80002478: 93 87 17 00  	addi	a5, a5, 0x1
8000247c: b3 08 f7 00  	add	a7, a4, a5
80002480: 13 35 af 00  	sltiu	a0, t5, 0xa
80002484: 93 d5 35 00  	srli	a1, a1, 0x3
80002488: 93 96 25 00  	slli	a3, a1, 0x2
8000248c: b3 86 b6 00  	add	a3, a3, a1
80002490: 93 96 16 00  	slli	a3, a3, 0x1
80002494: b3 06 df 40  	sub	a3, t5, a3
80002498: 93 86 06 03  	addi	a3, a3, 0x30
8000249c: a3 8f d8 fe  	sb	a3, -0x1(a7)
800024a0: 13 8f 05 00  	mv	t5, a1
800024a4: e3 04 05 fc  	beqz	a0, 0x8000246c <_vsnprintf+0xa70>
800024a8: 23 20 01 01  	sw	a6, 0x0(sp)
800024ac: 23 2c 61 00  	sw	t1, 0x18(sp)
800024b0: 13 08 06 00  	mv	a6, a2
800024b4: 23 24 c1 01  	sw	t3, 0x8(sp)
800024b8: 23 22 91 00  	sw	s1, 0x4(sp)
800024bc: 13 06 0b 00  	mv	a2, s6
800024c0: 93 08 a0 00  	li	a7, 0xa
800024c4: 6f f0 1f cb  	j	0x80002174 <_vsnprintf+0x778>
800024c8: 13 0d 7d 00  	addi	s10, s10, 0x7
800024cc: 13 7d 8d ff  	andi	s10, s10, -0x8
800024d0: 83 25 4d 00  	lw	a1, 0x4(s10)
800024d4: 03 26 0d 00  	lw	a2, 0x0(s10)
800024d8: 13 0d 8d 00  	addi	s10, s10, 0x8
800024dc: 13 df f5 01  	srli	t5, a1, 0x1f
800024e0: b3 67 b6 00  	or	a5, a2, a1
800024e4: 63 8e 07 36  	beqz	a5, 0x80002860 <_vsnprintf+0xe64>
800024e8: 93 d7 f5 41  	srai	a5, a1, 0x1f
800024ec: 33 c6 c7 00  	xor	a2, a5, a2
800024f0: 33 07 f6 40  	sub	a4, a2, a5
800024f4: b3 c5 b7 00  	xor	a1, a5, a1
800024f8: 33 36 e6 00  	sltu	a2, a2, a4
800024fc: b3 87 f5 40  	sub	a5, a1, a5
80002500: b7 d8 cc cc  	lui	a7, 0xccccd
80002504: b7 d3 cc cc  	lui	t2, 0xccccd
80002508: b3 85 c7 40  	sub	a1, a5, a2
8000250c: 93 88 d8 cc  	addi	a7, a7, -0x333
80002510: 13 06 07 00  	mv	a2, a4
80002514: 93 83 c3 cc  	addi	t2, t2, -0x334
80002518: 93 07 00 00  	li	a5, 0x0
8000251c: 13 07 01 04  	addi	a4, sp, 0x40
80002520: 13 03 90 00  	li	t1, 0x9
80002524: 23 2c e1 01  	sw	t5, 0x18(sp)
80002528: b3 06 b6 00  	add	a3, a2, a1
8000252c: 33 b5 c6 00  	sltu	a0, a3, a2
80002530: b3 86 a6 00  	add	a3, a3, a0
80002534: 33 b5 16 03  	mulhu	a0, a3, a7
80002538: 93 8e 05 00  	mv	t4, a1
8000253c: 93 87 17 00  	addi	a5, a5, 0x1
80002540: 93 02 06 00  	mv	t0, a2
80002544: 33 0f f7 00  	add	t5, a4, a5
80002548: 93 5f 25 00  	srli	t6, a0, 0x2
8000254c: 13 75 c5 ff  	andi	a0, a0, -0x4
80002550: 33 05 f5 01  	add	a0, a0, t6
80002554: b3 86 a6 40  	sub	a3, a3, a0
80002558: b3 06 d6 40  	sub	a3, a2, a3
8000255c: 33 35 d6 00  	sltu	a0, a2, a3
80002560: b3 85 a5 40  	sub	a1, a1, a0
80002564: b3 85 15 03  	mul	a1, a1, a7
80002568: 33 85 76 02  	mul	a0, a3, t2
8000256c: b3 85 a5 00  	add	a1, a1, a0
80002570: 33 b5 16 03  	mulhu	a0, a3, a7
80002574: b3 86 16 03  	mul	a3, a3, a7
80002578: b3 85 a5 00  	add	a1, a1, a0
8000257c: 13 95 f5 01  	slli	a0, a1, 0x1f
80002580: 93 d5 15 00  	srli	a1, a1, 0x1
80002584: 93 d6 16 00  	srli	a3, a3, 0x1
80002588: b3 06 d5 00  	add	a3, a0, a3
8000258c: 13 95 26 00  	slli	a0, a3, 0x2
80002590: 33 05 d5 00  	add	a0, a0, a3
80002594: 13 15 15 00  	slli	a0, a0, 0x1
80002598: 33 06 a6 40  	sub	a2, a2, a0
8000259c: 13 06 06 03  	addi	a2, a2, 0x30
800025a0: a3 0f cf fe  	sb	a2, -0x1(t5)
800025a4: 13 86 06 00  	mv	a2, a3
800025a8: 63 94 0e 02  	bnez	t4, 0x800025d0 <_vsnprintf+0xbd4>
800025ac: 63 62 53 02  	bltu	t1, t0, 0x800025d0 <_vsnprintf+0xbd4>
800025b0: 03 2f 81 01  	lw	t5, 0x18(sp)
800025b4: 23 20 01 01  	sw	a6, 0x0(sp)
800025b8: 23 24 c1 01  	sw	t3, 0x8(sp)
800025bc: 23 22 91 00  	sw	s1, 0x4(sp)
800025c0: 13 08 0f 00  	mv	a6, t5
800025c4: 13 06 0b 00  	mv	a2, s6
800025c8: 93 08 a0 00  	li	a7, 0xa
800025cc: 6f f0 0f f5  	j	0x80001d1c <_vsnprintf+0x320>
800025d0: 93 86 07 fe  	addi	a3, a5, -0x20
800025d4: e3 9a 06 f4  	bnez	a3, 0x80002528 <_vsnprintf+0xb2c>
800025d8: 6f f0 9f fd  	j	0x800025b0 <_vsnprintf+0xbb4>
800025dc: 93 57 5e 00  	srli	a5, t3, 0x5
800025e0: 93 f7 17 00  	andi	a5, a5, 0x1
800025e4: 13 07 10 06  	li	a4, 0x61
800025e8: 63 84 07 00  	beqz	a5, 0x800025f0 <_vsnprintf+0xbf4>
800025ec: 13 07 10 04  	li	a4, 0x41
800025f0: 93 07 67 ff  	addi	a5, a4, -0xa
800025f4: 23 20 61 03  	sw	s6, 0x20(sp)
800025f8: 23 22 91 02  	sw	s1, 0x24(sp)
800025fc: 23 2a 71 03  	sw	s7, 0x34(sp)
80002600: 23 2c 81 02  	sw	s0, 0x38(sp)
80002604: 23 2e 81 03  	sw	s8, 0x3c(sp)
80002608: 23 2e f1 00  	sw	a5, 0x1c(sp)
8000260c: 23 24 01 03  	sw	a6, 0x28(sp)
80002610: 23 26 c1 03  	sw	t3, 0x2c(sp)
80002614: 23 28 11 03  	sw	a7, 0x30(sp)
80002618: 13 04 00 00  	li	s0, 0x0
8000261c: 93 84 0e 00  	mv	s1, t4
80002620: 93 0b 0f 00  	mv	s7, t5
80002624: 13 0b 01 04  	addi	s6, sp, 0x40
80002628: 13 0c 06 00  	mv	s8, a2
8000262c: 13 06 0c 00  	mv	a2, s8
80002630: 93 06 00 00  	li	a3, 0x0
80002634: 13 85 04 00  	mv	a0, s1
80002638: 93 85 0b 00  	mv	a1, s7
8000263c: ef 20 90 2a  	jal	0x800050e4 <__umoddi3>
80002640: 13 77 f5 0f  	andi	a4, a0, 0xff
80002644: 93 07 90 00  	li	a5, 0x9
80002648: 13 04 14 00  	addi	s0, s0, 0x1
8000264c: 63 e0 e7 04  	bltu	a5, a4, 0x8000268c <_vsnprintf+0xc90>
80002650: 13 07 07 03  	addi	a4, a4, 0x30
80002654: b3 06 8b 00  	add	a3, s6, s0
80002658: a3 8f e6 fe  	sb	a4, -0x1(a3)
8000265c: 13 07 04 fe  	addi	a4, s0, -0x20
80002660: 63 04 07 04  	beqz	a4, 0x800026a8 <_vsnprintf+0xcac>
80002664: 83 27 81 01  	lw	a5, 0x18(sp)
80002668: 63 88 77 1f  	beq	a5, s7, 0x80002858 <_vsnprintf+0xe5c>
8000266c: 13 85 04 00  	mv	a0, s1
80002670: 93 85 0b 00  	mv	a1, s7
80002674: 13 06 0c 00  	mv	a2, s8
80002678: 93 06 00 00  	li	a3, 0x0
8000267c: ef 20 40 70  	jal	0x80004d80 <__udivdi3>
80002680: 93 04 05 00  	mv	s1, a0
80002684: 93 8b 05 00  	mv	s7, a1
80002688: 6f f0 5f fa  	j	0x8000262c <_vsnprintf+0xc30>
8000268c: 83 27 c1 01  	lw	a5, 0x1c(sp)
80002690: b3 06 8b 00  	add	a3, s6, s0
80002694: 33 07 f7 00  	add	a4, a4, a5
80002698: a3 8f e6 fe  	sb	a4, -0x1(a3)
8000269c: 63 9c 0b 02  	bnez	s7, 0x800026d4 <_vsnprintf+0xcd8>
800026a0: 93 07 f0 00  	li	a5, 0xf
800026a4: 63 e8 97 02  	bltu	a5, s1, 0x800026d4 <_vsnprintf+0xcd8>
800026a8: 93 07 04 00  	mv	a5, s0
800026ac: 13 07 0b 00  	mv	a4, s6
800026b0: 83 24 41 02  	lw	s1, 0x24(sp)
800026b4: 03 28 81 02  	lw	a6, 0x28(sp)
800026b8: 03 2e c1 02  	lw	t3, 0x2c(sp)
800026bc: 83 28 01 03  	lw	a7, 0x30(sp)
800026c0: 83 2b 41 03  	lw	s7, 0x34(sp)
800026c4: 03 24 81 03  	lw	s0, 0x38(sp)
800026c8: 03 2b 01 02  	lw	s6, 0x20(sp)
800026cc: 03 2c c1 03  	lw	s8, 0x3c(sp)
800026d0: 6f f0 df c2  	j	0x800022fc <_vsnprintf+0x900>
800026d4: 13 07 04 fe  	addi	a4, s0, -0x20
800026d8: e3 08 07 fc  	beqz	a4, 0x800026a8 <_vsnprintf+0xcac>
800026dc: 13 97 cb 01  	slli	a4, s7, 0x1c
800026e0: 93 de 44 00  	srli	t4, s1, 0x4
800026e4: b3 04 d7 01  	add	s1, a4, t4
800026e8: 93 db 4b 00  	srli	s7, s7, 0x4
800026ec: 6f f0 1f f4  	j	0x8000262c <_vsnprintf+0xc30>
800026f0: 13 07 01 04  	addi	a4, sp, 0x40
800026f4: e3 9a 0f da  	bnez	t6, 0x800024a8 <_vsnprintf+0xaac>
800026f8: 93 07 00 03  	li	a5, 0x30
800026fc: 23 00 f1 04  	sb	a5, 0x40(sp)
80002700: 13 07 01 04  	addi	a4, sp, 0x40
80002704: 93 07 10 00  	li	a5, 0x1
80002708: 6f f0 1f da  	j	0x800024a8 <_vsnprintf+0xaac>
8000270c: 13 77 0e 08  	andi	a4, t3, 0x80
80002710: 63 0e 07 16  	beqz	a4, 0x8000288c <_vsnprintf+0xe90>
80002714: 03 17 0d 00  	lh	a4, 0x0(s10)
80002718: 13 56 f7 40  	srai	a2, a4, 0xf
8000271c: b3 46 c7 00  	xor	a3, a4, a2
80002720: b3 86 c6 40  	sub	a3, a3, a2
80002724: 93 96 06 01  	slli	a3, a3, 0x10
80002728: 93 d6 06 01  	srli	a3, a3, 0x10
8000272c: 6f f0 5f d2  	j	0x80002450 <_vsnprintf+0xa54>
80002730: 83 26 0d 00  	lw	a3, 0x0(s10)
80002734: 13 d6 f6 01  	srli	a2, a3, 0x1f
80002738: 63 88 06 16  	beqz	a3, 0x800028a8 <_vsnprintf+0xeac>
8000273c: 93 d7 f6 41  	srai	a5, a3, 0x1f
80002740: b3 c6 d7 00  	xor	a3, a5, a3
80002744: b7 de cc cc  	lui	t4, 0xccccd
80002748: b3 86 f6 40  	sub	a3, a3, a5
8000274c: 93 8e de cc  	addi	t4, t4, -0x333
80002750: 13 07 01 04  	addi	a4, sp, 0x40
80002754: b3 b5 d6 03  	mulhu	a1, a3, t4
80002758: 13 05 15 00  	addi	a0, a0, 0x1
8000275c: 33 0f a7 00  	add	t5, a4, a0
80002760: 93 b8 a6 00  	sltiu	a7, a3, 0xa
80002764: 93 d5 35 00  	srli	a1, a1, 0x3
80002768: 93 97 25 00  	slli	a5, a1, 0x2
8000276c: b3 87 b7 00  	add	a5, a5, a1
80002770: 93 97 17 00  	slli	a5, a5, 0x1
80002774: b3 87 f6 40  	sub	a5, a3, a5
80002778: 93 87 07 03  	addi	a5, a5, 0x30
8000277c: a3 0f ff fe  	sb	a5, -0x1(t5)
80002780: 93 86 05 00  	mv	a3, a1
80002784: 63 96 08 00  	bnez	a7, 0x80002790 <_vsnprintf+0xd94>
80002788: 93 07 05 fe  	addi	a5, a0, -0x20
8000278c: e3 94 07 fc  	bnez	a5, 0x80002754 <_vsnprintf+0xd58>
80002790: 23 20 01 01  	sw	a6, 0x0(sp)
80002794: 23 2c 61 00  	sw	t1, 0x18(sp)
80002798: 13 08 06 00  	mv	a6, a2
8000279c: 23 24 c1 01  	sw	t3, 0x8(sp)
800027a0: 23 22 91 00  	sw	s1, 0x4(sp)
800027a4: 93 07 05 00  	mv	a5, a0
800027a8: 13 06 0b 00  	mv	a2, s6
800027ac: 93 08 a0 00  	li	a7, 0xa
800027b0: 6f f0 5f 9c  	j	0x80002174 <_vsnprintf+0x778>
800027b4: 03 26 0d 00  	lw	a2, 0x0(s10)
800027b8: 63 18 06 00  	bnez	a2, 0x800027c8 <_vsnprintf+0xdcc>
800027bc: 13 7e fe fe  	andi	t3, t3, -0x11
800027c0: 13 07 01 04  	addi	a4, sp, 0x40
800027c4: 63 9e 0f 06  	bnez	t6, 0x80002840 <_vsnprintf+0xe44>
800027c8: 93 57 5e 00  	srli	a5, t3, 0x5
800027cc: 93 f7 17 00  	andi	a5, a5, 0x1
800027d0: 93 0e 10 06  	li	t4, 0x61
800027d4: 63 84 07 00  	beqz	a5, 0x800027dc <_vsnprintf+0xde0>
800027d8: 93 0e 10 04  	li	t4, 0x41
800027dc: 93 8e 6e ff  	addi	t4, t4, -0xa
800027e0: 13 07 01 04  	addi	a4, sp, 0x40
800027e4: 93 05 90 00  	li	a1, 0x9
800027e8: b3 77 16 03  	remu	a5, a2, a7
800027ec: 93 86 16 00  	addi	a3, a3, 0x1
800027f0: 63 e6 f5 02  	bltu	a1, a5, 0x8000281c <_vsnprintf+0xe20>
800027f4: 93 87 07 03  	addi	a5, a5, 0x30
800027f8: 33 05 d7 00  	add	a0, a4, a3
800027fc: a3 0f f5 fe  	sb	a5, -0x1(a0)
80002800: 93 87 06 fe  	addi	a5, a3, -0x20
80002804: 63 8e 07 02  	beqz	a5, 0x80002840 <_vsnprintf+0xe44>
80002808: 63 6c 16 03  	bltu	a2, a7, 0x80002840 <_vsnprintf+0xe44>
8000280c: 33 56 16 03  	divu	a2, a2, a7
80002810: 93 86 16 00  	addi	a3, a3, 0x1
80002814: b3 77 16 03  	remu	a5, a2, a7
80002818: e3 fe f5 fc  	bgeu	a1, a5, 0x800027f4 <_vsnprintf+0xdf8>
8000281c: b3 87 d7 01  	add	a5, a5, t4
80002820: 33 05 d7 00  	add	a0, a4, a3
80002824: a3 0f f5 fe  	sb	a5, -0x1(a0)
80002828: 93 37 06 01  	sltiu	a5, a2, 0x10
8000282c: 63 9a 07 00  	bnez	a5, 0x80002840 <_vsnprintf+0xe44>
80002830: 93 87 06 fe  	addi	a5, a3, -0x20
80002834: 63 86 07 00  	beqz	a5, 0x80002840 <_vsnprintf+0xe44>
80002838: 13 56 46 00  	srli	a2, a2, 0x4
8000283c: 6f f0 df fa  	j	0x800027e8 <_vsnprintf+0xdec>
80002840: 23 2c 61 00  	sw	t1, 0x18(sp)
80002844: 23 24 c1 01  	sw	t3, 0x8(sp)
80002848: 23 22 91 00  	sw	s1, 0x4(sp)
8000284c: 23 20 01 01  	sw	a6, 0x0(sp)
80002850: 93 87 06 00  	mv	a5, a3
80002854: 6f f0 9f 91  	j	0x8000216c <_vsnprintf+0x770>
80002858: e3 e8 84 e5  	bltu	s1, s8, 0x800026a8 <_vsnprintf+0xcac>
8000285c: 6f f0 1f e1  	j	0x8000266c <_vsnprintf+0xc70>
80002860: 13 07 01 04  	addi	a4, sp, 0x40
80002864: e3 98 0f d4  	bnez	t6, 0x800025b4 <_vsnprintf+0xbb8>
80002868: 93 07 00 03  	li	a5, 0x30
8000286c: 23 00 f1 04  	sb	a5, 0x40(sp)
80002870: 13 07 01 04  	addi	a4, sp, 0x40
80002874: 93 07 10 00  	li	a5, 0x1
80002878: 6f f0 df d3  	j	0x800025b4 <_vsnprintf+0xbb8>
8000287c: 13 06 a0 00  	li	a2, 0xa
80002880: 93 08 06 00  	mv	a7, a2
80002884: 23 2c 01 00  	sw	zero, 0x18(sp)
80002888: 6f f0 9f 89  	j	0x80002120 <_vsnprintf+0x724>
8000288c: 03 27 0d 00  	lw	a4, 0x0(s10)
80002890: 13 56 f7 41  	srai	a2, a4, 0x1f
80002894: b3 46 e6 00  	xor	a3, a2, a4
80002898: b3 86 c6 40  	sub	a3, a3, a2
8000289c: 6f f0 5f bb  	j	0x80002450 <_vsnprintf+0xa54>
800028a0: 03 26 0d 00  	lw	a2, 0x0(s10)
800028a4: 6f f0 5f 8a  	j	0x80002148 <_vsnprintf+0x74c>
800028a8: 13 07 01 04  	addi	a4, sp, 0x40
800028ac: e3 92 0f ee  	bnez	t6, 0x80002790 <_vsnprintf+0xd94>
800028b0: 93 07 00 03  	li	a5, 0x30
800028b4: 23 00 f1 04  	sb	a5, 0x40(sp)
800028b8: 13 07 01 04  	addi	a4, sp, 0x40
800028bc: 13 05 10 00  	li	a0, 0x1
800028c0: 6f f0 1f ed  	j	0x80002790 <_vsnprintf+0xd94>
800028c4: 93 f6 26 00  	andi	a3, a3, 0x2
800028c8: 63 9e 06 fe  	bnez	a3, 0x800020c4 <_vsnprintf+0x6c8>
800028cc: e3 92 04 ac  	bnez	s1, 0x80002390 <_vsnprintf+0x994>
800028d0: 03 2d 81 01  	lw	s10, 0x18(sp)
800028d4: 6f f0 8f 9b  	j	0x80001a8c <_vsnprintf+0x90>
800028d8: 93 87 17 00  	addi	a5, a5, 0x1
800028dc: 6f f0 cf cf  	j	0x80001dd8 <_vsnprintf+0x3dc>
800028e0: 93 06 00 40  	li	a3, 0x400
800028e4: e3 96 04 aa  	bnez	s1, 0x80002390 <_vsnprintf+0x994>
800028e8: 6f f0 9f fe  	j	0x800028d0 <_vsnprintf+0xed4>
800028ec: 13 06 a0 00  	li	a2, 0xa
800028f0: 93 06 0e 00  	mv	a3, t3
800028f4: 93 08 06 00  	mv	a7, a2
800028f8: 23 2c 01 00  	sw	zero, 0x18(sp)
800028fc: 6f f0 1f 81  	j	0x8000210c <_vsnprintf+0x710>
80002900: 13 fe f6 fe  	andi	t3, a3, -0x11
80002904: 93 05 75 f9  	addi	a1, a0, -0x69
80002908: 6f f0 df b0  	j	0x80002414 <_vsnprintf+0xa18>

8000290c <tiny_vprintf>:
8000290c: 13 01 01 fe  	addi	sp, sp, -0x20
80002910: 93 06 05 00  	mv	a3, a0
80002914: 13 87 05 00  	mv	a4, a1
80002918: 13 06 f0 ff  	li	a2, -0x1
8000291c: 93 05 c1 00  	addi	a1, sp, 0xc
80002920: 17 e5 ff ff  	auipc	a0, 0xffffe
80002924: 13 05 85 24  	addi	a0, a0, 0x248
80002928: 23 2e 11 00  	sw	ra, 0x1c(sp)
8000292c: ef f0 0f 8d  	jal	0x800019fc <_vsnprintf>
80002930: 83 20 c1 01  	lw	ra, 0x1c(sp)
80002934: 13 01 01 02  	addi	sp, sp, 0x20
80002938: 67 80 00 00  	ret

8000293c <vx_serial>:
8000293c: 13 01 41 fe  	addi	sp, sp, -0x1c
80002940: 23 2c 11 00  	sw	ra, 0x18(sp)
80002944: 23 2a 51 01  	sw	s5, 0x14(sp)
80002948: 23 28 41 01  	sw	s4, 0x10(sp)
8000294c: 23 26 31 01  	sw	s3, 0xc(sp)
80002950: 23 24 21 01  	sw	s2, 0x8(sp)
80002954: 23 22 91 00  	sw	s1, 0x4(sp)
80002958: 23 20 81 00  	sw	s0, 0x0(sp)
8000295c: 13 0a 05 00  	mv	s4, a0
80002960: 93 89 05 00  	mv	s3, a1
80002964: 73 29 00 fc  	csrr	s2, nt
80002968: f3 24 00 cc  	csrr	s1, tid
8000296c: 13 04 00 00  	li	s0, 0x0

80002970 <label_loop>:
80002970: b3 02 94 40  	sub	t0, s0, s1
80002974: 13 b3 12 00  	seqz	t1, t0
80002978: 8b 2a 03 00  	vx_split	s5, t1
8000297c: 63 96 02 00  	bnez	t0, 0x80002988 <label_join>
80002980: 13 85 09 00  	mv	a0, s3
80002984: e7 00 0a 00  	jalr	s4

80002988 <label_join>:
80002988: 0b b0 0a 00  	vx_join	s5
8000298c: 13 04 14 00  	addi	s0, s0, 0x1
80002990: e3 40 24 ff  	blt	s0, s2, 0x80002970 <label_loop>
80002994: 83 20 81 01  	lw	ra, 0x18(sp)
80002998: 83 2a 41 01  	lw	s5, 0x14(sp)
8000299c: 03 2a 01 01  	lw	s4, 0x10(sp)
800029a0: 83 29 c1 00  	lw	s3, 0xc(sp)
800029a4: 03 29 81 00  	lw	s2, 0x8(sp)
800029a8: 83 24 41 00  	lw	s1, 0x4(sp)
800029ac: 03 24 01 00  	lw	s0, 0x0(sp)
800029b0: 13 01 c1 01  	addi	sp, sp, 0x1c
800029b4: 67 80 00 00  	ret

800029b8 <__adddf3>:
800029b8: 13 01 01 fb  	addi	sp, sp, -0x50
800029bc: 23 26 11 04  	sw	ra, 0x4c(sp)
800029c0: 23 24 81 04  	sw	s0, 0x48(sp)
800029c4: 23 22 91 04  	sw	s1, 0x44(sp)
800029c8: 23 20 21 05  	sw	s2, 0x40(sp)
800029cc: 23 2e 31 03  	sw	s3, 0x3c(sp)
800029d0: 23 2c 41 03  	sw	s4, 0x38(sp)
800029d4: 23 2a 51 03  	sw	s5, 0x34(sp)
800029d8: 23 28 61 03  	sw	s6, 0x30(sp)
800029dc: 23 26 71 03  	sw	s7, 0x2c(sp)
800029e0: 23 24 81 03  	sw	s8, 0x28(sp)
800029e4: 23 22 91 03  	sw	s9, 0x24(sp)
800029e8: 23 20 a1 03  	sw	s10, 0x20(sp)
800029ec: 23 2e b1 01  	sw	s11, 0x1c(sp)
800029f0: 93 89 06 00  	mv	s3, a3
800029f4: 13 09 06 00  	mv	s2, a2
800029f8: 93 84 05 00  	mv	s1, a1
800029fc: 13 04 05 00  	mv	s0, a0
80002a00: 93 0b 00 00  	li	s7, 0x0
80002a04: 13 0d 00 00  	li	s10, 0x0
80002a08: 93 00 00 00  	li	ra, 0x0
80002a0c: 13 0c 00 00  	li	s8, 0x0
80002a10: 37 05 00 80  	lui	a0, 0x80000
80002a14: 13 05 f5 ff  	addi	a0, a0, -0x1
80002a18: b3 f5 a5 00  	and	a1, a1, a0
80002a1c: 33 fb a6 00  	and	s6, a3, a0
80002a20: 37 05 10 80  	lui	a0, 0x80100
80002a24: 33 86 a5 00  	add	a2, a1, a0
80002a28: 33 36 a6 00  	sltu	a2, a2, a0
80002a2c: b3 56 b6 0e  	czero.eqz	a3, a2, a1
80002a30: 13 36 14 00  	seqz	a2, s0
80002a34: 33 77 b6 0e  	czero.nez	a4, a2, a1
80002a38: b3 66 d7 00  	or	a3, a4, a3
80002a3c: 33 07 ab 00  	add	a4, s6, a0
80002a40: 33 35 a7 00  	sltu	a0, a4, a0
80002a44: 33 55 65 0f  	czero.eqz	a0, a0, s6
80002a48: 13 37 19 00  	seqz	a4, s2
80002a4c: b3 77 67 0f  	czero.nez	a5, a4, s6
80002a50: 33 e5 a7 00  	or	a0, a5, a0
80002a54: b3 e7 a6 00  	or	a5, a3, a0
80002a58: 0b a5 17 00  	vx_split_n	a0, a5
80002a5c: 93 06 10 00  	li	a3, 0x1
80002a60: 63 80 07 10  	beqz	a5, 0x80002b60 <__adddf3+0x1a8>
80002a64: 93 06 00 00  	li	a3, 0x0
80002a68: 93 0b 00 00  	li	s7, 0x0
80002a6c: 13 0d 00 00  	li	s10, 0x0
80002a70: 93 00 00 00  	li	ra, 0x0
80002a74: b7 07 f0 7f  	lui	a5, 0x7ff00
80002a78: 33 c8 f5 00  	xor	a6, a1, a5
80002a7c: 33 76 06 0f  	czero.nez	a2, a2, a6
80002a80: 93 d8 45 01  	srli	a7, a1, 0x14
80002a84: 93 b8 f8 7f  	sltiu	a7, a7, 0x7ff
80002a88: 33 d8 08 0f  	czero.eqz	a6, a7, a6
80002a8c: 33 68 06 01  	or	a6, a2, a6
80002a90: 0b 26 18 00  	vx_split_n	a2, a6
80002a94: 13 0c 10 00  	li	s8, 0x1
80002a98: 63 02 08 0c  	beqz	a6, 0x80002b5c <__adddf3+0x1a4>
80002a9c: 93 06 00 00  	li	a3, 0x0
80002aa0: 93 0b 00 00  	li	s7, 0x0
80002aa4: 13 0d 00 00  	li	s10, 0x0
80002aa8: b3 47 fb 00  	xor	a5, s6, a5
80002aac: 33 77 f7 0e  	czero.nez	a4, a4, a5
80002ab0: 13 58 4b 01  	srli	a6, s6, 0x14
80002ab4: 13 38 f8 7f  	sltiu	a6, a6, 0x7ff
80002ab8: b3 57 f8 0e  	czero.eqz	a5, a6, a5
80002abc: b3 67 f7 00  	or	a5, a4, a5
80002ac0: 0b a7 17 00  	vx_split_n	a4, a5
80002ac4: 93 00 10 00  	li	ra, 0x1
80002ac8: 63 86 07 08  	beqz	a5, 0x80002b54 <__adddf3+0x19c>
80002acc: 93 06 00 00  	li	a3, 0x0
80002ad0: 93 0b 00 00  	li	s7, 0x0
80002ad4: 37 08 f0 7f  	lui	a6, 0x7ff00
80002ad8: b3 c7 05 01  	xor	a5, a1, a6
80002adc: b3 67 f4 00  	or	a5, s0, a5
80002ae0: b3 38 f0 00  	snez	a7, a5
80002ae4: 8b a7 18 00  	vx_split_n	a5, a7
80002ae8: 13 0d 10 00  	li	s10, 0x1
80002aec: 63 80 08 06  	beqz	a7, 0x80002b4c <__adddf3+0x194>
80002af0: 93 06 00 00  	li	a3, 0x0
80002af4: 93 0b 00 00  	li	s7, 0x0
80002af8: 33 48 0b 01  	xor	a6, s6, a6
80002afc: 33 68 09 01  	or	a6, s2, a6
80002b00: b3 38 00 01  	snez	a7, a6
80002b04: 0b a8 18 00  	vx_split_n	a6, a7
80002b08: 13 0a 09 00  	mv	s4, s2
80002b0c: 93 8a 09 00  	mv	s5, s3
80002b10: 63 8a 08 02  	beqz	a7, 0x80002b44 <__adddf3+0x18c>
80002b14: 93 06 00 00  	li	a3, 0x0
80002b18: b3 68 b4 00  	or	a7, s0, a1
80002b1c: b3 32 10 01  	snez	t0, a7
80002b20: 8b a8 12 00  	vx_split_n	a7, t0
80002b24: 93 0b 10 00  	li	s7, 0x1
80002b28: 63 8c 02 00  	beqz	t0, 0x80002b40 <__adddf3+0x188>
80002b2c: 93 0b 00 00  	li	s7, 0x0
80002b30: b3 66 69 01  	or	a3, s2, s6
80002b34: b3 36 d0 00  	snez	a3, a3
80002b38: 13 0a 04 00  	mv	s4, s0
80002b3c: 93 8a 04 00  	mv	s5, s1
80002b40: 0b b0 08 00  	vx_join	a7
80002b44: 0b 30 08 00  	vx_join	a6
80002b48: 13 0d 00 00  	li	s10, 0x0
80002b4c: 0b b0 07 00  	vx_join	a5
80002b50: 93 00 00 00  	li	ra, 0x0
80002b54: 0b 30 07 00  	vx_join	a4
80002b58: 13 0c 00 00  	li	s8, 0x0
80002b5c: 0b 30 06 00  	vx_join	a2
80002b60: 0b 30 05 00  	vx_join	a0
80002b64: 0b a5 16 00  	vx_split_n	a0, a3
80002b68: b3 cc 99 00  	xor	s9, s3, s1
80002b6c: e3 8a 06 0a  	beqz	a3, 0x80003420 <__adddf3+0xa68>
80002b70: 23 2c a1 00  	sw	a0, 0x18(sp)
80002b74: 37 05 10 00  	lui	a0, 0x100
80002b78: 13 05 f5 ff  	addi	a0, a0, -0x1
80002b7c: 33 46 bb 00  	xor	a2, s6, a1
80002b80: b3 b5 65 01  	sltu	a1, a1, s6
80002b84: b3 d5 c5 0e  	czero.eqz	a1, a1, a2
80002b88: b3 36 24 01  	sltu	a3, s0, s2
80002b8c: 33 f6 c6 0e  	czero.nez	a2, a3, a2
80002b90: b3 65 b6 00  	or	a1, a2, a1
80002b94: 33 76 b9 0e  	czero.nez	a2, s2, a1
80002b98: b3 57 b4 0e  	czero.eqz	a5, s0, a1
80002b9c: b3 e7 c7 00  	or	a5, a5, a2
80002ba0: 33 f6 b9 0e  	czero.nez	a2, s3, a1
80002ba4: b3 d6 b4 0e  	czero.eqz	a3, s1, a1
80002ba8: b3 e8 c6 00  	or	a7, a3, a2
80002bac: 33 76 b4 0e  	czero.nez	a2, s0, a1
80002bb0: b3 56 b9 0e  	czero.eqz	a3, s2, a1
80002bb4: b3 e6 c6 00  	or	a3, a3, a2
80002bb8: 33 f6 b4 0e  	czero.nez	a2, s1, a1
80002bbc: 33 d7 b9 0e  	czero.eqz	a4, s3, a1
80002bc0: 33 67 c7 00  	or	a4, a4, a2
80002bc4: 13 16 17 00  	slli	a2, a4, 0x1
80002bc8: 13 56 56 01  	srli	a2, a2, 0x15
80002bcc: 93 92 18 00  	slli	t0, a7, 0x1
80002bd0: 33 78 a7 00  	and	a6, a4, a0
80002bd4: 93 35 16 00  	seqz	a1, a2
80002bd8: 0b a3 15 00  	vx_split_n	t1, a1
80002bdc: 63 84 05 16  	beqz	a1, 0x80002d44 <__adddf3+0x38c>
80002be0: 33 3e 00 01  	snez	t3, a6
80002be4: 8b 25 1e 00  	vx_split_n	a1, t3
80002be8: 13 06 10 00  	li	a2, 0x1
80002bec: 63 02 0e 08  	beqz	t3, 0x80002c70 <__adddf3+0x2b8>
80002bf0: 13 06 00 00  	li	a2, 0x0
80002bf4: 93 53 18 00  	srli	t2, a6, 0x1
80002bf8: b3 63 78 00  	or	t2, a6, t2
80002bfc: 13 de 23 00  	srli	t3, t2, 0x2
80002c00: b3 e3 c3 01  	or	t2, t2, t3
80002c04: 13 de 43 00  	srli	t3, t2, 0x4
80002c08: b3 e3 c3 01  	or	t2, t2, t3
80002c0c: 13 de 83 00  	srli	t3, t2, 0x8
80002c10: b3 e3 c3 01  	or	t2, t2, t3
80002c14: 13 de 03 01  	srli	t3, t2, 0x10
80002c18: b3 e3 c3 01  	or	t2, t2, t3
80002c1c: 93 c3 f3 ff  	not	t2, t2
80002c20: 13 de 13 00  	srli	t3, t2, 0x1
80002c24: b7 5e 55 55  	lui	t4, 0x55555
80002c28: 93 8e 5e 55  	addi	t4, t4, 0x555
80002c2c: 33 7e de 01  	and	t3, t3, t4
80002c30: b3 83 c3 41  	sub	t2, t2, t3
80002c34: 37 3e 33 33  	lui	t3, 0x33333
80002c38: 13 0e 3e 33  	addi	t3, t3, 0x333
80002c3c: b3 fe c3 01  	and	t4, t2, t3
80002c40: 93 d3 23 00  	srli	t2, t2, 0x2
80002c44: b3 f3 c3 01  	and	t2, t2, t3
80002c48: b3 83 7e 00  	add	t2, t4, t2
80002c4c: 13 de 43 00  	srli	t3, t2, 0x4
80002c50: b3 83 c3 01  	add	t2, t2, t3
80002c54: 37 1e 0f 0f  	lui	t3, 0xf0f1
80002c58: 13 0e fe f0  	addi	t3, t3, -0xf1
80002c5c: b3 f3 c3 01  	and	t2, t2, t3
80002c60: 37 0e 01 01  	lui	t3, 0x1010
80002c64: 13 0e 1e 10  	addi	t3, t3, 0x101
80002c68: b3 83 c3 03  	mul	t2, t2, t3
80002c6c: 93 d3 83 01  	srli	t2, t2, 0x18
80002c70: 0b b0 05 00  	vx_join	a1
80002c74: 8b 25 16 00  	vx_split_n	a1, a2
80002c78: 63 02 06 08  	beqz	a2, 0x80002cfc <__adddf3+0x344>
80002c7c: 13 d6 16 00  	srli	a2, a3, 0x1
80002c80: 33 e6 c6 00  	or	a2, a3, a2
80002c84: 93 53 26 00  	srli	t2, a2, 0x2
80002c88: 33 66 76 00  	or	a2, a2, t2
80002c8c: 93 53 46 00  	srli	t2, a2, 0x4
80002c90: 33 66 76 00  	or	a2, a2, t2
80002c94: 93 53 86 00  	srli	t2, a2, 0x8
80002c98: 33 66 76 00  	or	a2, a2, t2
80002c9c: 93 53 06 01  	srli	t2, a2, 0x10
80002ca0: 33 66 76 00  	or	a2, a2, t2
80002ca4: 13 46 f6 ff  	not	a2, a2
80002ca8: 93 53 16 00  	srli	t2, a2, 0x1
80002cac: 37 5e 55 55  	lui	t3, 0x55555
80002cb0: 13 0e 5e 55  	addi	t3, t3, 0x555
80002cb4: b3 f3 c3 01  	and	t2, t2, t3
80002cb8: 33 06 76 40  	sub	a2, a2, t2
80002cbc: b7 33 33 33  	lui	t2, 0x33333
80002cc0: 93 83 33 33  	addi	t2, t2, 0x333
80002cc4: 33 7e 76 00  	and	t3, a2, t2
80002cc8: 13 56 26 00  	srli	a2, a2, 0x2
80002ccc: 33 76 76 00  	and	a2, a2, t2
80002cd0: 33 06 ce 00  	add	a2, t3, a2
80002cd4: 93 53 46 00  	srli	t2, a2, 0x4
80002cd8: 33 06 76 00  	add	a2, a2, t2
80002cdc: b7 13 0f 0f  	lui	t2, 0xf0f1
80002ce0: 93 83 f3 f0  	addi	t2, t2, -0xf1
80002ce4: 33 76 76 00  	and	a2, a2, t2
80002ce8: b7 03 01 01  	lui	t2, 0x1010
80002cec: 93 83 13 10  	addi	t2, t2, 0x101
80002cf0: 33 06 76 02  	mul	a2, a2, t2
80002cf4: 13 56 86 01  	srli	a2, a2, 0x18
80002cf8: 93 63 06 02  	ori	t2, a2, 0x20
80002cfc: 0b b0 05 00  	vx_join	a1
80002d00: 93 85 53 ff  	addi	a1, t2, -0xb
80002d04: 13 06 a0 02  	li	a2, 0x2a
80002d08: 33 06 76 40  	sub	a2, a2, t2
80002d0c: 13 de 16 00  	srli	t3, a3, 0x1
80002d10: 33 56 ce 00  	srl	a2, t3, a2
80002d14: 33 18 b8 00  	sll	a6, a6, a1
80002d18: 33 66 c8 00  	or	a2, a6, a2
80002d1c: 13 88 53 fd  	addi	a6, t2, -0x2b
80002d20: 13 2e 08 00  	slti	t3, a6, 0x0
80002d24: 33 56 c6 0f  	czero.eqz	a2, a2, t3
80002d28: 33 98 06 01  	sll	a6, a3, a6
80002d2c: 33 78 c8 0f  	czero.nez	a6, a6, t3
80002d30: 33 68 06 01  	or	a6, a2, a6
80002d34: b3 95 b6 00  	sll	a1, a3, a1
80002d38: b3 d6 c5 0f  	czero.eqz	a3, a1, t3
80002d3c: 93 05 c0 00  	li	a1, 0xc
80002d40: 33 86 75 40  	sub	a2, a1, t2
80002d44: 93 05 f0 ff  	li	a1, -0x1
80002d48: 93 de 52 01  	srli	t4, t0, 0x15
80002d4c: b3 f8 a8 00  	and	a7, a7, a0
80002d50: 0b 30 03 00  	vx_join	t1
80002d54: 13 b3 1e 00  	seqz	t1, t4
80002d58: 8b 22 13 00  	vx_split_n	t0, t1
80002d5c: 63 04 03 16  	beqz	t1, 0x80002ec4 <__adddf3+0x50c>
80002d60: b3 3e 10 01  	snez	t4, a7
80002d64: 0b a3 1e 00  	vx_split_n	t1, t4
80002d68: 93 03 10 00  	li	t2, 0x1
80002d6c: 63 82 0e 08  	beqz	t4, 0x80002df0 <__adddf3+0x438>
80002d70: 93 03 00 00  	li	t2, 0x0
80002d74: 13 de 18 00  	srli	t3, a7, 0x1
80002d78: 33 ee c8 01  	or	t3, a7, t3
80002d7c: 93 5e 2e 00  	srli	t4, t3, 0x2
80002d80: 33 6e de 01  	or	t3, t3, t4
80002d84: 93 5e 4e 00  	srli	t4, t3, 0x4
80002d88: 33 6e de 01  	or	t3, t3, t4
80002d8c: 93 5e 8e 00  	srli	t4, t3, 0x8
80002d90: 33 6e de 01  	or	t3, t3, t4
80002d94: 93 5e 0e 01  	srli	t4, t3, 0x10
80002d98: 33 6e de 01  	or	t3, t3, t4
80002d9c: 13 4e fe ff  	not	t3, t3
80002da0: 93 5e 1e 00  	srli	t4, t3, 0x1
80002da4: 37 5f 55 55  	lui	t5, 0x55555
80002da8: 13 0f 5f 55  	addi	t5, t5, 0x555
80002dac: b3 fe ee 01  	and	t4, t4, t5
80002db0: 33 0e de 41  	sub	t3, t3, t4
80002db4: b7 3e 33 33  	lui	t4, 0x33333
80002db8: 93 8e 3e 33  	addi	t4, t4, 0x333
80002dbc: 33 7f de 01  	and	t5, t3, t4
80002dc0: 13 5e 2e 00  	srli	t3, t3, 0x2
80002dc4: 33 7e de 01  	and	t3, t3, t4
80002dc8: 33 0e cf 01  	add	t3, t5, t3
80002dcc: 93 5e 4e 00  	srli	t4, t3, 0x4
80002dd0: 33 0e de 01  	add	t3, t3, t4
80002dd4: b7 1e 0f 0f  	lui	t4, 0xf0f1
80002dd8: 93 8e fe f0  	addi	t4, t4, -0xf1
80002ddc: 33 7e de 01  	and	t3, t3, t4
80002de0: b7 0e 01 01  	lui	t4, 0x1010
80002de4: 93 8e 1e 10  	addi	t4, t4, 0x101
80002de8: 33 0e de 03  	mul	t3, t3, t4
80002dec: 13 5e 8e 01  	srli	t3, t3, 0x18
80002df0: 0b 30 03 00  	vx_join	t1
80002df4: 0b a3 13 00  	vx_split_n	t1, t2
80002df8: 63 82 03 08  	beqz	t2, 0x80002e7c <__adddf3+0x4c4>
80002dfc: 93 d3 17 00  	srli	t2, a5, 0x1
80002e00: b3 e3 77 00  	or	t2, a5, t2
80002e04: 13 de 23 00  	srli	t3, t2, 0x2
80002e08: b3 e3 c3 01  	or	t2, t2, t3
80002e0c: 13 de 43 00  	srli	t3, t2, 0x4
80002e10: b3 e3 c3 01  	or	t2, t2, t3
80002e14: 13 de 83 00  	srli	t3, t2, 0x8
80002e18: b3 e3 c3 01  	or	t2, t2, t3
80002e1c: 13 de 03 01  	srli	t3, t2, 0x10
80002e20: b3 e3 c3 01  	or	t2, t2, t3
80002e24: 93 c3 f3 ff  	not	t2, t2
80002e28: 13 de 13 00  	srli	t3, t2, 0x1
80002e2c: b7 5e 55 55  	lui	t4, 0x55555
80002e30: 93 8e 5e 55  	addi	t4, t4, 0x555
80002e34: 33 7e de 01  	and	t3, t3, t4
80002e38: b3 83 c3 41  	sub	t2, t2, t3
80002e3c: 37 3e 33 33  	lui	t3, 0x33333
80002e40: 13 0e 3e 33  	addi	t3, t3, 0x333
80002e44: b3 fe c3 01  	and	t4, t2, t3
80002e48: 93 d3 23 00  	srli	t2, t2, 0x2
80002e4c: b3 f3 c3 01  	and	t2, t2, t3
80002e50: b3 83 7e 00  	add	t2, t4, t2
80002e54: 13 de 43 00  	srli	t3, t2, 0x4
80002e58: b3 83 c3 01  	add	t2, t2, t3
80002e5c: 37 1e 0f 0f  	lui	t3, 0xf0f1
80002e60: 13 0e fe f0  	addi	t3, t3, -0xf1
80002e64: b3 f3 c3 01  	and	t2, t2, t3
80002e68: 37 0e 01 01  	lui	t3, 0x1010
80002e6c: 13 0e 1e 10  	addi	t3, t3, 0x101
80002e70: b3 83 c3 03  	mul	t2, t2, t3
80002e74: 93 d3 83 01  	srli	t2, t2, 0x18
80002e78: 13 ee 03 02  	ori	t3, t2, 0x20
80002e7c: 0b 30 03 00  	vx_join	t1
80002e80: 13 03 5e ff  	addi	t1, t3, -0xb
80002e84: 93 03 a0 02  	li	t2, 0x2a
80002e88: b3 83 c3 41  	sub	t2, t2, t3
80002e8c: 93 de 17 00  	srli	t4, a5, 0x1
80002e90: b3 d3 7e 00  	srl	t2, t4, t2
80002e94: b3 98 68 00  	sll	a7, a7, t1
80002e98: b3 e8 78 00  	or	a7, a7, t2
80002e9c: 93 03 5e fd  	addi	t2, t3, -0x2b
80002ea0: 93 ae 03 00  	slti	t4, t2, 0x0
80002ea4: b3 d8 d8 0f  	czero.eqz	a7, a7, t4
80002ea8: b3 93 77 00  	sll	t2, a5, t2
80002eac: b3 f3 d3 0f  	czero.nez	t2, t2, t4
80002eb0: b3 e8 78 00  	or	a7, a7, t2
80002eb4: b3 97 67 00  	sll	a5, a5, t1
80002eb8: b3 d7 d7 0f  	czero.eqz	a5, a5, t4
80002ebc: 13 03 c0 00  	li	t1, 0xc
80002ec0: b3 0e c3 41  	sub	t4, t1, t3
80002ec4: 0b b0 02 00  	vx_join	t0
80002ec8: b7 02 00 80  	lui	t0, 0x80000
80002ecc: 13 d3 d6 01  	srli	t1, a3, 0x1d
80002ed0: 13 18 38 00  	slli	a6, a6, 0x3
80002ed4: 33 63 68 00  	or	t1, a6, t1
80002ed8: b7 03 80 00  	lui	t2, 0x800
80002edc: 13 de d7 01  	srli	t3, a5, 0x1d
80002ee0: 93 98 38 00  	slli	a7, a7, 0x3
80002ee4: 13 98 37 00  	slli	a6, a5, 0x3
80002ee8: b3 67 7e 00  	or	a5, t3, t2
80002eec: b3 e7 f8 00  	or	a5, a7, a5
80002ef0: b3 48 d6 01  	xor	a7, a2, t4
80002ef4: b3 38 10 01  	snez	a7, a7
80002ef8: 0b ae 18 00  	vx_split_n	t3, a7
80002efc: 63 8c 08 0a  	beqz	a7, 0x80002fb4 <__adddf3+0x5fc>
80002f00: 13 0f 00 00  	li	t5, 0x0
80002f04: b3 0e d6 41  	sub	t4, a2, t4
80002f08: 13 ba 0e 04  	sltiu	s4, t4, 0x40
80002f0c: 8b 28 1a 00  	vx_split_n	a7, s4
80002f10: 93 0f 10 00  	li	t6, 0x1
80002f14: 63 0a 0a 08  	beqz	s4, 0x80002fa8 <__adddf3+0x5f0>
80002f18: 13 0f 00 04  	li	t5, 0x40
80002f1c: 33 0f df 41  	sub	t5, t5, t4
80002f20: b3 0f d0 41  	neg	t6, t4
80002f24: 33 1a f8 01  	sll	s4, a6, t6
80002f28: 93 0a 00 02  	li	s5, 0x20
80002f2c: b3 8a da 41  	sub	s5, s5, t4
80002f30: 93 aa 0a 00  	slti	s5, s5, 0x0
80002f34: 93 0d 0c 00  	mv	s11, s8
80002f38: 33 7c 5a 0f  	czero.nez	s8, s4, s5
80002f3c: b3 9f f7 01  	sll	t6, a5, t6
80002f40: 13 4f ff ff  	not	t5, t5
80002f44: 93 85 0c 00  	mv	a1, s9
80002f48: 93 5c 18 00  	srli	s9, a6, 0x1
80002f4c: 33 df ec 01  	srl	t5, s9, t5
80002f50: 93 8c 05 00  	mv	s9, a1
80002f54: 93 05 f0 ff  	li	a1, -0x1
80002f58: 33 ef ef 01  	or	t5, t6, t5
80002f5c: 33 5f 5f 0f  	czero.eqz	t5, t5, s5
80002f60: b3 5f 5a 0f  	czero.eqz	t6, s4, s5
80002f64: b3 ef 8f 01  	or	t6, t6, s8
80002f68: 13 8c 0d 00  	mv	s8, s11
80002f6c: 33 ef ef 01  	or	t5, t6, t5
80002f70: b3 3f e0 01  	snez	t6, t5
80002f74: 33 58 d8 01  	srl	a6, a6, t4
80002f78: 13 cf fe ff  	not	t5, t4
80002f7c: 13 9a 17 00  	slli	s4, a5, 0x1
80002f80: 33 1f ea 01  	sll	t5, s4, t5
80002f84: 33 68 e8 01  	or	a6, a6, t5
80002f88: 13 8f 0e fe  	addi	t5, t4, -0x20
80002f8c: 13 2f 0f 00  	slti	t5, t5, 0x0
80002f90: 33 58 e8 0f  	czero.eqz	a6, a6, t5
80002f94: b3 d7 d7 01  	srl	a5, a5, t4
80002f98: b3 fe e7 0f  	czero.nez	t4, a5, t5
80002f9c: 33 68 d8 01  	or	a6, a6, t4
80002fa0: 33 df e7 0f  	czero.eqz	t5, a5, t5
80002fa4: b3 6f f8 01  	or	t6, a6, t6
80002fa8: 0b b0 08 00  	vx_join	a7
80002fac: 13 88 0f 00  	mv	a6, t6
80002fb0: 93 07 0f 00  	mv	a5, t5
80002fb4: b3 7f 57 00  	and	t6, a4, t0
80002fb8: 93 92 36 00  	slli	t0, a3, 0x3
80002fbc: b3 68 73 00  	or	a7, t1, t2
80002fc0: 0b 30 0e 00  	vx_join	t3
80002fc4: 13 0e 00 00  	li	t3, 0x0
80002fc8: 13 df fc 01  	srli	t5, s9, 0x1f
80002fcc: 0b 23 1f 00  	vx_split_n	t1, t5
80002fd0: 93 03 10 00  	li	t2, 0x1
80002fd4: 63 00 0f 1c  	beqz	t5, 0x80003194 <__adddf3+0x7dc>
80002fd8: 13 0e 00 00  	li	t3, 0x0
80002fdc: b3 c6 02 01  	xor	a3, t0, a6
80002fe0: 33 c7 f8 00  	xor	a4, a7, a5
80002fe4: b3 e6 e6 00  	or	a3, a3, a4
80002fe8: 33 3f d0 00  	snez	t5, a3
80002fec: 8b 23 1f 00  	vx_split_n	t2, t5
80002ff0: 63 0a 0f 18  	beqz	t5, 0x80003184 <__adddf3+0x7cc>
80002ff4: b3 b6 02 01  	sltu	a3, t0, a6
80002ff8: 33 87 f8 40  	sub	a4, a7, a5
80002ffc: b3 06 d7 40  	sub	a3, a4, a3
80003000: 33 87 02 41  	sub	a4, t0, a6
80003004: 13 de 76 01  	srli	t3, a3, 0x17
80003008: 13 3f 1e 00  	seqz	t5, t3
8000300c: 0b 2e 1f 00  	vx_split_n	t3, t5
80003010: 93 0e 06 00  	mv	t4, a2
80003014: 63 04 0f 16  	beqz	t5, 0x8000317c <__adddf3+0x7c4>
80003018: 93 8d 0f 00  	mv	s11, t6
8000301c: b3 3f d0 00  	snez	t6, a3
80003020: 8b ae 1f 00  	vx_split_n	t4, t6
80003024: 13 0f 10 00  	li	t5, 0x1
80003028: 63 82 0f 08  	beqz	t6, 0x800030ac <__adddf3+0x6f4>
8000302c: 13 0f 00 00  	li	t5, 0x0
80003030: 93 df 16 00  	srli	t6, a3, 0x1
80003034: b3 ef f6 01  	or	t6, a3, t6
80003038: 13 da 2f 00  	srli	s4, t6, 0x2
8000303c: b3 ef 4f 01  	or	t6, t6, s4
80003040: 13 da 4f 00  	srli	s4, t6, 0x4
80003044: b3 ef 4f 01  	or	t6, t6, s4
80003048: 13 da 8f 00  	srli	s4, t6, 0x8
8000304c: b3 ef 4f 01  	or	t6, t6, s4
80003050: 13 da 0f 01  	srli	s4, t6, 0x10
80003054: b3 ef 4f 01  	or	t6, t6, s4
80003058: 93 cf ff ff  	not	t6, t6
8000305c: 13 da 1f 00  	srli	s4, t6, 0x1
80003060: b7 5a 55 55  	lui	s5, 0x55555
80003064: 93 8a 5a 55  	addi	s5, s5, 0x555
80003068: 33 7a 5a 01  	and	s4, s4, s5
8000306c: b3 8f 4f 41  	sub	t6, t6, s4
80003070: 37 3a 33 33  	lui	s4, 0x33333
80003074: 13 0a 3a 33  	addi	s4, s4, 0x333
80003078: b3 fa 4f 01  	and	s5, t6, s4
8000307c: 93 df 2f 00  	srli	t6, t6, 0x2
80003080: b3 ff 4f 01  	and	t6, t6, s4
80003084: b3 8f fa 01  	add	t6, s5, t6
80003088: 13 da 4f 00  	srli	s4, t6, 0x4
8000308c: b3 8f 4f 01  	add	t6, t6, s4
80003090: 37 1a 0f 0f  	lui	s4, 0xf0f1
80003094: 13 0a fa f0  	addi	s4, s4, -0xf1
80003098: b3 ff 4f 01  	and	t6, t6, s4
8000309c: 37 0a 01 01  	lui	s4, 0x1010
800030a0: 13 0a 1a 10  	addi	s4, s4, 0x101
800030a4: b3 8f 4f 03  	mul	t6, t6, s4
800030a8: 13 da 8f 01  	srli	s4, t6, 0x18
800030ac: 0b b0 0e 00  	vx_join	t4
800030b0: 8b 2f 1f 00  	vx_split_n	t6, t5
800030b4: 93 5e 17 00  	srli	t4, a4, 0x1
800030b8: 63 00 0f 08  	beqz	t5, 0x80003138 <__adddf3+0x780>
800030bc: 33 6f d7 01  	or	t5, a4, t4
800030c0: 13 5a 2f 00  	srli	s4, t5, 0x2
800030c4: 33 6f 4f 01  	or	t5, t5, s4
800030c8: 13 5a 4f 00  	srli	s4, t5, 0x4
800030cc: 33 6f 4f 01  	or	t5, t5, s4
800030d0: 13 5a 8f 00  	srli	s4, t5, 0x8
800030d4: 33 6f 4f 01  	or	t5, t5, s4
800030d8: 13 5a 0f 01  	srli	s4, t5, 0x10
800030dc: 33 6f 4f 01  	or	t5, t5, s4
800030e0: 13 4f ff ff  	not	t5, t5
800030e4: 13 5a 1f 00  	srli	s4, t5, 0x1
800030e8: b7 5a 55 55  	lui	s5, 0x55555
800030ec: 93 8a 5a 55  	addi	s5, s5, 0x555
800030f0: 33 7a 5a 01  	and	s4, s4, s5
800030f4: 33 0f 4f 41  	sub	t5, t5, s4
800030f8: 37 3a 33 33  	lui	s4, 0x33333
800030fc: 13 0a 3a 33  	addi	s4, s4, 0x333
80003100: b3 7a 4f 01  	and	s5, t5, s4
80003104: 13 5f 2f 00  	srli	t5, t5, 0x2
80003108: 33 7f 4f 01  	and	t5, t5, s4
8000310c: 33 8f ea 01  	add	t5, s5, t5
80003110: 13 5a 4f 00  	srli	s4, t5, 0x4
80003114: 33 0f 4f 01  	add	t5, t5, s4
80003118: 37 1a 0f 0f  	lui	s4, 0xf0f1
8000311c: 13 0a fa f0  	addi	s4, s4, -0xf1
80003120: 33 7f 4f 01  	and	t5, t5, s4
80003124: 37 0a 01 01  	lui	s4, 0x1010
80003128: 13 0a 1a 10  	addi	s4, s4, 0x101
8000312c: 33 0f 4f 03  	mul	t5, t5, s4
80003130: 13 5f 8f 01  	srli	t5, t5, 0x18
80003134: 13 6a 0f 02  	ori	s4, t5, 0x20
80003138: 0b b0 0f 00  	vx_join	t6
8000313c: 13 0f 8a ff  	addi	t5, s4, -0x8
80003140: 93 0f 70 02  	li	t6, 0x27
80003144: b3 8f 4f 41  	sub	t6, t6, s4
80003148: b3 de fe 01  	srl	t4, t4, t6
8000314c: b3 96 e6 01  	sll	a3, a3, t5
80003150: b3 e6 d6 01  	or	a3, a3, t4
80003154: 93 0e 8a fd  	addi	t4, s4, -0x28
80003158: 93 af 0e 00  	slti	t6, t4, 0x0
8000315c: b3 d6 f6 0f  	czero.eqz	a3, a3, t6
80003160: b3 1e d7 01  	sll	t4, a4, t4
80003164: b3 fe fe 0f  	czero.nez	t4, t4, t6
80003168: b3 e6 d6 01  	or	a3, a3, t4
8000316c: 33 17 e7 01  	sll	a4, a4, t5
80003170: 33 57 f7 0f  	czero.eqz	a4, a4, t6
80003174: b3 0e e6 41  	sub	t4, a2, t5
80003178: 93 8f 0d 00  	mv	t6, s11
8000317c: 0b 30 0e 00  	vx_join	t3
80003180: 13 0e 10 00  	li	t3, 0x1
80003184: 0b b0 03 00  	vx_join	t2
80003188: 93 03 00 00  	li	t2, 0x0
8000318c: 13 0a 00 00  	li	s4, 0x0
80003190: 93 0a 00 00  	li	s5, 0x0
80003194: 0b 30 03 00  	vx_join	t1
80003198: 0b a3 13 00  	vx_split_n	t1, t2
8000319c: 63 86 03 04  	beqz	t2, 0x800031e8 <__adddf3+0x830>
800031a0: b3 02 58 00  	add	t0, a6, t0
800031a4: b3 b6 02 01  	sltu	a3, t0, a6
800031a8: b3 87 17 01  	add	a5, a5, a7
800031ac: b3 86 d7 00  	add	a3, a5, a3
800031b0: 37 07 00 01  	lui	a4, 0x1000
800031b4: 33 f7 e6 00  	and	a4, a3, a4
800031b8: 93 77 18 00  	andi	a5, a6, 0x1
800031bc: 13 98 f6 01  	slli	a6, a3, 0x1f
800031c0: 93 d8 12 00  	srli	a7, t0, 0x1
800031c4: b3 e7 f8 00  	or	a5, a7, a5
800031c8: b3 e7 07 01  	or	a5, a5, a6
800031cc: 93 5e 87 01  	srli	t4, a4, 0x18
800031d0: b3 d6 d6 01  	srl	a3, a3, t4
800031d4: b3 d7 e7 0e  	czero.eqz	a5, a5, a4
800031d8: 33 f7 e2 0e  	czero.nez	a4, t0, a4
800031dc: 33 67 f7 00  	or	a4, a4, a5
800031e0: b3 0e d6 01  	add	t4, a2, t4
800031e4: 13 0e 10 00  	li	t3, 0x1
800031e8: 0b 30 03 00  	vx_join	t1
800031ec: 8b 2d 1e 00  	vx_split_n	s11, t3
800031f0: 63 04 0e 22  	beqz	t3, 0x80003418 <__adddf3+0xa60>
800031f4: 93 a7 fe 7f  	slti	a5, t4, 0x7ff
800031f8: 0b a6 17 00  	vx_split_n	a2, a5
800031fc: 23 2a c1 00  	sw	a2, 0x14(sp)
80003200: 13 06 10 00  	li	a2, 0x1
80003204: 63 8a 07 1e  	beqz	a5, 0x800033f8 <__adddf3+0xa40>
80003208: 93 a7 1e 00  	slti	a5, t4, 0x1
8000320c: 0b a6 17 00  	vx_split_n	a2, a5
80003210: 63 86 07 08  	beqz	a5, 0x8000329c <__adddf3+0x8e4>
80003214: 93 07 10 00  	li	a5, 0x1
80003218: b3 87 d7 41  	sub	a5, a5, t4
8000321c: 13 88 fe 03  	addi	a6, t4, 0x3f
80003220: b3 08 d0 41  	neg	a7, t4
80003224: 93 52 17 00  	srli	t0, a4, 0x1
80003228: b3 d8 12 01  	srl	a7, t0, a7
8000322c: b3 92 06 01  	sll	t0, a3, a6
80003230: b3 e8 12 01  	or	a7, t0, a7
80003234: 93 82 fe 01  	addi	t0, t4, 0x1f
80003238: 13 a3 02 00  	slti	t1, t0, 0x0
8000323c: b3 d8 68 0e  	czero.eqz	a7, a7, t1
80003240: b3 12 57 00  	sll	t0, a4, t0
80003244: b3 f2 62 0e  	czero.nez	t0, t0, t1
80003248: 33 18 07 01  	sll	a6, a4, a6
8000324c: 33 58 68 0e  	czero.eqz	a6, a6, t1
80003250: 33 68 58 00  	or	a6, a6, t0
80003254: 33 68 18 01  	or	a6, a6, a7
80003258: 33 38 00 01  	snez	a6, a6
8000325c: 93 08 10 fe  	li	a7, -0x1f
80003260: b3 88 d8 41  	sub	a7, a7, t4
80003264: b3 d2 16 01  	srl	t0, a3, a7
80003268: 93 a8 08 00  	slti	a7, a7, 0x0
8000326c: b3 f2 12 0f  	czero.nez	t0, t0, a7
80003270: 33 57 f7 00  	srl	a4, a4, a5
80003274: 13 c3 f7 ff  	not	t1, a5
80003278: 93 93 16 00  	slli	t2, a3, 0x1
8000327c: 33 93 63 00  	sll	t1, t2, t1
80003280: 33 67 67 00  	or	a4, a4, t1
80003284: 33 57 17 0f  	czero.eqz	a4, a4, a7
80003288: 33 67 57 00  	or	a4, a4, t0
8000328c: b3 d6 f6 00  	srl	a3, a3, a5
80003290: b3 d6 16 0f  	czero.eqz	a3, a3, a7
80003294: 33 67 07 01  	or	a4, a4, a6
80003298: 93 0e 00 00  	li	t4, 0x0
8000329c: 23 20 71 01  	sw	s7, 0x0(sp)
800032a0: 23 22 91 01  	sw	s9, 0x4(sp)
800032a4: 23 24 81 01  	sw	s8, 0x8(sp)
800032a8: 23 28 11 00  	sw	ra, 0x10(sp)
800032ac: 23 26 a1 01  	sw	s10, 0xc(sp)
800032b0: 0b 30 06 00  	vx_join	a2
800032b4: 13 7d 77 00  	andi	s10, a4, 0x7
800032b8: 13 57 37 00  	srli	a4, a4, 0x3
800032bc: 13 96 d6 01  	slli	a2, a3, 0x1d
800032c0: 33 66 c7 00  	or	a2, a4, a2
800032c4: 93 d6 36 00  	srli	a3, a3, 0x3
800032c8: 33 7c b6 00  	and	s8, a2, a1
800032cc: 33 f5 a6 00  	and	a0, a3, a0
800032d0: 93 9e 4e 01  	slli	t4, t4, 0x14
800032d4: 33 e5 ae 00  	or	a0, t4, a0
800032d8: b3 6c f5 01  	or	s9, a0, t6
800032dc: 93 8b 0f 00  	mv	s7, t6
800032e0: ef 00 80 21  	jal	0x800034f8 <__fe_getround>
800032e4: 93 8f 0b 00  	mv	t6, s7
800032e8: b3 26 a0 00  	sgtz	a3, a0
800032ec: 8b a5 16 00  	vx_split_n	a1, a3
800032f0: 13 06 10 00  	li	a2, 0x1
800032f4: 63 8e 06 06  	beqz	a3, 0x80003370 <__adddf3+0x9b8>
800032f8: 13 26 25 00  	slti	a2, a0, 0x2
800032fc: 13 47 16 00  	xori	a4, a2, 0x1
80003300: 0b 26 17 00  	vx_split_n	a2, a4
80003304: 93 06 10 00  	li	a3, 0x1
80003308: 63 0e 07 02  	beqz	a4, 0x80003344 <__adddf3+0x98c>
8000330c: 93 06 e5 ff  	addi	a3, a0, -0x2
80003310: 13 b7 16 00  	seqz	a4, a3
80003314: 8b 26 17 00  	vx_split_n	a3, a4
80003318: 13 0a 0c 00  	mv	s4, s8
8000331c: 93 8a 0c 00  	mv	s5, s9
80003320: 63 0e 07 00  	beqz	a4, 0x8000333c <__adddf3+0x984>
80003324: 13 b7 1f 00  	seqz	a4, t6
80003328: b3 37 a0 01  	snez	a5, s10
8000332c: 33 77 f7 00  	and	a4, a4, a5
80003330: 33 0a ec 00  	add	s4, s8, a4
80003334: b3 3a 8a 01  	sltu	s5, s4, s8
80003338: b3 8a 5c 01  	add	s5, s9, s5
8000333c: 0b b0 06 00  	vx_join	a3
80003340: 93 06 00 00  	li	a3, 0x0
80003344: 0b 30 06 00  	vx_join	a2
80003348: 0b a6 16 00  	vx_split_n	a2, a3
8000334c: 63 8e 06 00  	beqz	a3, 0x80003368 <__adddf3+0x9b0>
80003350: b3 36 f0 01  	snez	a3, t6
80003354: 33 37 a0 01  	snez	a4, s10
80003358: b3 f6 e6 00  	and	a3, a3, a4
8000335c: 33 0a dc 00  	add	s4, s8, a3
80003360: b3 3a 8a 01  	sltu	s5, s4, s8
80003364: b3 8a 5c 01  	add	s5, s9, s5
80003368: 0b 30 06 00  	vx_join	a2
8000336c: 13 06 00 00  	li	a2, 0x0
80003370: 0b b0 05 00  	vx_join	a1
80003374: 8b 25 16 00  	vx_split_n	a1, a2
80003378: 83 20 01 01  	lw	ra, 0x10(sp)
8000337c: 63 04 06 04  	beqz	a2, 0x800033c4 <__adddf3+0xa0c>
80003380: 13 36 15 00  	seqz	a2, a0
80003384: 0b 25 16 00  	vx_split_n	a0, a2
80003388: 63 08 06 02  	beqz	a2, 0x800033b8 <__adddf3+0xa00>
8000338c: 13 36 5d 00  	sltiu	a2, s10, 0x5
80003390: 13 46 16 00  	xori	a2, a2, 0x1
80003394: 33 06 cc 00  	add	a2, s8, a2
80003398: b3 36 86 01  	sltu	a3, a2, s8
8000339c: 13 07 cd ff  	addi	a4, s10, -0x4
800033a0: 13 37 17 00  	seqz	a4, a4
800033a4: 33 77 c7 00  	and	a4, a4, a2
800033a8: 33 0c c7 00  	add	s8, a4, a2
800033ac: 33 36 ec 00  	sltu	a2, s8, a4
800033b0: 33 86 c6 00  	add	a2, a3, a2
800033b4: b3 8c cc 00  	add	s9, s9, a2
800033b8: 0b 30 05 00  	vx_join	a0
800033bc: 13 0a 0c 00  	mv	s4, s8
800033c0: 93 8a 0c 00  	mv	s5, s9
800033c4: 0b b0 05 00  	vx_join	a1
800033c8: 33 35 a0 01  	snez	a0, s10
800033cc: 0b 2c 15 00  	vx_split_n	s8, a0
800033d0: 83 2c 41 00  	lw	s9, 0x4(sp)
800033d4: 63 08 05 00  	beqz	a0, 0x800033e4 <__adddf3+0xa2c>
800033d8: ef 00 40 15  	jal	0x8000352c <__fe_raise_inexact>
800033dc: 93 8f 0b 00  	mv	t6, s7
800033e0: 83 20 01 01  	lw	ra, 0x10(sp)
800033e4: 0b 30 0c 00  	vx_join	s8
800033e8: 03 2d c1 00  	lw	s10, 0xc(sp)
800033ec: 13 06 00 00  	li	a2, 0x0
800033f0: 03 2c 81 00  	lw	s8, 0x8(sp)
800033f4: 83 2b 01 00  	lw	s7, 0x0(sp)
800033f8: 03 25 41 01  	lw	a0, 0x14(sp)
800033fc: 0b 30 05 00  	vx_join	a0
80003400: 0b 25 16 00  	vx_split_n	a0, a2
80003404: 63 08 06 00  	beqz	a2, 0x80003414 <__adddf3+0xa5c>
80003408: 13 0a 00 00  	li	s4, 0x0
8000340c: b7 05 f0 7f  	lui	a1, 0x7ff00
80003410: b3 ea bf 00  	or	s5, t6, a1
80003414: 0b 30 05 00  	vx_join	a0
80003418: 0b b0 0d 00  	vx_join	s11
8000341c: 03 25 81 01  	lw	a0, 0x18(sp)
80003420: 0b 30 05 00  	vx_join	a0
80003424: 0b a5 1b 00  	vx_split_n	a0, s7
80003428: 63 84 0b 02  	beqz	s7, 0x80003450 <__adddf3+0xa98>
8000342c: b3 65 69 01  	or	a1, s2, s6
80003430: 33 76 89 00  	and	a2, s2, s0
80003434: b3 f6 99 00  	and	a3, s3, s1
80003438: b3 f6 b6 0e  	czero.nez	a3, a3, a1
8000343c: 33 d7 b9 0e  	czero.eqz	a4, s3, a1
80003440: b3 ea e6 00  	or	s5, a3, a4
80003444: 33 76 b6 0e  	czero.nez	a2, a2, a1
80003448: b3 55 b9 0e  	czero.eqz	a1, s2, a1
8000344c: 33 6a b6 00  	or	s4, a2, a1
80003450: 0b 30 05 00  	vx_join	a0
80003454: 0b 25 1d 00  	vx_split_n	a0, s10
80003458: 63 04 0d 02  	beqz	s10, 0x80003480 <__adddf3+0xac8>
8000345c: b3 45 89 00  	xor	a1, s2, s0
80003460: 37 06 00 80  	lui	a2, 0x80000
80003464: 33 c6 cc 00  	xor	a2, s9, a2
80003468: b3 e5 c5 00  	or	a1, a1, a2
8000346c: 33 d6 b4 0e  	czero.eqz	a2, s1, a1
80003470: b7 06 f8 7f  	lui	a3, 0x7ff80
80003474: b3 f6 b6 0e  	czero.nez	a3, a3, a1
80003478: b3 ea c6 00  	or	s5, a3, a2
8000347c: 33 5a b4 0e  	czero.eqz	s4, s0, a1
80003480: 0b 30 05 00  	vx_join	a0
80003484: 0b a5 10 00  	vx_split_n	a0, ra
80003488: 63 88 00 00  	beqz	ra, 0x80003498 <__adddf3+0xae0>
8000348c: b7 05 08 00  	lui	a1, 0x80
80003490: b3 ea b9 00  	or	s5, s3, a1
80003494: 13 0a 09 00  	mv	s4, s2
80003498: 0b 30 05 00  	vx_join	a0
8000349c: 0b 25 1c 00  	vx_split_n	a0, s8
800034a0: 63 08 0c 00  	beqz	s8, 0x800034b0 <__adddf3+0xaf8>
800034a4: b7 05 08 00  	lui	a1, 0x80
800034a8: b3 ea b4 00  	or	s5, s1, a1
800034ac: 13 0a 04 00  	mv	s4, s0
800034b0: 0b 30 05 00  	vx_join	a0
800034b4: 13 05 0a 00  	mv	a0, s4
800034b8: 93 85 0a 00  	mv	a1, s5
800034bc: 83 20 c1 04  	lw	ra, 0x4c(sp)
800034c0: 03 24 81 04  	lw	s0, 0x48(sp)
800034c4: 83 24 41 04  	lw	s1, 0x44(sp)
800034c8: 03 29 01 04  	lw	s2, 0x40(sp)
800034cc: 83 29 c1 03  	lw	s3, 0x3c(sp)
800034d0: 03 2a 81 03  	lw	s4, 0x38(sp)
800034d4: 83 2a 41 03  	lw	s5, 0x34(sp)
800034d8: 03 2b 01 03  	lw	s6, 0x30(sp)
800034dc: 83 2b c1 02  	lw	s7, 0x2c(sp)
800034e0: 03 2c 81 02  	lw	s8, 0x28(sp)
800034e4: 83 2c 41 02  	lw	s9, 0x24(sp)
800034e8: 03 2d 01 02  	lw	s10, 0x20(sp)
800034ec: 83 2d c1 01  	lw	s11, 0x1c(sp)
800034f0: 13 01 01 05  	addi	sp, sp, 0x50
800034f4: 67 80 00 00  	ret

800034f8 <__fe_getround>:
800034f8: 13 05 00 00  	li	a0, 0x0
800034fc: 73 26 20 00  	frrm	a2
80003500: 13 06 f6 ff  	addi	a2, a2, -0x1
80003504: 93 36 36 00  	sltiu	a3, a2, 0x3
80003508: 8b a5 16 00  	vx_split_n	a1, a3
8000350c: 63 8c 06 00  	beqz	a3, 0x80003524 <__fe_getround+0x2c>
80003510: 13 16 26 00  	slli	a2, a2, 0x2
80003514: 17 35 00 00  	auipc	a0, 0x3
80003518: 13 05 45 b1  	addi	a0, a0, -0x4ec
8000351c: 33 05 c5 00  	add	a0, a0, a2
80003520: 03 25 05 00  	lw	a0, 0x0(a0)
80003524: 0b b0 05 00  	vx_join	a1
80003528: 67 80 00 00  	ret

8000352c <__fe_raise_inexact>:
8000352c: 73 e0 10 00  	csrsi	fflags, 0x1
80003530: 13 05 00 00  	li	a0, 0x0
80003534: 67 80 00 00  	ret

80003538 <__nedf2>:
80003538: 37 07 00 80  	lui	a4, 0x80000
8000353c: 13 07 f7 ff  	addi	a4, a4, -0x1
80003540: 33 f8 e5 00  	and	a6, a1, a4
80003544: b3 f8 e6 00  	and	a7, a3, a4
80003548: 37 07 f0 7f  	lui	a4, 0x7ff00
8000354c: b3 47 e8 00  	xor	a5, a6, a4
80003550: 93 52 48 01  	srli	t0, a6, 0x14
80003554: 93 b2 f2 7f  	sltiu	t0, t0, 0x7ff
80003558: b3 d2 f2 0e  	czero.eqz	t0, t0, a5
8000355c: 13 33 15 00  	seqz	t1, a0
80003560: b3 77 f3 0e  	czero.nez	a5, t1, a5
80003564: b3 e7 57 00  	or	a5, a5, t0
80003568: 33 c7 e8 00  	xor	a4, a7, a4
8000356c: 93 d2 48 01  	srli	t0, a7, 0x14
80003570: 93 b2 f2 7f  	sltiu	t0, t0, 0x7ff
80003574: b3 d2 e2 0e  	czero.eqz	t0, t0, a4
80003578: 13 33 16 00  	seqz	t1, a2
8000357c: 33 77 e3 0e  	czero.nez	a4, t1, a4
80003580: 33 67 57 00  	or	a4, a4, t0
80003584: b3 f2 e7 00  	and	t0, a5, a4
80003588: 8b a7 12 00  	vx_split_n	a5, t0
8000358c: 13 07 10 00  	li	a4, 0x1
80003590: 63 8a 02 08  	beqz	t0, 0x80003624 <__nedf2+0xec>
80003594: 13 07 00 00  	li	a4, 0x0
80003598: b3 62 a6 00  	or	t0, a2, a0
8000359c: 33 e8 08 01  	or	a6, a7, a6
800035a0: 33 e8 02 01  	or	a6, t0, a6
800035a4: b3 38 00 01  	snez	a7, a6
800035a8: 0b a8 18 00  	vx_split_n	a6, a7
800035ac: 63 8a 08 06  	beqz	a7, 0x80003620 <__nedf2+0xe8>
800035b0: 33 f7 b6 00  	and	a4, a3, a1
800035b4: b3 48 c5 00  	xor	a7, a0, a2
800035b8: b3 c2 d5 00  	xor	t0, a1, a3
800035bc: b3 e8 58 00  	or	a7, a7, t0
800035c0: b3 38 10 01  	snez	a7, a7
800035c4: 13 5e f7 01  	srli	t3, a4, 0x1f
800035c8: 0b 23 1e 00  	vx_split_n	t1, t3
800035cc: 93 03 10 00  	li	t2, 0x1
800035d0: 63 02 0e 02  	beqz	t3, 0x800035f4 <__nedf2+0xbc>
800035d4: 93 03 00 00  	li	t2, 0x0
800035d8: 33 a7 b6 00  	slt	a4, a3, a1
800035dc: 33 57 57 0e  	czero.eqz	a4, a4, t0
800035e0: 33 3e a6 00  	sltu	t3, a2, a0
800035e4: 33 7e 5e 0e  	czero.nez	t3, t3, t0
800035e8: 33 67 ee 00  	or	a4, t3, a4
800035ec: 33 07 e0 40  	neg	a4, a4
800035f0: 33 67 17 01  	or	a4, a4, a7
800035f4: 0b 30 03 00  	vx_join	t1
800035f8: 0b a3 13 00  	vx_split_n	t1, t2
800035fc: 63 80 03 02  	beqz	t2, 0x8000361c <__nedf2+0xe4>
80003600: b3 a5 d5 00  	slt	a1, a1, a3
80003604: b3 d5 55 0e  	czero.eqz	a1, a1, t0
80003608: 33 35 c5 00  	sltu	a0, a0, a2
8000360c: 33 75 55 0e  	czero.nez	a0, a0, t0
80003610: 33 65 b5 00  	or	a0, a0, a1
80003614: 33 05 a0 40  	neg	a0, a0
80003618: 33 67 15 01  	or	a4, a0, a7
8000361c: 0b 30 03 00  	vx_join	t1
80003620: 0b 30 08 00  	vx_join	a6
80003624: 0b b0 07 00  	vx_join	a5
80003628: 13 05 07 00  	mv	a0, a4
8000362c: 67 80 00 00  	ret

80003630 <__gtdf2>:
80003630: 37 07 00 80  	lui	a4, 0x80000
80003634: 13 07 f7 ff  	addi	a4, a4, -0x1
80003638: 33 f8 e5 00  	and	a6, a1, a4
8000363c: b3 f8 e6 00  	and	a7, a3, a4
80003640: 37 07 f0 7f  	lui	a4, 0x7ff00
80003644: b3 47 e8 00  	xor	a5, a6, a4
80003648: 93 52 48 01  	srli	t0, a6, 0x14
8000364c: 93 b2 f2 7f  	sltiu	t0, t0, 0x7ff
80003650: b3 d2 f2 0e  	czero.eqz	t0, t0, a5
80003654: 13 33 15 00  	seqz	t1, a0
80003658: b3 77 f3 0e  	czero.nez	a5, t1, a5
8000365c: b3 e7 57 00  	or	a5, a5, t0
80003660: 33 c7 e8 00  	xor	a4, a7, a4
80003664: 93 d2 48 01  	srli	t0, a7, 0x14
80003668: 93 b2 f2 7f  	sltiu	t0, t0, 0x7ff
8000366c: b3 d2 e2 0e  	czero.eqz	t0, t0, a4
80003670: 13 33 16 00  	seqz	t1, a2
80003674: 33 77 e3 0e  	czero.nez	a4, t1, a4
80003678: 33 67 57 00  	or	a4, a4, t0
8000367c: b3 f2 e7 00  	and	t0, a5, a4
80003680: 8b a7 12 00  	vx_split_n	a5, t0
80003684: 13 07 f0 ff  	li	a4, -0x1
80003688: 63 8a 02 08  	beqz	t0, 0x8000371c <__gtdf2+0xec>
8000368c: 13 07 00 00  	li	a4, 0x0
80003690: b3 62 a6 00  	or	t0, a2, a0
80003694: 33 e8 08 01  	or	a6, a7, a6
80003698: 33 e8 02 01  	or	a6, t0, a6
8000369c: b3 38 00 01  	snez	a7, a6
800036a0: 0b a8 18 00  	vx_split_n	a6, a7
800036a4: 63 8a 08 06  	beqz	a7, 0x80003718 <__gtdf2+0xe8>
800036a8: 33 f7 b6 00  	and	a4, a3, a1
800036ac: b3 48 c5 00  	xor	a7, a0, a2
800036b0: b3 c2 d5 00  	xor	t0, a1, a3
800036b4: b3 e8 58 00  	or	a7, a7, t0
800036b8: b3 38 10 01  	snez	a7, a7
800036bc: 13 5e f7 01  	srli	t3, a4, 0x1f
800036c0: 0b 23 1e 00  	vx_split_n	t1, t3
800036c4: 93 03 10 00  	li	t2, 0x1
800036c8: 63 02 0e 02  	beqz	t3, 0x800036ec <__gtdf2+0xbc>
800036cc: 93 03 00 00  	li	t2, 0x0
800036d0: 33 a7 b6 00  	slt	a4, a3, a1
800036d4: 33 57 57 0e  	czero.eqz	a4, a4, t0
800036d8: 33 3e a6 00  	sltu	t3, a2, a0
800036dc: 33 7e 5e 0e  	czero.nez	t3, t3, t0
800036e0: 33 67 ee 00  	or	a4, t3, a4
800036e4: 33 07 e0 40  	neg	a4, a4
800036e8: 33 67 17 01  	or	a4, a4, a7
800036ec: 0b 30 03 00  	vx_join	t1
800036f0: 0b a3 13 00  	vx_split_n	t1, t2
800036f4: 63 80 03 02  	beqz	t2, 0x80003714 <__gtdf2+0xe4>
800036f8: b3 a5 d5 00  	slt	a1, a1, a3
800036fc: b3 d5 55 0e  	czero.eqz	a1, a1, t0
80003700: 33 35 c5 00  	sltu	a0, a0, a2
80003704: 33 75 55 0e  	czero.nez	a0, a0, t0
80003708: 33 65 b5 00  	or	a0, a0, a1
8000370c: 33 05 a0 40  	neg	a0, a0
80003710: 33 67 15 01  	or	a4, a0, a7
80003714: 0b 30 03 00  	vx_join	t1
80003718: 0b 30 08 00  	vx_join	a6
8000371c: 0b b0 07 00  	vx_join	a5
80003720: 13 05 07 00  	mv	a0, a4
80003724: 67 80 00 00  	ret

80003728 <__divdf3>:
80003728: 13 01 01 fc  	addi	sp, sp, -0x40
8000372c: 23 2e 11 02  	sw	ra, 0x3c(sp)
80003730: 23 2c 81 02  	sw	s0, 0x38(sp)
80003734: 23 2a 91 02  	sw	s1, 0x34(sp)
80003738: 23 28 21 03  	sw	s2, 0x30(sp)
8000373c: 23 26 31 03  	sw	s3, 0x2c(sp)
80003740: 23 24 41 03  	sw	s4, 0x28(sp)
80003744: 23 22 51 03  	sw	s5, 0x24(sp)
80003748: 23 20 61 03  	sw	s6, 0x20(sp)
8000374c: 23 2e 71 01  	sw	s7, 0x1c(sp)
80003750: 23 2c 81 01  	sw	s8, 0x18(sp)
80003754: 23 2a 91 01  	sw	s9, 0x14(sp)
80003758: 23 28 a1 01  	sw	s10, 0x10(sp)
8000375c: 23 26 b1 01  	sw	s11, 0xc(sp)
80003760: 93 04 00 00  	li	s1, 0x0
80003764: b7 08 10 00  	lui	a7, 0x100
80003768: 93 88 f8 ff  	addi	a7, a7, -0x1
8000376c: 13 97 15 00  	slli	a4, a1, 0x1
80003770: 93 52 57 01  	srli	t0, a4, 0x15
80003774: 13 97 16 00  	slli	a4, a3, 0x1
80003778: 13 53 57 01  	srli	t1, a4, 0x15
8000377c: 33 c7 b6 00  	xor	a4, a3, a1
80003780: 37 04 00 80  	lui	s0, 0x80000
80003784: 33 78 87 00  	and	a6, a4, s0
80003788: 33 fe 15 01  	and	t3, a1, a7
8000378c: b3 f3 16 01  	and	t2, a3, a7
80003790: 13 87 12 80  	addi	a4, t0, -0x7ff
80003794: 13 37 27 80  	sltiu	a4, a4, -0x7fe
80003798: 93 07 13 80  	addi	a5, t1, -0x7ff
8000379c: 93 b7 27 80  	sltiu	a5, a5, -0x7fe
800037a0: 33 6f f7 00  	or	t5, a4, a5
800037a4: 8b 2e 1f 00  	vx_split_n	t4, t5
800037a8: 13 0c 10 00  	li	s8, 0x1
800037ac: 63 0a 0f 54  	beqz	t5, 0x80003d00 <__divdf3+0x5d8>
800037b0: 13 04 f4 ff  	addi	s0, s0, -0x1
800037b4: 33 fb 85 00  	and	s6, a1, s0
800037b8: 37 09 f0 7f  	lui	s2, 0x7ff00
800037bc: 33 47 2b 01  	xor	a4, s6, s2
800037c0: 93 50 4b 01  	srli	ra, s6, 0x14
800037c4: 93 b7 f0 7f  	sltiu	a5, ra, 0x7ff
800037c8: b3 d7 e7 0e  	czero.eqz	a5, a5, a4
800037cc: 13 3f 15 00  	seqz	t5, a0
800037d0: 33 77 ef 0e  	czero.nez	a4, t5, a4
800037d4: 33 6a f7 00  	or	s4, a4, a5
800037d8: 0b 2f 1a 00  	vx_split_n	t5, s4
800037dc: 93 0f 10 00  	li	t6, 0x1
800037e0: 63 0e 0a 4c  	beqz	s4, 0x80003cbc <__divdf3+0x594>
800037e4: 33 f4 86 00  	and	s0, a3, s0
800037e8: 33 47 24 01  	xor	a4, s0, s2
800037ec: 93 37 16 00  	seqz	a5, a2
800037f0: b3 f7 e7 0e  	czero.nez	a5, a5, a4
800037f4: 93 5d 44 01  	srli	s11, s0, 0x14
800037f8: 93 bf fd 7f  	sltiu	t6, s11, 0x7ff
800037fc: 33 d7 ef 0e  	czero.eqz	a4, t6, a4
80003800: 33 ea e7 00  	or	s4, a5, a4
80003804: 8b 2f 1a 00  	vx_split_n	t6, s4
80003808: 13 09 10 00  	li	s2, 0x1
8000380c: 63 0c 0a 46  	beqz	s4, 0x80003c84 <__divdf3+0x55c>
80003810: b7 0b f0 7f  	lui	s7, 0x7ff00
80003814: 33 47 7b 01  	xor	a4, s6, s7
80003818: 33 67 e5 00  	or	a4, a0, a4
8000381c: 33 39 e0 00  	snez	s2, a4
80003820: 0b 27 19 00  	vx_split_n	a4, s2
80003824: 23 24 e1 00  	sw	a4, 0x8(sp)
80003828: 13 0a 10 00  	li	s4, 0x1
8000382c: 63 02 09 40  	beqz	s2, 0x80003c30 <__divdf3+0x508>
80003830: 33 47 74 01  	xor	a4, s0, s7
80003834: 33 67 e6 00  	or	a4, a2, a4
80003838: 33 39 e0 00  	snez	s2, a4
8000383c: 0b 27 19 00  	vx_split_n	a4, s2
80003840: 23 22 e1 00  	sw	a4, 0x4(sp)
80003844: 13 0a 10 00  	li	s4, 0x1
80003848: 63 08 09 3a  	beqz	s2, 0x80003bf8 <__divdf3+0x4d0>
8000384c: 33 67 65 01  	or	a4, a0, s6
80003850: 33 39 e0 00  	snez	s2, a4
80003854: 8b 2b 19 00  	vx_split_n	s7, s2
80003858: 13 0a 10 00  	li	s4, 0x1
8000385c: 33 6b 86 00  	or	s6, a2, s0
80003860: 63 0c 09 34  	beqz	s2, 0x80003bb8 <__divdf3+0x490>
80003864: 23 20 71 01  	sw	s7, 0x0(sp)
80003868: b3 37 60 01  	snez	a5, s6
8000386c: 0b a7 17 00  	vx_split_n	a4, a5
80003870: 93 0b 10 00  	li	s7, 0x1
80003874: 63 84 07 30  	beqz	a5, 0x80003b7c <__divdf3+0x454>
80003878: 93 04 00 00  	li	s1, 0x0
8000387c: 13 b9 10 00  	seqz	s2, ra
80003880: 8b 27 19 00  	vx_split_n	a5, s2
80003884: 93 09 05 00  	mv	s3, a0
80003888: 93 0a 0e 00  	mv	s5, t3
8000388c: 63 04 09 16  	beqz	s2, 0x800039f4 <__divdf3+0x2cc>
80003890: 33 39 c0 01  	snez	s2, t3
80003894: 8b 24 19 00  	vx_split_n	s1, s2
80003898: 93 09 10 00  	li	s3, 0x1
8000389c: 63 02 09 08  	beqz	s2, 0x80003920 <__divdf3+0x1f8>
800038a0: 93 09 00 00  	li	s3, 0x0
800038a4: 13 59 1e 00  	srli	s2, t3, 0x1
800038a8: 33 69 2e 01  	or	s2, t3, s2
800038ac: 13 5a 29 00  	srli	s4, s2, 0x2
800038b0: 33 69 49 01  	or	s2, s2, s4
800038b4: 13 5a 49 00  	srli	s4, s2, 0x4
800038b8: 33 69 49 01  	or	s2, s2, s4
800038bc: 13 5a 89 00  	srli	s4, s2, 0x8
800038c0: 33 69 49 01  	or	s2, s2, s4
800038c4: 13 5a 09 01  	srli	s4, s2, 0x10
800038c8: 33 69 49 01  	or	s2, s2, s4
800038cc: 13 49 f9 ff  	not	s2, s2
800038d0: 13 5a 19 00  	srli	s4, s2, 0x1
800038d4: b7 5a 55 55  	lui	s5, 0x55555
800038d8: 93 8a 5a 55  	addi	s5, s5, 0x555
800038dc: 33 7a 5a 01  	and	s4, s4, s5
800038e0: 33 09 49 41  	sub	s2, s2, s4
800038e4: 37 3a 33 33  	lui	s4, 0x33333
800038e8: 13 0a 3a 33  	addi	s4, s4, 0x333
800038ec: b3 7a 49 01  	and	s5, s2, s4
800038f0: 13 59 29 00  	srli	s2, s2, 0x2
800038f4: 33 79 49 01  	and	s2, s2, s4
800038f8: 33 89 2a 01  	add	s2, s5, s2
800038fc: 13 5a 49 00  	srli	s4, s2, 0x4
80003900: 33 09 49 01  	add	s2, s2, s4
80003904: 37 1a 0f 0f  	lui	s4, 0xf0f1
80003908: 13 0a fa f0  	addi	s4, s4, -0xf1
8000390c: 33 79 49 01  	and	s2, s2, s4
80003910: 37 0a 01 01  	lui	s4, 0x1010
80003914: 13 0a 1a 10  	addi	s4, s4, 0x101
80003918: 33 09 49 03  	mul	s2, s2, s4
8000391c: 13 5a 89 01  	srli	s4, s2, 0x18
80003920: 0b b0 04 00  	vx_join	s1
80003924: 8b a4 19 00  	vx_split_n	s1, s3
80003928: 63 82 09 08  	beqz	s3, 0x800039ac <__divdf3+0x284>
8000392c: 13 59 15 00  	srli	s2, a0, 0x1
80003930: 33 69 25 01  	or	s2, a0, s2
80003934: 93 59 29 00  	srli	s3, s2, 0x2
80003938: 33 69 39 01  	or	s2, s2, s3
8000393c: 93 59 49 00  	srli	s3, s2, 0x4
80003940: 33 69 39 01  	or	s2, s2, s3
80003944: 93 59 89 00  	srli	s3, s2, 0x8
80003948: 33 69 39 01  	or	s2, s2, s3
8000394c: 93 59 09 01  	srli	s3, s2, 0x10
80003950: 33 69 39 01  	or	s2, s2, s3
80003954: 13 49 f9 ff  	not	s2, s2
80003958: 93 59 19 00  	srli	s3, s2, 0x1
8000395c: 37 5a 55 55  	lui	s4, 0x55555
80003960: 13 0a 5a 55  	addi	s4, s4, 0x555
80003964: b3 f9 49 01  	and	s3, s3, s4
80003968: 33 09 39 41  	sub	s2, s2, s3
8000396c: b7 39 33 33  	lui	s3, 0x33333
80003970: 93 89 39 33  	addi	s3, s3, 0x333
80003974: 33 7a 39 01  	and	s4, s2, s3
80003978: 13 59 29 00  	srli	s2, s2, 0x2
8000397c: 33 79 39 01  	and	s2, s2, s3
80003980: 33 09 2a 01  	add	s2, s4, s2
80003984: 93 59 49 00  	srli	s3, s2, 0x4
80003988: 33 09 39 01  	add	s2, s2, s3
8000398c: b7 19 0f 0f  	lui	s3, 0xf0f1
80003990: 93 89 f9 f0  	addi	s3, s3, -0xf1
80003994: 33 79 39 01  	and	s2, s2, s3
80003998: b7 09 01 01  	lui	s3, 0x1010
8000399c: 93 89 19 10  	addi	s3, s3, 0x101
800039a0: 33 09 39 03  	mul	s2, s2, s3
800039a4: 13 59 89 01  	srli	s2, s2, 0x18
800039a8: 13 6a 09 02  	ori	s4, s2, 0x20
800039ac: 0b b0 04 00  	vx_join	s1
800039b0: 93 04 5a ff  	addi	s1, s4, -0xb
800039b4: 13 09 a0 02  	li	s2, 0x2a
800039b8: 33 09 49 41  	sub	s2, s2, s4
800039bc: 93 59 15 00  	srli	s3, a0, 0x1
800039c0: 33 d9 29 01  	srl	s2, s3, s2
800039c4: b3 19 9e 00  	sll	s3, t3, s1
800039c8: 33 e9 29 01  	or	s2, s3, s2
800039cc: 93 09 5a fd  	addi	s3, s4, -0x2b
800039d0: 93 ab 09 00  	slti	s7, s3, 0x0
800039d4: 33 59 79 0f  	czero.eqz	s2, s2, s7
800039d8: b3 19 35 01  	sll	s3, a0, s3
800039dc: b3 f9 79 0f  	czero.nez	s3, s3, s7
800039e0: b3 6a 39 01  	or	s5, s2, s3
800039e4: b3 14 95 00  	sll	s1, a0, s1
800039e8: b3 d9 74 0f  	czero.eqz	s3, s1, s7
800039ec: 93 04 c0 00  	li	s1, 0xc
800039f0: b3 84 44 41  	sub	s1, s1, s4
800039f4: 0b b0 07 00  	vx_join	a5
800039f8: 13 b9 1d 00  	seqz	s2, s11
800039fc: 8b 27 19 00  	vx_split_n	a5, s2
80003a00: 93 0c 06 00  	mv	s9, a2
80003a04: 13 8d 03 00  	mv	s10, t2
80003a08: 63 04 09 16  	beqz	s2, 0x80003b70 <__divdf3+0x448>
80003a0c: 33 39 70 00  	snez	s2, t2
80003a10: 0b 2c 19 00  	vx_split_n	s8, s2
80003a14: 93 0c 10 00  	li	s9, 0x1
80003a18: 63 02 09 08  	beqz	s2, 0x80003a9c <__divdf3+0x374>
80003a1c: 93 0c 00 00  	li	s9, 0x0
80003a20: 13 d9 13 00  	srli	s2, t2, 0x1
80003a24: 33 e9 23 01  	or	s2, t2, s2
80003a28: 13 5a 29 00  	srli	s4, s2, 0x2
80003a2c: 33 69 49 01  	or	s2, s2, s4
80003a30: 13 5a 49 00  	srli	s4, s2, 0x4
80003a34: 33 69 49 01  	or	s2, s2, s4
80003a38: 13 5a 89 00  	srli	s4, s2, 0x8
80003a3c: 33 69 49 01  	or	s2, s2, s4
80003a40: 13 5a 09 01  	srli	s4, s2, 0x10
80003a44: 33 69 49 01  	or	s2, s2, s4
80003a48: 13 49 f9 ff  	not	s2, s2
80003a4c: 13 5a 19 00  	srli	s4, s2, 0x1
80003a50: b7 5b 55 55  	lui	s7, 0x55555
80003a54: 93 8b 5b 55  	addi	s7, s7, 0x555
80003a58: 33 7a 7a 01  	and	s4, s4, s7
80003a5c: 33 09 49 41  	sub	s2, s2, s4
80003a60: 37 3a 33 33  	lui	s4, 0x33333
80003a64: 13 0a 3a 33  	addi	s4, s4, 0x333
80003a68: b3 7b 49 01  	and	s7, s2, s4
80003a6c: 13 59 29 00  	srli	s2, s2, 0x2
80003a70: 33 79 49 01  	and	s2, s2, s4
80003a74: 33 89 2b 01  	add	s2, s7, s2
80003a78: 13 5a 49 00  	srli	s4, s2, 0x4
80003a7c: 33 09 49 01  	add	s2, s2, s4
80003a80: 37 1a 0f 0f  	lui	s4, 0xf0f1
80003a84: 13 0a fa f0  	addi	s4, s4, -0xf1
80003a88: 33 79 49 01  	and	s2, s2, s4
80003a8c: 37 0a 01 01  	lui	s4, 0x1010
80003a90: 13 0a 1a 10  	addi	s4, s4, 0x101
80003a94: 33 09 49 03  	mul	s2, s2, s4
80003a98: 93 5b 89 01  	srli	s7, s2, 0x18
80003a9c: 0b 30 0c 00  	vx_join	s8
80003aa0: 0b aa 1c 00  	vx_split_n	s4, s9
80003aa4: 63 82 0c 08  	beqz	s9, 0x80003b28 <__divdf3+0x400>
80003aa8: 13 59 16 00  	srli	s2, a2, 0x1
80003aac: 33 69 26 01  	or	s2, a2, s2
80003ab0: 93 5b 29 00  	srli	s7, s2, 0x2
80003ab4: 33 69 79 01  	or	s2, s2, s7
80003ab8: 93 5b 49 00  	srli	s7, s2, 0x4
80003abc: 33 69 79 01  	or	s2, s2, s7
80003ac0: 93 5b 89 00  	srli	s7, s2, 0x8
80003ac4: 33 69 79 01  	or	s2, s2, s7
80003ac8: 93 5b 09 01  	srli	s7, s2, 0x10
80003acc: 33 69 79 01  	or	s2, s2, s7
80003ad0: 13 49 f9 ff  	not	s2, s2
80003ad4: 93 5b 19 00  	srli	s7, s2, 0x1
80003ad8: 37 5c 55 55  	lui	s8, 0x55555
80003adc: 13 0c 5c 55  	addi	s8, s8, 0x555
80003ae0: b3 fb 8b 01  	and	s7, s7, s8
80003ae4: 33 09 79 41  	sub	s2, s2, s7
80003ae8: b7 3b 33 33  	lui	s7, 0x33333
80003aec: 93 8b 3b 33  	addi	s7, s7, 0x333
80003af0: 33 7c 79 01  	and	s8, s2, s7
80003af4: 13 59 29 00  	srli	s2, s2, 0x2
80003af8: 33 79 79 01  	and	s2, s2, s7
80003afc: 33 09 2c 01  	add	s2, s8, s2
80003b00: 93 5b 49 00  	srli	s7, s2, 0x4
80003b04: 33 09 79 01  	add	s2, s2, s7
80003b08: b7 1b 0f 0f  	lui	s7, 0xf0f1
80003b0c: 93 8b fb f0  	addi	s7, s7, -0xf1
80003b10: 33 79 79 01  	and	s2, s2, s7
80003b14: b7 0b 01 01  	lui	s7, 0x1010
80003b18: 93 8b 1b 10  	addi	s7, s7, 0x101
80003b1c: 33 09 79 03  	mul	s2, s2, s7
80003b20: 13 59 89 01  	srli	s2, s2, 0x18
80003b24: 93 6b 09 02  	ori	s7, s2, 0x20
80003b28: 0b 30 0a 00  	vx_join	s4
80003b2c: 13 89 5b ff  	addi	s2, s7, -0xb
80003b30: 13 0a a0 02  	li	s4, 0x2a
80003b34: 33 0a 7a 41  	sub	s4, s4, s7
80003b38: 13 5c 16 00  	srli	s8, a2, 0x1
80003b3c: 33 5a 4c 01  	srl	s4, s8, s4
80003b40: 33 9c 23 01  	sll	s8, t2, s2
80003b44: 33 6a 4c 01  	or	s4, s8, s4
80003b48: 13 8c 5b fd  	addi	s8, s7, -0x2b
80003b4c: 93 2c 0c 00  	slti	s9, s8, 0x0
80003b50: 33 5a 9a 0f  	czero.eqz	s4, s4, s9
80003b54: 33 1c 86 01  	sll	s8, a2, s8
80003b58: 33 7c 9c 0f  	czero.nez	s8, s8, s9
80003b5c: 33 6d 8a 01  	or	s10, s4, s8
80003b60: 33 19 26 01  	sll	s2, a2, s2
80003b64: b3 5c 99 0f  	czero.eqz	s9, s2, s9
80003b68: b3 84 74 01  	add	s1, s1, s7
80003b6c: 93 84 44 ff  	addi	s1, s1, -0xc
80003b70: 0b b0 07 00  	vx_join	a5
80003b74: 93 0b 00 00  	li	s7, 0x0
80003b78: 13 0c 10 00  	li	s8, 0x1
80003b7c: 0b 30 07 00  	vx_join	a4
80003b80: 0b aa 1b 00  	vx_split_n	s4, s7
80003b84: 63 84 0b 02  	beqz	s7, 0x80003bac <__divdf3+0x484>
80003b88: 13 0c 00 00  	li	s8, 0x0
80003b8c: 93 04 00 00  	li	s1, 0x0
80003b90: 13 07 00 00  	li	a4, 0x0
80003b94: b7 07 f0 7f  	lui	a5, 0x7ff00
80003b98: b3 67 f8 00  	or	a5, a6, a5
80003b9c: 93 0c 06 00  	mv	s9, a2
80003ba0: 13 8d 03 00  	mv	s10, t2
80003ba4: 93 09 05 00  	mv	s3, a0
80003ba8: 93 0a 0e 00  	mv	s5, t3
80003bac: 0b 30 0a 00  	vx_join	s4
80003bb0: 13 0a 00 00  	li	s4, 0x0
80003bb4: 83 2b 01 00  	lw	s7, 0x0(sp)
80003bb8: 0b b0 0b 00  	vx_join	s7
80003bbc: 8b 2b 1a 00  	vx_split_n	s7, s4
80003bc0: 63 08 0a 02  	beqz	s4, 0x80003bf0 <__divdf3+0x4c8>
80003bc4: 13 0c 00 00  	li	s8, 0x0
80003bc8: 93 04 00 00  	li	s1, 0x0
80003bcc: 13 07 00 00  	li	a4, 0x0
80003bd0: b3 57 68 0f  	czero.eqz	a5, a6, s6
80003bd4: 37 09 f8 7f  	lui	s2, 0x7ff80
80003bd8: 33 79 69 0f  	czero.nez	s2, s2, s6
80003bdc: b3 67 f9 00  	or	a5, s2, a5
80003be0: 93 0c 06 00  	mv	s9, a2
80003be4: 13 8d 03 00  	mv	s10, t2
80003be8: 93 09 05 00  	mv	s3, a0
80003bec: 93 0a 0e 00  	mv	s5, t3
80003bf0: 0b b0 0b 00  	vx_join	s7
80003bf4: 13 0a 00 00  	li	s4, 0x0
80003bf8: 03 29 41 00  	lw	s2, 0x4(sp)
80003bfc: 0b 30 09 00  	vx_join	s2
80003c00: 0b 2b 1a 00  	vx_split_n	s6, s4
80003c04: 63 02 0a 02  	beqz	s4, 0x80003c28 <__divdf3+0x500>
80003c08: 13 0c 00 00  	li	s8, 0x0
80003c0c: 93 04 00 00  	li	s1, 0x0
80003c10: 13 07 00 00  	li	a4, 0x0
80003c14: 93 0c 06 00  	mv	s9, a2
80003c18: 13 8d 03 00  	mv	s10, t2
80003c1c: 93 09 05 00  	mv	s3, a0
80003c20: 93 0a 0e 00  	mv	s5, t3
80003c24: 93 07 08 00  	mv	a5, a6
80003c28: 0b 30 0b 00  	vx_join	s6
80003c2c: 13 0a 00 00  	li	s4, 0x0
80003c30: 03 29 81 00  	lw	s2, 0x8(sp)
80003c34: 0b 30 09 00  	vx_join	s2
80003c38: 0b 29 1a 00  	vx_split_n	s2, s4
80003c3c: 63 00 0a 04  	beqz	s4, 0x80003c7c <__divdf3+0x554>
80003c40: 13 0c 00 00  	li	s8, 0x0
80003c44: 93 04 00 00  	li	s1, 0x0
80003c48: 13 07 00 00  	li	a4, 0x0
80003c4c: b7 07 f0 7f  	lui	a5, 0x7ff00
80003c50: 33 44 f4 00  	xor	s0, s0, a5
80003c54: 33 64 86 00  	or	s0, a2, s0
80003c58: b3 67 f8 00  	or	a5, a6, a5
80003c5c: b3 d7 87 0e  	czero.eqz	a5, a5, s0
80003c60: b7 09 f8 7f  	lui	s3, 0x7ff80
80003c64: 33 f4 89 0e  	czero.nez	s0, s3, s0
80003c68: b3 67 f4 00  	or	a5, s0, a5
80003c6c: 93 0c 06 00  	mv	s9, a2
80003c70: 13 8d 03 00  	mv	s10, t2
80003c74: 93 09 05 00  	mv	s3, a0
80003c78: 93 0a 0e 00  	mv	s5, t3
80003c7c: 0b 30 09 00  	vx_join	s2
80003c80: 13 09 00 00  	li	s2, 0x0
80003c84: 0b b0 0f 00  	vx_join	t6
80003c88: 8b 2f 19 00  	vx_split_n	t6, s2
80003c8c: 63 04 09 02  	beqz	s2, 0x80003cb4 <__divdf3+0x58c>
80003c90: 13 0c 00 00  	li	s8, 0x0
80003c94: 93 04 00 00  	li	s1, 0x0
80003c98: b7 07 08 00  	lui	a5, 0x80
80003c9c: b3 e7 f6 00  	or	a5, a3, a5
80003ca0: 93 0c 06 00  	mv	s9, a2
80003ca4: 13 8d 03 00  	mv	s10, t2
80003ca8: 93 09 05 00  	mv	s3, a0
80003cac: 93 0a 0e 00  	mv	s5, t3
80003cb0: 13 07 06 00  	mv	a4, a2
80003cb4: 0b b0 0f 00  	vx_join	t6
80003cb8: 93 0f 00 00  	li	t6, 0x0
80003cbc: 0b 30 0f 00  	vx_join	t5
80003cc0: 8b a6 1f 00  	vx_split_n	a3, t6
80003cc4: 63 84 0f 02  	beqz	t6, 0x80003cec <__divdf3+0x5c4>
80003cc8: 93 04 00 00  	li	s1, 0x0
80003ccc: 13 0c 00 00  	li	s8, 0x0
80003cd0: b7 07 08 00  	lui	a5, 0x80
80003cd4: b3 e7 f5 00  	or	a5, a1, a5
80003cd8: 13 07 05 00  	mv	a4, a0
80003cdc: 93 09 05 00  	mv	s3, a0
80003ce0: 93 0a 0e 00  	mv	s5, t3
80003ce4: 93 0c 06 00  	mv	s9, a2
80003ce8: 13 8d 03 00  	mv	s10, t2
80003cec: 0b b0 06 00  	vx_join	a3
80003cf0: 13 86 0c 00  	mv	a2, s9
80003cf4: 93 03 0d 00  	mv	t2, s10
80003cf8: 13 85 09 00  	mv	a0, s3
80003cfc: 13 8e 0a 00  	mv	t3, s5
80003d00: 13 0f f0 ff  	li	t5, -0x1
80003d04: 0b b0 0e 00  	vx_join	t4
80003d08: 93 76 1c 00  	andi	a3, s8, 0x1
80003d0c: 8b a5 16 00  	vx_split_n	a1, a3
80003d10: 63 86 06 3c  	beqz	a3, 0x800040dc <__divdf3+0x9b4>
80003d14: 93 06 1f 00  	addi	a3, t5, 0x1
80003d18: 13 b7 16 00  	seqz	a4, a3
80003d1c: 33 87 e8 00  	add	a4, a7, a4
80003d20: b3 6e ee 00  	or	t4, t3, a4
80003d24: 33 6e d5 00  	or	t3, a0, a3
80003d28: b3 e3 e3 00  	or	t2, t2, a4
80003d2c: b3 66 d6 00  	or	a3, a2, a3
80003d30: 33 87 62 40  	sub	a4, t0, t1
80003d34: b3 84 e4 00  	add	s1, s1, a4
80003d38: 13 16 b6 00  	slli	a2, a2, 0xb
80003d3c: 13 d7 56 01  	srli	a4, a3, 0x15
80003d40: 93 97 b3 00  	slli	a5, t2, 0xb
80003d44: 33 67 f7 00  	or	a4, a4, a5
80003d48: b7 f7 04 75  	lui	a5, 0x7504f
80003d4c: 93 87 37 33  	addi	a5, a5, 0x333
80003d50: b3 87 e7 40  	sub	a5, a5, a4
80003d54: b3 32 f7 02  	mulhu	t0, a4, a5
80003d58: b3 02 50 40  	neg	t0, t0
80003d5c: 33 83 f2 02  	mul	t1, t0, a5
80003d60: b3 b7 f2 02  	mulhu	a5, t0, a5
80003d64: 93 97 17 00  	slli	a5, a5, 0x1
80003d68: 93 52 f3 01  	srli	t0, t1, 0x1f
80003d6c: b3 e7 f2 00  	or	a5, t0, a5
80003d70: b3 b2 e7 02  	mulhu	t0, a5, a4
80003d74: b3 02 50 40  	neg	t0, t0
80003d78: 33 83 57 02  	mul	t1, a5, t0
80003d7c: b3 b7 57 02  	mulhu	a5, a5, t0
80003d80: 93 97 17 00  	slli	a5, a5, 0x1
80003d84: 93 52 f3 01  	srli	t0, t1, 0x1f
80003d88: b3 e7 f2 00  	or	a5, t0, a5
80003d8c: b3 b2 e7 02  	mulhu	t0, a5, a4
80003d90: b3 02 50 40  	neg	t0, t0
80003d94: 33 83 57 02  	mul	t1, a5, t0
80003d98: b3 b7 57 02  	mulhu	a5, a5, t0
80003d9c: 93 97 17 00  	slli	a5, a5, 0x1
80003da0: 93 52 f3 01  	srli	t0, t1, 0x1f
80003da4: b3 e7 f2 00  	or	a5, t0, a5
80003da8: 93 87 f7 ff  	addi	a5, a5, -0x1
80003dac: b3 32 f7 02  	mulhu	t0, a4, a5
80003db0: 33 07 f7 02  	mul	a4, a4, a5
80003db4: 33 36 f6 02  	mulhu	a2, a2, a5
80003db8: 33 06 c7 00  	add	a2, a4, a2
80003dbc: 33 37 e6 00  	sltu	a4, a2, a4
80003dc0: 33 87 e2 00  	add	a4, t0, a4
80003dc4: 93 32 26 00  	sltiu	t0, a2, 0x2
80003dc8: 93 c2 12 00  	xori	t0, t0, 0x1
80003dcc: 33 07 57 00  	add	a4, a4, t0
80003dd0: 33 07 e0 40  	neg	a4, a4
80003dd4: 13 09 10 00  	li	s2, 0x1
80003dd8: 33 06 c9 40  	sub	a2, s2, a2
80003ddc: b3 82 e7 02  	mul	t0, a5, a4
80003de0: 13 d3 f2 01  	srli	t1, t0, 0x1f
80003de4: 33 b7 e7 02  	mulhu	a4, a5, a4
80003de8: 13 17 17 00  	slli	a4, a4, 0x1
80003dec: 33 67 67 00  	or	a4, a4, t1
80003df0: 93 92 12 00  	slli	t0, t0, 0x1
80003df4: 33 03 f6 02  	mul	t1, a2, a5
80003df8: 33 36 f6 02  	mulhu	a2, a2, a5
80003dfc: 93 17 16 00  	slli	a5, a2, 0x1
80003e00: 13 53 f3 01  	srli	t1, t1, 0x1f
80003e04: b3 67 f3 00  	or	a5, t1, a5
80003e08: 13 56 f6 01  	srli	a2, a2, 0x1f
80003e0c: b3 87 f2 00  	add	a5, t0, a5
80003e10: b3 b2 57 00  	sltu	t0, a5, t0
80003e14: 33 06 c7 00  	add	a2, a4, a2
80003e18: 33 06 56 00  	add	a2, a2, t0
80003e1c: 93 82 f7 f1  	addi	t0, a5, -0xe1
80003e20: 33 b7 f2 00  	sltu	a4, t0, a5
80003e24: 33 06 e6 00  	add	a2, a2, a4
80003e28: 13 06 f6 ff  	addi	a2, a2, -0x1
80003e2c: 13 57 fe 01  	srli	a4, t3, 0x1f
80003e30: 93 97 1e 00  	slli	a5, t4, 0x1
80003e34: 33 e7 e7 00  	or	a4, a5, a4
80003e38: 93 17 1e 00  	slli	a5, t3, 0x1
80003e3c: 33 b3 f2 02  	mulhu	t1, t0, a5
80003e40: b3 bf e2 02  	mulhu	t6, t0, a4
80003e44: b3 82 e2 02  	mul	t0, t0, a4
80003e48: 33 34 f6 02  	mulhu	s0, a2, a5
80003e4c: b3 09 f6 02  	mul	s3, a2, a5
80003e50: 33 3a e6 02  	mulhu	s4, a2, a4
80003e54: 33 06 e6 02  	mul	a2, a2, a4
80003e58: b3 02 53 00  	add	t0, t1, t0
80003e5c: 33 b3 62 00  	sltu	t1, t0, t1
80003e60: b3 89 32 01  	add	s3, t0, s3
80003e64: b3 b2 59 00  	sltu	t0, s3, t0
80003e68: b3 02 53 00  	add	t0, t1, t0
80003e6c: 33 06 c4 00  	add	a2, s0, a2
80003e70: 33 33 86 00  	sltu	t1, a2, s0
80003e74: 33 03 6a 00  	add	t1, s4, t1
80003e78: b3 0f f6 01  	add	t6, a2, t6
80003e7c: 33 b6 cf 00  	sltu	a2, t6, a2
80003e80: 33 06 c3 00  	add	a2, t1, a2
80003e84: b3 89 5f 00  	add	s3, t6, t0
80003e88: 33 ba f9 01  	sltu	s4, s3, t6
80003e8c: 33 0a 46 01  	add	s4, a2, s4
80003e90: 13 56 5a 01  	srli	a2, s4, 0x15
80003e94: 33 3b c0 00  	snez	s6, a2
80003e98: 8b 2a 1b 00  	vx_split_n	s5, s6
80003e9c: 63 04 0b 04  	beqz	s6, 0x80003ee4 <__divdf3+0x7bc>
80003ea0: 13 09 00 00  	li	s2, 0x0
80003ea4: 13 86 f4 3f  	addi	a2, s1, 0x3ff
80003ea8: 93 d2 19 00  	srli	t0, s3, 0x1
80003eac: 13 13 fa 01  	slli	t1, s4, 0x1f
80003eb0: b3 e2 62 00  	or	t0, t0, t1
80003eb4: 13 53 1a 00  	srli	t1, s4, 0x1
80003eb8: 93 1f 45 01  	slli	t6, a0, 0x14
80003ebc: 33 84 72 02  	mul	s0, t0, t2
80003ec0: 33 bb d2 02  	mulhu	s6, t0, a3
80003ec4: 33 04 8b 00  	add	s0, s6, s0
80003ec8: 33 0b d3 02  	mul	s6, t1, a3
80003ecc: b3 8f 6f 41  	sub	t6, t6, s6
80003ed0: 33 8b d2 02  	mul	s6, t0, a3
80003ed4: b3 8f 8f 40  	sub	t6, t6, s0
80003ed8: 33 34 60 01  	snez	s0, s6
80003edc: 33 84 8f 40  	sub	s0, t6, s0
80003ee0: b3 0f 60 41  	neg	t6, s6
80003ee4: 0b b0 0a 00  	vx_join	s5
80003ee8: 8b 2a 19 00  	vx_split_n	s5, s2
80003eec: 63 02 09 04  	beqz	s2, 0x80003f30 <__divdf3+0x808>
80003ef0: 13 15 55 01  	slli	a0, a0, 0x15
80003ef4: 33 b6 d9 02  	mulhu	a2, s3, a3
80003ef8: b3 82 79 02  	mul	t0, s3, t2
80003efc: 33 06 56 00  	add	a2, a2, t0
80003f00: b3 02 da 02  	mul	t0, s4, a3
80003f04: 33 83 d9 02  	mul	t1, s3, a3
80003f08: 33 05 c5 40  	sub	a0, a0, a2
80003f0c: 33 05 55 40  	sub	a0, a0, t0
80003f10: 33 36 60 00  	snez	a2, t1
80003f14: 33 04 c5 40  	sub	s0, a0, a2
80003f18: b3 0f 60 40  	neg	t6, t1
80003f1c: 13 86 e4 3f  	addi	a2, s1, 0x3fe
80003f20: 13 8e 07 00  	mv	t3, a5
80003f24: 93 0e 07 00  	mv	t4, a4
80003f28: 93 82 09 00  	mv	t0, s3
80003f2c: 13 03 0a 00  	mv	t1, s4
80003f30: 0b b0 0a 00  	vx_join	s5
80003f34: 13 29 f6 7f  	slti	s2, a2, 0x7ff
80003f38: 0b 25 19 00  	vx_split_n	a0, s2
80003f3c: 93 04 10 00  	li	s1, 0x1
80003f40: 63 00 09 18  	beqz	s2, 0x800040c0 <__divdf3+0x998>
80003f44: 13 09 00 00  	li	s2, 0x0
80003f48: 13 2c 16 00  	slti	s8, a2, 0x1
80003f4c: 8b 24 1c 00  	vx_split_n	s1, s8
80003f50: 93 0b 10 00  	li	s7, 0x1
80003f54: 63 08 0c 0e  	beqz	s8, 0x80004044 <__divdf3+0x91c>
80003f58: 13 09 00 00  	li	s2, 0x0
80003f5c: 13 27 c6 fc  	slti	a4, a2, -0x34
80003f60: 93 47 17 00  	xori	a5, a4, 0x1
80003f64: 0b a7 17 00  	vx_split_n	a4, a5
80003f68: 93 0b 10 00  	li	s7, 0x1
80003f6c: 63 8e 07 0a  	beqz	a5, 0x80004028 <__divdf3+0x900>
80003f70: 93 0b 00 00  	li	s7, 0x0
80003f74: 93 07 46 03  	addi	a5, a2, 0x34
80003f78: 13 09 10 00  	li	s2, 0x1
80003f7c: 33 0a c9 40  	sub	s4, s2, a2
80003f80: 93 09 10 fe  	li	s3, -0x1f
80003f84: b3 89 c9 40  	sub	s3, s3, a2
80003f88: b3 5a 33 01  	srl	s5, t1, s3
80003f8c: 13 ab 09 00  	slti	s6, s3, 0x0
80003f90: b3 f9 6a 0f  	czero.nez	s3, s5, s6
80003f94: 93 4a fa ff  	not	s5, s4
80003f98: 13 1c 13 00  	slli	s8, t1, 0x1
80003f9c: b3 1a 5c 01  	sll	s5, s8, s5
80003fa0: 33 dc 42 01  	srl	s8, t0, s4
80003fa4: b3 6a 5c 01  	or	s5, s8, s5
80003fa8: b3 da 6a 0f  	czero.eqz	s5, s5, s6
80003fac: b3 e9 3a 01  	or	s3, s5, s3
80003fb0: 33 5a 43 01  	srl	s4, t1, s4
80003fb4: 33 5a 6a 0f  	czero.eqz	s4, s4, s6
80003fb8: 93 0a b0 fe  	li	s5, -0x15
80003fbc: b3 8a ca 40  	sub	s5, s5, a2
80003fc0: 13 5b 1e 00  	srli	s6, t3, 0x1
80003fc4: b3 5a 5b 01  	srl	s5, s6, s5
80003fc8: b3 9e fe 00  	sll	t4, t4, a5
80003fcc: b3 ee 5e 01  	or	t4, t4, s5
80003fd0: 93 0a 46 01  	addi	s5, a2, 0x14
80003fd4: 13 ab 0a 00  	slti	s6, s5, 0x0
80003fd8: b3 de 6e 0f  	czero.eqz	t4, t4, s6
80003fdc: b3 1a 5e 01  	sll	s5, t3, s5
80003fe0: b3 fa 6a 0f  	czero.nez	s5, s5, s6
80003fe4: b3 ee 5e 01  	or	t4, t4, s5
80003fe8: b3 17 fe 00  	sll	a5, t3, a5
80003fec: b3 d7 67 0f  	czero.eqz	a5, a5, s6
80003ff0: 33 8e 33 03  	mul	t3, t2, s3
80003ff4: b3 ba 36 03  	mulhu	s5, a3, s3
80003ff8: 33 8b 46 03  	mul	s6, a3, s4
80003ffc: b3 8a 6a 01  	add	s5, s5, s6
80004000: 33 8e ca 01  	add	t3, s5, t3
80004004: 13 1e 1e 00  	slli	t3, t3, 0x1
80004008: b3 8a 36 03  	mul	s5, a3, s3
8000400c: 13 db fa 01  	srli	s6, s5, 0x1f
80004010: 33 6e 6e 01  	or	t3, t3, s6
80004014: 13 9b 1a 00  	slli	s6, s5, 0x1
80004018: b3 ba 67 01  	sltu	s5, a5, s6
8000401c: b3 8e 5e 41  	sub	t4, t4, s5
80004020: b3 8a ce 41  	sub	s5, t4, t3
80004024: 33 8b 67 41  	sub	s6, a5, s6
80004028: 0b 30 07 00  	vx_join	a4
8000402c: 0b ae 1b 00  	vx_split_n	t3, s7
80004030: 63 86 0b 00  	beqz	s7, 0x8000403c <__divdf3+0x914>
80004034: 13 07 00 00  	li	a4, 0x0
80004038: 93 07 08 00  	mv	a5, a6
8000403c: 0b 30 0e 00  	vx_join	t3
80004040: 93 0b 00 00  	li	s7, 0x0
80004044: 0b b0 04 00  	vx_join	s1
80004048: 0b ae 1b 00  	vx_split_n	t3, s7
8000404c: 63 84 0b 02  	beqz	s7, 0x80004074 <__divdf3+0x94c>
80004050: b3 f9 e2 01  	and	s3, t0, t5
80004054: 33 77 13 01  	and	a4, t1, a7
80004058: 13 16 46 01  	slli	a2, a2, 0x14
8000405c: 33 6a e6 00  	or	s4, a2, a4
80004060: 13 d6 ff 01  	srli	a2, t6, 0x1f
80004064: 13 14 14 00  	slli	s0, s0, 0x1
80004068: b3 6a c4 00  	or	s5, s0, a2
8000406c: 13 9b 1f 00  	slli	s6, t6, 0x1
80004070: 13 09 10 00  	li	s2, 0x1
80004074: 0b 30 0e 00  	vx_join	t3
80004078: 0b 26 19 00  	vx_split_n	a2, s2
8000407c: 63 0e 09 02  	beqz	s2, 0x800040b8 <__divdf3+0x990>
80004080: 13 f7 19 00  	andi	a4, s3, 0x1
80004084: 33 0b 67 01  	add	s6, a4, s6
80004088: 33 37 eb 00  	sltu	a4, s6, a4
8000408c: 33 87 ea 00  	add	a4, s5, a4
80004090: b3 47 77 00  	xor	a5, a4, t2
80004094: 33 b7 e3 00  	sltu	a4, t2, a4
80004098: 33 57 f7 0e  	czero.eqz	a4, a4, a5
8000409c: b3 b6 66 01  	sltu	a3, a3, s6
800040a0: b3 f6 f6 0e  	czero.nez	a3, a3, a5
800040a4: b3 e6 e6 00  	or	a3, a3, a4
800040a8: 33 87 d9 00  	add	a4, s3, a3
800040ac: b3 36 37 01  	sltu	a3, a4, s3
800040b0: b3 06 da 00  	add	a3, s4, a3
800040b4: b3 e7 06 01  	or	a5, a3, a6
800040b8: 0b 30 06 00  	vx_join	a2
800040bc: 93 04 00 00  	li	s1, 0x0
800040c0: 0b 30 05 00  	vx_join	a0
800040c4: 0b a5 14 00  	vx_split_n	a0, s1
800040c8: 63 88 04 00  	beqz	s1, 0x800040d8 <__divdf3+0x9b0>
800040cc: 13 07 00 00  	li	a4, 0x0
800040d0: 37 06 f0 7f  	lui	a2, 0x7ff00
800040d4: b3 67 c8 00  	or	a5, a6, a2
800040d8: 0b 30 05 00  	vx_join	a0
800040dc: 0b b0 05 00  	vx_join	a1
800040e0: 13 05 07 00  	mv	a0, a4
800040e4: 93 85 07 00  	mv	a1, a5
800040e8: 83 20 c1 03  	lw	ra, 0x3c(sp)
800040ec: 03 24 81 03  	lw	s0, 0x38(sp)
800040f0: 83 24 41 03  	lw	s1, 0x34(sp)
800040f4: 03 29 01 03  	lw	s2, 0x30(sp)
800040f8: 83 29 c1 02  	lw	s3, 0x2c(sp)
800040fc: 03 2a 81 02  	lw	s4, 0x28(sp)
80004100: 83 2a 41 02  	lw	s5, 0x24(sp)
80004104: 03 2b 01 02  	lw	s6, 0x20(sp)
80004108: 83 2b c1 01  	lw	s7, 0x1c(sp)
8000410c: 03 2c 81 01  	lw	s8, 0x18(sp)
80004110: 83 2c 41 01  	lw	s9, 0x14(sp)
80004114: 03 2d 01 01  	lw	s10, 0x10(sp)
80004118: 83 2d c1 00  	lw	s11, 0xc(sp)
8000411c: 13 01 01 04  	addi	sp, sp, 0x40
80004120: 67 80 00 00  	ret

80004124 <__fixdfsi>:
80004124: 13 06 00 00  	li	a2, 0x0
80004128: 93 96 15 00  	slli	a3, a1, 0x1
8000412c: 13 d8 56 01  	srli	a6, a3, 0x15
80004130: 93 36 f8 3f  	sltiu	a3, a6, 0x3ff
80004134: 13 c7 16 00  	xori	a4, a3, 0x1
80004138: 8b 26 17 00  	vx_split_n	a3, a4
8000413c: 63 08 07 0a  	beqz	a4, 0x800041ec <__fixdfsi+0xc8>
80004140: 13 06 18 be  	addi	a2, a6, -0x41f
80004144: 13 36 06 fe  	sltiu	a2, a2, -0x20
80004148: 93 42 16 00  	xori	t0, a2, 0x1
8000414c: 8b a7 12 00  	vx_split_n	a5, t0
80004150: 93 08 10 00  	li	a7, 0x1
80004154: 13 a7 05 00  	slti	a4, a1, 0x0
80004158: 63 8c 02 06  	beqz	t0, 0x800041d0 <__fixdfsi+0xac>
8000415c: 93 08 00 00  	li	a7, 0x0
80004160: 37 06 10 00  	lui	a2, 0x100
80004164: 13 06 f6 ff  	addi	a2, a2, -0x1
80004168: b3 f5 c5 00  	and	a1, a1, a2
8000416c: b3 32 a0 00  	snez	t0, a0
80004170: b3 85 55 00  	add	a1, a1, t0
80004174: 13 05 f5 ff  	addi	a0, a0, -0x1
80004178: 13 05 15 00  	addi	a0, a0, 0x1
8000417c: 93 32 15 00  	seqz	t0, a0
80004180: 33 86 c2 00  	add	a2, t0, a2
80004184: b3 85 c5 00  	add	a1, a1, a2
80004188: 13 06 30 43  	li	a2, 0x433
8000418c: 33 06 06 41  	sub	a2, a2, a6
80004190: 93 02 30 41  	li	t0, 0x413
80004194: 33 88 02 41  	sub	a6, t0, a6
80004198: 33 55 c5 00  	srl	a0, a0, a2
8000419c: 13 46 f6 ff  	not	a2, a2
800041a0: 93 92 15 00  	slli	t0, a1, 0x1
800041a4: 33 96 c2 00  	sll	a2, t0, a2
800041a8: b3 d5 05 01  	srl	a1, a1, a6
800041ac: 13 28 08 00  	slti	a6, a6, 0x0
800041b0: b3 f5 05 0f  	czero.nez	a1, a1, a6
800041b4: 33 65 c5 00  	or	a0, a0, a2
800041b8: 33 55 05 0f  	czero.eqz	a0, a0, a6
800041bc: 33 65 b5 00  	or	a0, a0, a1
800041c0: b3 05 a0 40  	neg	a1, a0
800041c4: 33 75 e5 0e  	czero.nez	a0, a0, a4
800041c8: 33 d6 e5 0e  	czero.eqz	a2, a1, a4
800041cc: 33 66 c5 00  	or	a2, a0, a2
800041d0: 0b b0 07 00  	vx_join	a5
800041d4: 0b a5 18 00  	vx_split_n	a0, a7
800041d8: 63 88 08 00  	beqz	a7, 0x800041e8 <__fixdfsi+0xc4>
800041dc: 93 45 17 00  	xori	a1, a4, 0x1
800041e0: 37 06 00 80  	lui	a2, 0x80000
800041e4: 33 06 b6 40  	sub	a2, a2, a1
800041e8: 0b 30 05 00  	vx_join	a0
800041ec: 0b b0 06 00  	vx_join	a3
800041f0: 13 05 06 00  	mv	a0, a2
800041f4: 67 80 00 00  	ret

800041f8 <__fixunsdfsi>:
800041f8: 13 06 00 00  	li	a2, 0x0
800041fc: 93 a6 05 00  	slti	a3, a1, 0x0
80004200: 13 97 15 00  	slli	a4, a1, 0x1
80004204: 13 57 57 01  	srli	a4, a4, 0x15
80004208: 93 37 f7 3f  	sltiu	a5, a4, 0x3ff
8000420c: b3 e6 f6 00  	or	a3, a3, a5
80004210: 93 c7 16 00  	xori	a5, a3, 0x1
80004214: 8b a6 17 00  	vx_split_n	a3, a5
80004218: 63 8a 07 06  	beqz	a5, 0x8000428c <__fixunsdfsi+0x94>
8000421c: 37 06 10 00  	lui	a2, 0x100
80004220: 13 06 f6 ff  	addi	a2, a2, -0x1
80004224: b3 f5 c5 00  	and	a1, a1, a2
80004228: b3 37 a0 00  	snez	a5, a0
8000422c: b3 85 f5 00  	add	a1, a1, a5
80004230: 13 05 f5 ff  	addi	a0, a0, -0x1
80004234: 13 05 15 00  	addi	a0, a0, 0x1
80004238: 93 37 15 00  	seqz	a5, a0
8000423c: 33 86 c7 00  	add	a2, a5, a2
80004240: b3 85 c5 00  	add	a1, a1, a2
80004244: 13 06 17 be  	addi	a2, a4, -0x41f
80004248: 13 36 06 fe  	sltiu	a2, a2, -0x20
8000424c: 93 07 30 43  	li	a5, 0x433
80004250: b3 87 e7 40  	sub	a5, a5, a4
80004254: 13 08 30 41  	li	a6, 0x413
80004258: 33 07 e8 40  	sub	a4, a6, a4
8000425c: 33 d8 e5 00  	srl	a6, a1, a4
80004260: 13 27 07 00  	slti	a4, a4, 0x0
80004264: 33 78 e8 0e  	czero.nez	a6, a6, a4
80004268: 93 c8 f7 ff  	not	a7, a5
8000426c: 93 95 15 00  	slli	a1, a1, 0x1
80004270: b3 95 15 01  	sll	a1, a1, a7
80004274: 33 55 f5 00  	srl	a0, a0, a5
80004278: 33 65 b5 00  	or	a0, a0, a1
8000427c: 33 55 e5 0e  	czero.eqz	a0, a0, a4
80004280: b3 05 c0 40  	neg	a1, a2
80004284: 33 e6 05 01  	or	a2, a1, a6
80004288: 33 66 a6 00  	or	a2, a2, a0
8000428c: 0b b0 06 00  	vx_join	a3
80004290: 13 05 06 00  	mv	a0, a2
80004294: 67 80 00 00  	ret

80004298 <__floatsidf>:
80004298: 13 06 05 00  	mv	a2, a0
8000429c: 13 05 00 00  	li	a0, 0x0
800042a0: 93 05 00 00  	li	a1, 0x0
800042a4: 33 37 c0 00  	snez	a4, a2
800042a8: 8b 26 17 00  	vx_split_n	a3, a4
800042ac: 63 04 07 0e  	beqz	a4, 0x80004394 <__floatsidf+0xfc>
800042b0: 13 55 f6 41  	srai	a0, a2, 0x1f
800042b4: b3 45 a6 00  	xor	a1, a2, a0
800042b8: b3 85 a5 40  	sub	a1, a1, a0
800042bc: 37 05 00 80  	lui	a0, 0x80000
800042c0: 33 76 a6 00  	and	a2, a2, a0
800042c4: 13 d5 15 00  	srli	a0, a1, 0x1
800042c8: 33 e7 a5 00  	or	a4, a1, a0
800042cc: 93 57 27 00  	srli	a5, a4, 0x2
800042d0: 33 67 f7 00  	or	a4, a4, a5
800042d4: 93 57 47 00  	srli	a5, a4, 0x4
800042d8: 33 67 f7 00  	or	a4, a4, a5
800042dc: 93 57 87 00  	srli	a5, a4, 0x8
800042e0: 33 67 f7 00  	or	a4, a4, a5
800042e4: 93 57 07 01  	srli	a5, a4, 0x10
800042e8: 33 67 f7 00  	or	a4, a4, a5
800042ec: 13 47 f7 ff  	not	a4, a4
800042f0: 93 57 17 00  	srli	a5, a4, 0x1
800042f4: 37 58 55 55  	lui	a6, 0x55555
800042f8: 13 08 58 55  	addi	a6, a6, 0x555
800042fc: b3 f7 07 01  	and	a5, a5, a6
80004300: 33 07 f7 40  	sub	a4, a4, a5
80004304: b7 37 33 33  	lui	a5, 0x33333
80004308: 93 87 37 33  	addi	a5, a5, 0x333
8000430c: 33 78 f7 00  	and	a6, a4, a5
80004310: 13 57 27 00  	srli	a4, a4, 0x2
80004314: 33 77 f7 00  	and	a4, a4, a5
80004318: 33 07 e8 00  	add	a4, a6, a4
8000431c: 93 57 47 00  	srli	a5, a4, 0x4
80004320: 33 07 f7 00  	add	a4, a4, a5
80004324: b7 17 0f 0f  	lui	a5, 0xf0f1
80004328: 93 87 f7 f0  	addi	a5, a5, -0xf1
8000432c: 33 77 f7 00  	and	a4, a4, a5
80004330: b7 07 01 01  	lui	a5, 0x1010
80004334: 93 87 17 10  	addi	a5, a5, 0x101
80004338: 33 07 f7 02  	mul	a4, a4, a5
8000433c: 13 57 87 01  	srli	a4, a4, 0x18
80004340: 93 47 f7 01  	xori	a5, a4, 0x1f
80004344: 13 08 40 03  	li	a6, 0x34
80004348: 33 08 f8 40  	sub	a6, a6, a5
8000434c: 93 08 40 01  	li	a7, 0x14
80004350: b3 87 f8 40  	sub	a5, a7, a5
80004354: b3 98 f5 00  	sll	a7, a1, a5
80004358: 93 a7 07 00  	slti	a5, a5, 0x0
8000435c: b3 f8 f8 0e  	czero.nez	a7, a7, a5
80004360: 93 42 f8 ff  	not	t0, a6
80004364: 33 55 55 00  	srl	a0, a0, t0
80004368: 33 55 f5 0e  	czero.eqz	a0, a0, a5
8000436c: b3 68 15 01  	or	a7, a0, a7
80004370: 33 95 05 01  	sll	a0, a1, a6
80004374: 33 55 f5 0e  	czero.eqz	a0, a0, a5
80004378: b7 05 10 00  	lui	a1, 0x100
8000437c: b3 c5 b8 00  	xor	a1, a7, a1
80004380: 93 07 e0 41  	li	a5, 0x41e
80004384: b3 87 e7 40  	sub	a5, a5, a4
80004388: 93 97 47 01  	slli	a5, a5, 0x14
8000438c: b3 85 f5 00  	add	a1, a1, a5
80004390: b3 e5 c5 00  	or	a1, a1, a2
80004394: 0b b0 06 00  	vx_join	a3
80004398: 67 80 00 00  	ret

8000439c <__floatunsidf>:
8000439c: 13 06 00 00  	li	a2, 0x0
800043a0: 93 05 00 00  	li	a1, 0x0
800043a4: 33 37 a0 00  	snez	a4, a0
800043a8: 8b 26 17 00  	vx_split_n	a3, a4
800043ac: 63 08 07 0c  	beqz	a4, 0x8000447c <__floatunsidf+0xe0>
800043b0: 93 55 15 00  	srli	a1, a0, 0x1
800043b4: 33 66 b5 00  	or	a2, a0, a1
800043b8: 13 57 26 00  	srli	a4, a2, 0x2
800043bc: 33 66 e6 00  	or	a2, a2, a4
800043c0: 13 57 46 00  	srli	a4, a2, 0x4
800043c4: 33 66 e6 00  	or	a2, a2, a4
800043c8: 13 57 86 00  	srli	a4, a2, 0x8
800043cc: 33 66 e6 00  	or	a2, a2, a4
800043d0: 13 57 06 01  	srli	a4, a2, 0x10
800043d4: 33 66 e6 00  	or	a2, a2, a4
800043d8: 13 46 f6 ff  	not	a2, a2
800043dc: 13 57 16 00  	srli	a4, a2, 0x1
800043e0: b7 57 55 55  	lui	a5, 0x55555
800043e4: 93 87 57 55  	addi	a5, a5, 0x555
800043e8: 33 77 f7 00  	and	a4, a4, a5
800043ec: 33 06 e6 40  	sub	a2, a2, a4
800043f0: 37 37 33 33  	lui	a4, 0x33333
800043f4: 13 07 37 33  	addi	a4, a4, 0x333
800043f8: b3 77 e6 00  	and	a5, a2, a4
800043fc: 13 56 26 00  	srli	a2, a2, 0x2
80004400: 33 76 e6 00  	and	a2, a2, a4
80004404: 33 86 c7 00  	add	a2, a5, a2
80004408: 13 57 46 00  	srli	a4, a2, 0x4
8000440c: 33 06 e6 00  	add	a2, a2, a4
80004410: 37 17 0f 0f  	lui	a4, 0xf0f1
80004414: 13 07 f7 f0  	addi	a4, a4, -0xf1
80004418: 33 76 e6 00  	and	a2, a2, a4
8000441c: 37 07 01 01  	lui	a4, 0x1010
80004420: 13 07 17 10  	addi	a4, a4, 0x101
80004424: 33 06 e6 02  	mul	a2, a2, a4
80004428: 13 57 86 01  	srli	a4, a2, 0x18
8000442c: 13 46 f7 01  	xori	a2, a4, 0x1f
80004430: 93 07 40 03  	li	a5, 0x34
80004434: b3 87 c7 40  	sub	a5, a5, a2
80004438: 13 08 40 01  	li	a6, 0x14
8000443c: 33 06 c8 40  	sub	a2, a6, a2
80004440: 33 18 c5 00  	sll	a6, a0, a2
80004444: 13 26 06 00  	slti	a2, a2, 0x0
80004448: 33 78 c8 0e  	czero.nez	a6, a6, a2
8000444c: 93 c8 f7 ff  	not	a7, a5
80004450: b3 d5 15 01  	srl	a1, a1, a7
80004454: b3 d5 c5 0e  	czero.eqz	a1, a1, a2
80004458: b3 e5 05 01  	or	a1, a1, a6
8000445c: 33 15 f5 00  	sll	a0, a0, a5
80004460: 33 56 c5 0e  	czero.eqz	a2, a0, a2
80004464: 37 05 10 00  	lui	a0, 0x100
80004468: 33 c5 a5 00  	xor	a0, a1, a0
8000446c: 93 05 e0 41  	li	a1, 0x41e
80004470: b3 85 e5 40  	sub	a1, a1, a4
80004474: 93 95 45 01  	slli	a1, a1, 0x14
80004478: b3 05 b5 00  	add	a1, a0, a1
8000447c: 0b b0 06 00  	vx_join	a3
80004480: 13 05 06 00  	mv	a0, a2
80004484: 67 80 00 00  	ret

80004488 <__muldf3>:
80004488: 13 01 01 fc  	addi	sp, sp, -0x40
8000448c: 23 2e 11 02  	sw	ra, 0x3c(sp)
80004490: 23 2c 81 02  	sw	s0, 0x38(sp)
80004494: 23 2a 91 02  	sw	s1, 0x34(sp)
80004498: 23 28 21 03  	sw	s2, 0x30(sp)
8000449c: 23 26 31 03  	sw	s3, 0x2c(sp)
800044a0: 23 24 41 03  	sw	s4, 0x28(sp)
800044a4: 23 22 51 03  	sw	s5, 0x24(sp)
800044a8: 23 20 61 03  	sw	s6, 0x20(sp)
800044ac: 23 2e 71 01  	sw	s7, 0x1c(sp)
800044b0: 23 2c 81 01  	sw	s8, 0x18(sp)
800044b4: 23 2a 91 01  	sw	s9, 0x14(sp)
800044b8: 23 28 a1 01  	sw	s10, 0x10(sp)
800044bc: 23 26 b1 01  	sw	s11, 0xc(sp)
800044c0: 93 04 00 00  	li	s1, 0x0
800044c4: b7 08 10 00  	lui	a7, 0x100
800044c8: 93 88 f8 ff  	addi	a7, a7, -0x1
800044cc: 13 97 15 00  	slli	a4, a1, 0x1
800044d0: 93 52 57 01  	srli	t0, a4, 0x15
800044d4: 13 97 16 00  	slli	a4, a3, 0x1
800044d8: 13 53 57 01  	srli	t1, a4, 0x15
800044dc: 33 c7 b6 00  	xor	a4, a3, a1
800044e0: 37 04 00 80  	lui	s0, 0x80000
800044e4: 33 78 87 00  	and	a6, a4, s0
800044e8: b3 f3 15 01  	and	t2, a1, a7
800044ec: b3 fe 16 01  	and	t4, a3, a7
800044f0: 13 87 12 80  	addi	a4, t0, -0x7ff
800044f4: 13 37 27 80  	sltiu	a4, a4, -0x7fe
800044f8: 93 07 13 80  	addi	a5, t1, -0x7ff
800044fc: 93 b7 27 80  	sltiu	a5, a5, -0x7fe
80004500: 33 6f f7 00  	or	t5, a4, a5
80004504: 0b 2e 1f 00  	vx_split_n	t3, t5
80004508: 13 0c 10 00  	li	s8, 0x1
8000450c: 63 06 0f 54  	beqz	t5, 0x80004a58 <__muldf3+0x5d0>
80004510: 13 04 f4 ff  	addi	s0, s0, -0x1
80004514: b3 f9 85 00  	and	s3, a1, s0
80004518: 37 09 f0 7f  	lui	s2, 0x7ff00
8000451c: 33 c7 29 01  	xor	a4, s3, s2
80004520: 93 d0 49 01  	srli	ra, s3, 0x14
80004524: 93 b7 f0 7f  	sltiu	a5, ra, 0x7ff
80004528: b3 d7 e7 0e  	czero.eqz	a5, a5, a4
8000452c: 13 3f 15 00  	seqz	t5, a0
80004530: 33 77 ef 0e  	czero.nez	a4, t5, a4
80004534: 33 6b f7 00  	or	s6, a4, a5
80004538: 0b 2f 1b 00  	vx_split_n	t5, s6
8000453c: 93 0f 10 00  	li	t6, 0x1
80004540: 63 0a 0b 4c  	beqz	s6, 0x80004a14 <__muldf3+0x58c>
80004544: 33 f4 86 00  	and	s0, a3, s0
80004548: 33 47 24 01  	xor	a4, s0, s2
8000454c: 93 37 16 00  	seqz	a5, a2
80004550: b3 f7 e7 0e  	czero.nez	a5, a5, a4
80004554: 93 5d 44 01  	srli	s11, s0, 0x14
80004558: 93 bf fd 7f  	sltiu	t6, s11, 0x7ff
8000455c: 33 d7 ef 0e  	czero.eqz	a4, t6, a4
80004560: 33 eb e7 00  	or	s6, a5, a4
80004564: 8b 2f 1b 00  	vx_split_n	t6, s6
80004568: 13 09 10 00  	li	s2, 0x1
8000456c: 63 08 0b 46  	beqz	s6, 0x800049dc <__muldf3+0x554>
80004570: b7 0b f0 7f  	lui	s7, 0x7ff00
80004574: 33 c7 79 01  	xor	a4, s3, s7
80004578: 33 67 e5 00  	or	a4, a0, a4
8000457c: 33 39 e0 00  	snez	s2, a4
80004580: 0b 27 19 00  	vx_split_n	a4, s2
80004584: 23 24 e1 00  	sw	a4, 0x8(sp)
80004588: 13 0b 10 00  	li	s6, 0x1
8000458c: 63 00 09 40  	beqz	s2, 0x8000498c <__muldf3+0x504>
80004590: 33 47 74 01  	xor	a4, s0, s7
80004594: 33 67 e6 00  	or	a4, a2, a4
80004598: 33 39 e0 00  	snez	s2, a4
8000459c: 0b 2b 19 00  	vx_split_n	s6, s2
800045a0: 93 0b 10 00  	li	s7, 0x1
800045a4: b3 69 35 01  	or	s3, a0, s3
800045a8: 63 0e 09 38  	beqz	s2, 0x80004944 <__muldf3+0x4bc>
800045ac: 33 39 30 01  	snez	s2, s3
800045b0: 0b 27 19 00  	vx_split_n	a4, s2
800045b4: 23 22 e1 00  	sw	a4, 0x4(sp)
800045b8: 93 0b 10 00  	li	s7, 0x1
800045bc: 63 08 09 34  	beqz	s2, 0x8000490c <__muldf3+0x484>
800045c0: 33 67 86 00  	or	a4, a2, s0
800045c4: b3 37 e0 00  	snez	a5, a4
800045c8: 0b a7 17 00  	vx_split_n	a4, a5
800045cc: 93 0b 10 00  	li	s7, 0x1
800045d0: 63 84 07 30  	beqz	a5, 0x800048d8 <__muldf3+0x450>
800045d4: 93 04 00 00  	li	s1, 0x0
800045d8: 13 b9 10 00  	seqz	s2, ra
800045dc: 8b 27 19 00  	vx_split_n	a5, s2
800045e0: 13 0a 05 00  	mv	s4, a0
800045e4: 93 8a 03 00  	mv	s5, t2
800045e8: 63 04 09 16  	beqz	s2, 0x80004750 <__muldf3+0x2c8>
800045ec: 33 39 70 00  	snez	s2, t2
800045f0: 8b 24 19 00  	vx_split_n	s1, s2
800045f4: 13 0a 10 00  	li	s4, 0x1
800045f8: 63 02 09 08  	beqz	s2, 0x8000467c <__muldf3+0x1f4>
800045fc: 13 0a 00 00  	li	s4, 0x0
80004600: 13 d9 13 00  	srli	s2, t2, 0x1
80004604: 33 e9 23 01  	or	s2, t2, s2
80004608: 93 5a 29 00  	srli	s5, s2, 0x2
8000460c: 33 69 59 01  	or	s2, s2, s5
80004610: 93 5a 49 00  	srli	s5, s2, 0x4
80004614: 33 69 59 01  	or	s2, s2, s5
80004618: 93 5a 89 00  	srli	s5, s2, 0x8
8000461c: 33 69 59 01  	or	s2, s2, s5
80004620: 93 5a 09 01  	srli	s5, s2, 0x10
80004624: 33 69 59 01  	or	s2, s2, s5
80004628: 13 49 f9 ff  	not	s2, s2
8000462c: 93 5a 19 00  	srli	s5, s2, 0x1
80004630: b7 5b 55 55  	lui	s7, 0x55555
80004634: 93 8b 5b 55  	addi	s7, s7, 0x555
80004638: b3 fa 7a 01  	and	s5, s5, s7
8000463c: 33 09 59 41  	sub	s2, s2, s5
80004640: b7 3a 33 33  	lui	s5, 0x33333
80004644: 93 8a 3a 33  	addi	s5, s5, 0x333
80004648: b3 7b 59 01  	and	s7, s2, s5
8000464c: 13 59 29 00  	srli	s2, s2, 0x2
80004650: 33 79 59 01  	and	s2, s2, s5
80004654: 33 89 2b 01  	add	s2, s7, s2
80004658: 93 5a 49 00  	srli	s5, s2, 0x4
8000465c: 33 09 59 01  	add	s2, s2, s5
80004660: b7 1a 0f 0f  	lui	s5, 0xf0f1
80004664: 93 8a fa f0  	addi	s5, s5, -0xf1
80004668: 33 79 59 01  	and	s2, s2, s5
8000466c: b7 0a 01 01  	lui	s5, 0x1010
80004670: 93 8a 1a 10  	addi	s5, s5, 0x101
80004674: 33 09 59 03  	mul	s2, s2, s5
80004678: 93 5b 89 01  	srli	s7, s2, 0x18
8000467c: 0b b0 04 00  	vx_join	s1
80004680: 8b 24 1a 00  	vx_split_n	s1, s4
80004684: 63 02 0a 08  	beqz	s4, 0x80004708 <__muldf3+0x280>
80004688: 13 59 15 00  	srli	s2, a0, 0x1
8000468c: 33 69 25 01  	or	s2, a0, s2
80004690: 13 5a 29 00  	srli	s4, s2, 0x2
80004694: 33 69 49 01  	or	s2, s2, s4
80004698: 13 5a 49 00  	srli	s4, s2, 0x4
8000469c: 33 69 49 01  	or	s2, s2, s4
800046a0: 13 5a 89 00  	srli	s4, s2, 0x8
800046a4: 33 69 49 01  	or	s2, s2, s4
800046a8: 13 5a 09 01  	srli	s4, s2, 0x10
800046ac: 33 69 49 01  	or	s2, s2, s4
800046b0: 13 49 f9 ff  	not	s2, s2
800046b4: 13 5a 19 00  	srli	s4, s2, 0x1
800046b8: b7 5a 55 55  	lui	s5, 0x55555
800046bc: 93 8a 5a 55  	addi	s5, s5, 0x555
800046c0: 33 7a 5a 01  	and	s4, s4, s5
800046c4: 33 09 49 41  	sub	s2, s2, s4
800046c8: 37 3a 33 33  	lui	s4, 0x33333
800046cc: 13 0a 3a 33  	addi	s4, s4, 0x333
800046d0: b3 7a 49 01  	and	s5, s2, s4
800046d4: 13 59 29 00  	srli	s2, s2, 0x2
800046d8: 33 79 49 01  	and	s2, s2, s4
800046dc: 33 89 2a 01  	add	s2, s5, s2
800046e0: 13 5a 49 00  	srli	s4, s2, 0x4
800046e4: 33 09 49 01  	add	s2, s2, s4
800046e8: 37 1a 0f 0f  	lui	s4, 0xf0f1
800046ec: 13 0a fa f0  	addi	s4, s4, -0xf1
800046f0: 33 79 49 01  	and	s2, s2, s4
800046f4: 37 0a 01 01  	lui	s4, 0x1010
800046f8: 13 0a 1a 10  	addi	s4, s4, 0x101
800046fc: 33 09 49 03  	mul	s2, s2, s4
80004700: 13 59 89 01  	srli	s2, s2, 0x18
80004704: 93 6b 09 02  	ori	s7, s2, 0x20
80004708: 0b b0 04 00  	vx_join	s1
8000470c: 93 84 5b ff  	addi	s1, s7, -0xb
80004710: 13 09 a0 02  	li	s2, 0x2a
80004714: 33 09 79 41  	sub	s2, s2, s7
80004718: 13 5a 15 00  	srli	s4, a0, 0x1
8000471c: 33 59 2a 01  	srl	s2, s4, s2
80004720: 33 9a 93 00  	sll	s4, t2, s1
80004724: 33 69 2a 01  	or	s2, s4, s2
80004728: 13 8a 5b fd  	addi	s4, s7, -0x2b
8000472c: 13 2c 0a 00  	slti	s8, s4, 0x0
80004730: 33 59 89 0f  	czero.eqz	s2, s2, s8
80004734: 33 1a 45 01  	sll	s4, a0, s4
80004738: 33 7a 8a 0f  	czero.nez	s4, s4, s8
8000473c: b3 6a 49 01  	or	s5, s2, s4
80004740: b3 14 95 00  	sll	s1, a0, s1
80004744: 33 da 84 0f  	czero.eqz	s4, s1, s8
80004748: 93 04 c0 00  	li	s1, 0xc
8000474c: b3 84 74 41  	sub	s1, s1, s7
80004750: 0b b0 07 00  	vx_join	a5
80004754: 13 b9 1d 00  	seqz	s2, s11
80004758: 8b 27 19 00  	vx_split_n	a5, s2
8000475c: 93 0c 06 00  	mv	s9, a2
80004760: 13 8d 0e 00  	mv	s10, t4
80004764: 63 04 09 16  	beqz	s2, 0x800048cc <__muldf3+0x444>
80004768: 33 39 d0 01  	snez	s2, t4
8000476c: 0b 2c 19 00  	vx_split_n	s8, s2
80004770: 93 0c 10 00  	li	s9, 0x1
80004774: 63 02 09 08  	beqz	s2, 0x800047f8 <__muldf3+0x370>
80004778: 93 0c 00 00  	li	s9, 0x0
8000477c: 13 d9 1e 00  	srli	s2, t4, 0x1
80004780: 33 e9 2e 01  	or	s2, t4, s2
80004784: 93 5b 29 00  	srli	s7, s2, 0x2
80004788: 33 69 79 01  	or	s2, s2, s7
8000478c: 93 5b 49 00  	srli	s7, s2, 0x4
80004790: 33 69 79 01  	or	s2, s2, s7
80004794: 93 5b 89 00  	srli	s7, s2, 0x8
80004798: 33 69 79 01  	or	s2, s2, s7
8000479c: 93 5b 09 01  	srli	s7, s2, 0x10
800047a0: 33 69 79 01  	or	s2, s2, s7
800047a4: 13 49 f9 ff  	not	s2, s2
800047a8: 93 5b 19 00  	srli	s7, s2, 0x1
800047ac: 37 5d 55 55  	lui	s10, 0x55555
800047b0: 13 0d 5d 55  	addi	s10, s10, 0x555
800047b4: b3 fb ab 01  	and	s7, s7, s10
800047b8: 33 09 79 41  	sub	s2, s2, s7
800047bc: b7 3b 33 33  	lui	s7, 0x33333
800047c0: 93 8b 3b 33  	addi	s7, s7, 0x333
800047c4: 33 7d 79 01  	and	s10, s2, s7
800047c8: 13 59 29 00  	srli	s2, s2, 0x2
800047cc: 33 79 79 01  	and	s2, s2, s7
800047d0: 33 09 2d 01  	add	s2, s10, s2
800047d4: 93 5b 49 00  	srli	s7, s2, 0x4
800047d8: 33 09 79 01  	add	s2, s2, s7
800047dc: b7 1b 0f 0f  	lui	s7, 0xf0f1
800047e0: 93 8b fb f0  	addi	s7, s7, -0xf1
800047e4: 33 79 79 01  	and	s2, s2, s7
800047e8: b7 0b 01 01  	lui	s7, 0x1010
800047ec: 93 8b 1b 10  	addi	s7, s7, 0x101
800047f0: 33 09 79 03  	mul	s2, s2, s7
800047f4: 93 5d 89 01  	srli	s11, s2, 0x18
800047f8: 0b 30 0c 00  	vx_join	s8
800047fc: 8b ab 1c 00  	vx_split_n	s7, s9
80004800: 63 82 0c 08  	beqz	s9, 0x80004884 <__muldf3+0x3fc>
80004804: 13 59 16 00  	srli	s2, a2, 0x1
80004808: 33 69 26 01  	or	s2, a2, s2
8000480c: 13 5c 29 00  	srli	s8, s2, 0x2
80004810: 33 69 89 01  	or	s2, s2, s8
80004814: 13 5c 49 00  	srli	s8, s2, 0x4
80004818: 33 69 89 01  	or	s2, s2, s8
8000481c: 13 5c 89 00  	srli	s8, s2, 0x8
80004820: 33 69 89 01  	or	s2, s2, s8
80004824: 13 5c 09 01  	srli	s8, s2, 0x10
80004828: 33 69 89 01  	or	s2, s2, s8
8000482c: 13 49 f9 ff  	not	s2, s2
80004830: 13 5c 19 00  	srli	s8, s2, 0x1
80004834: b7 5c 55 55  	lui	s9, 0x55555
80004838: 93 8c 5c 55  	addi	s9, s9, 0x555
8000483c: 33 7c 9c 01  	and	s8, s8, s9
80004840: 33 09 89 41  	sub	s2, s2, s8
80004844: 37 3c 33 33  	lui	s8, 0x33333
80004848: 13 0c 3c 33  	addi	s8, s8, 0x333
8000484c: b3 7c 89 01  	and	s9, s2, s8
80004850: 13 59 29 00  	srli	s2, s2, 0x2
80004854: 33 79 89 01  	and	s2, s2, s8
80004858: 33 89 2c 01  	add	s2, s9, s2
8000485c: 13 5c 49 00  	srli	s8, s2, 0x4
80004860: 33 09 89 01  	add	s2, s2, s8
80004864: 37 1c 0f 0f  	lui	s8, 0xf0f1
80004868: 13 0c fc f0  	addi	s8, s8, -0xf1
8000486c: 33 79 89 01  	and	s2, s2, s8
80004870: 37 0c 01 01  	lui	s8, 0x1010
80004874: 13 0c 1c 10  	addi	s8, s8, 0x101
80004878: 33 09 89 03  	mul	s2, s2, s8
8000487c: 13 59 89 01  	srli	s2, s2, 0x18
80004880: 93 6d 09 02  	ori	s11, s2, 0x20
80004884: 0b b0 0b 00  	vx_join	s7
80004888: 13 89 5d ff  	addi	s2, s11, -0xb
8000488c: 93 0b a0 02  	li	s7, 0x2a
80004890: b3 8b bb 41  	sub	s7, s7, s11
80004894: 13 5c 16 00  	srli	s8, a2, 0x1
80004898: b3 5b 7c 01  	srl	s7, s8, s7
8000489c: 33 9c 2e 01  	sll	s8, t4, s2
800048a0: b3 6b 7c 01  	or	s7, s8, s7
800048a4: 13 8c 5d fd  	addi	s8, s11, -0x2b
800048a8: 93 2c 0c 00  	slti	s9, s8, 0x0
800048ac: b3 db 9b 0f  	czero.eqz	s7, s7, s9
800048b0: 33 1c 86 01  	sll	s8, a2, s8
800048b4: 33 7c 9c 0f  	czero.nez	s8, s8, s9
800048b8: 33 ed 8b 01  	or	s10, s7, s8
800048bc: 33 19 26 01  	sll	s2, a2, s2
800048c0: b3 5c 99 0f  	czero.eqz	s9, s2, s9
800048c4: b3 84 b4 41  	sub	s1, s1, s11
800048c8: 93 84 c4 00  	addi	s1, s1, 0xc
800048cc: 0b b0 07 00  	vx_join	a5
800048d0: 93 0b 00 00  	li	s7, 0x0
800048d4: 13 0c 10 00  	li	s8, 0x1
800048d8: 0b 30 07 00  	vx_join	a4
800048dc: 8b ad 1b 00  	vx_split_n	s11, s7
800048e0: 63 82 0b 02  	beqz	s7, 0x80004904 <__muldf3+0x47c>
800048e4: 93 04 00 00  	li	s1, 0x0
800048e8: 13 0c 00 00  	li	s8, 0x0
800048ec: 13 07 00 00  	li	a4, 0x0
800048f0: 13 0a 05 00  	mv	s4, a0
800048f4: 93 8a 03 00  	mv	s5, t2
800048f8: 93 0c 06 00  	mv	s9, a2
800048fc: 13 8d 0e 00  	mv	s10, t4
80004900: 93 07 08 00  	mv	a5, a6
80004904: 0b b0 0d 00  	vx_join	s11
80004908: 93 0b 00 00  	li	s7, 0x0
8000490c: 03 29 41 00  	lw	s2, 0x4(sp)
80004910: 0b 30 09 00  	vx_join	s2
80004914: 8b ad 1b 00  	vx_split_n	s11, s7
80004918: 63 82 0b 02  	beqz	s7, 0x8000493c <__muldf3+0x4b4>
8000491c: 93 04 00 00  	li	s1, 0x0
80004920: 13 0c 00 00  	li	s8, 0x0
80004924: 13 07 00 00  	li	a4, 0x0
80004928: 13 0a 05 00  	mv	s4, a0
8000492c: 93 8a 03 00  	mv	s5, t2
80004930: 93 0c 06 00  	mv	s9, a2
80004934: 13 8d 0e 00  	mv	s10, t4
80004938: 93 07 08 00  	mv	a5, a6
8000493c: 0b b0 0d 00  	vx_join	s11
80004940: 93 0b 00 00  	li	s7, 0x0
80004944: 0b 30 0b 00  	vx_join	s6
80004948: 0b ab 1b 00  	vx_split_n	s6, s7
8000494c: 63 8c 0b 02  	beqz	s7, 0x80004984 <__muldf3+0x4fc>
80004950: 93 04 00 00  	li	s1, 0x0
80004954: 13 0c 00 00  	li	s8, 0x0
80004958: 13 07 00 00  	li	a4, 0x0
8000495c: b7 07 f0 7f  	lui	a5, 0x7ff00
80004960: b3 67 f8 00  	or	a5, a6, a5
80004964: b3 d7 37 0f  	czero.eqz	a5, a5, s3
80004968: 37 09 f8 7f  	lui	s2, 0x7ff80
8000496c: 33 79 39 0f  	czero.nez	s2, s2, s3
80004970: b3 67 f9 00  	or	a5, s2, a5
80004974: 13 0a 05 00  	mv	s4, a0
80004978: 93 8a 03 00  	mv	s5, t2
8000497c: 93 0c 06 00  	mv	s9, a2
80004980: 13 8d 0e 00  	mv	s10, t4
80004984: 0b 30 0b 00  	vx_join	s6
80004988: 13 0b 00 00  	li	s6, 0x0
8000498c: 03 29 81 00  	lw	s2, 0x8(sp)
80004990: 0b 30 09 00  	vx_join	s2
80004994: 0b 29 1b 00  	vx_split_n	s2, s6
80004998: 63 0e 0b 02  	beqz	s6, 0x800049d4 <__muldf3+0x54c>
8000499c: 93 04 00 00  	li	s1, 0x0
800049a0: 13 0c 00 00  	li	s8, 0x0
800049a4: 13 07 00 00  	li	a4, 0x0
800049a8: 33 64 86 00  	or	s0, a2, s0
800049ac: b7 07 f0 7f  	lui	a5, 0x7ff00
800049b0: b3 67 f8 00  	or	a5, a6, a5
800049b4: b3 d7 87 0e  	czero.eqz	a5, a5, s0
800049b8: b7 09 f8 7f  	lui	s3, 0x7ff80
800049bc: 33 f4 89 0e  	czero.nez	s0, s3, s0
800049c0: b3 67 f4 00  	or	a5, s0, a5
800049c4: 13 0a 05 00  	mv	s4, a0
800049c8: 93 8a 03 00  	mv	s5, t2
800049cc: 93 0c 06 00  	mv	s9, a2
800049d0: 13 8d 0e 00  	mv	s10, t4
800049d4: 0b 30 09 00  	vx_join	s2
800049d8: 13 09 00 00  	li	s2, 0x0
800049dc: 0b b0 0f 00  	vx_join	t6
800049e0: 8b 2f 19 00  	vx_split_n	t6, s2
800049e4: 63 04 09 02  	beqz	s2, 0x80004a0c <__muldf3+0x584>
800049e8: 93 04 00 00  	li	s1, 0x0
800049ec: 13 0c 00 00  	li	s8, 0x0
800049f0: b7 07 08 00  	lui	a5, 0x80
800049f4: b3 e7 f6 00  	or	a5, a3, a5
800049f8: 13 0a 05 00  	mv	s4, a0
800049fc: 93 8a 03 00  	mv	s5, t2
80004a00: 93 0c 06 00  	mv	s9, a2
80004a04: 13 8d 0e 00  	mv	s10, t4
80004a08: 13 07 06 00  	mv	a4, a2
80004a0c: 0b b0 0f 00  	vx_join	t6
80004a10: 93 0f 00 00  	li	t6, 0x0
80004a14: 0b 30 0f 00  	vx_join	t5
80004a18: 8b a6 1f 00  	vx_split_n	a3, t6
80004a1c: 63 84 0f 02  	beqz	t6, 0x80004a44 <__muldf3+0x5bc>
80004a20: 13 0c 00 00  	li	s8, 0x0
80004a24: 93 04 00 00  	li	s1, 0x0
80004a28: b7 07 08 00  	lui	a5, 0x80
80004a2c: b3 e7 f5 00  	or	a5, a1, a5
80004a30: 13 07 05 00  	mv	a4, a0
80004a34: 93 0c 06 00  	mv	s9, a2
80004a38: 13 8d 0e 00  	mv	s10, t4
80004a3c: 13 0a 05 00  	mv	s4, a0
80004a40: 93 8a 03 00  	mv	s5, t2
80004a44: 0b b0 06 00  	vx_join	a3
80004a48: 13 05 0a 00  	mv	a0, s4
80004a4c: 93 83 0a 00  	mv	t2, s5
80004a50: 13 86 0c 00  	mv	a2, s9
80004a54: 93 0e 0d 00  	mv	t4, s10
80004a58: 13 0f f0 ff  	li	t5, -0x1
80004a5c: 0b 30 0e 00  	vx_join	t3
80004a60: 93 76 1c 00  	andi	a3, s8, 0x1
80004a64: 8b a5 16 00  	vx_split_n	a1, a3
80004a68: 63 82 06 2c  	beqz	a3, 0x80004d2c <__muldf3+0x8a4>
80004a6c: 93 56 56 01  	srli	a3, a2, 0x15
80004a70: 93 9e be 00  	slli	t4, t4, 0xb
80004a74: 13 1e b6 00  	slli	t3, a2, 0xb
80004a78: 33 06 ae 02  	mul	a2, t3, a0
80004a7c: b3 3f ae 02  	mulhu	t6, t3, a0
80004a80: 37 04 00 80  	lui	s0, 0x80000
80004a84: b3 e6 86 00  	or	a3, a3, s0
80004a88: b3 e6 de 00  	or	a3, t4, a3
80004a8c: b3 be a6 02  	mulhu	t4, a3, a0
80004a90: 33 85 a6 02  	mul	a0, a3, a0
80004a94: 37 04 10 00  	lui	s0, 0x100
80004a98: b3 e3 83 00  	or	t2, t2, s0
80004a9c: 33 34 7e 02  	mulhu	s0, t3, t2
80004aa0: 33 0e 7e 02  	mul	t3, t3, t2
80004aa4: 33 b9 76 02  	mulhu	s2, a3, t2
80004aa8: b3 86 76 02  	mul	a3, a3, t2
80004aac: b3 0f fe 01  	add	t6, t3, t6
80004ab0: b3 b3 cf 01  	sltu	t2, t6, t3
80004ab4: 33 85 af 00  	add	a0, t6, a0
80004ab8: 33 3e f5 01  	sltu	t3, a0, t6
80004abc: b3 83 c3 01  	add	t2, t2, t3
80004ac0: b3 06 d4 00  	add	a3, s0, a3
80004ac4: 33 be 86 00  	sltu	t3, a3, s0
80004ac8: 33 0e c9 01  	add	t3, s2, t3
80004acc: b3 8e d6 01  	add	t4, a3, t4
80004ad0: b3 b6 de 00  	sltu	a3, t4, a3
80004ad4: b3 06 de 00  	add	a3, t3, a3
80004ad8: b3 83 7e 00  	add	t2, t4, t2
80004adc: 33 be d3 01  	sltu	t3, t2, t4
80004ae0: b3 86 c6 01  	add	a3, a3, t3
80004ae4: b3 82 62 00  	add	t0, t0, t1
80004ae8: b3 82 92 00  	add	t0, t0, s1
80004aec: 93 82 12 c0  	addi	t0, t0, -0x3ff
80004af0: 13 03 1f 00  	addi	t1, t5, 0x1
80004af4: 13 3e 13 00  	seqz	t3, t1
80004af8: 33 8e c8 01  	add	t3, a7, t3
80004afc: 33 fe c6 01  	and	t3, a3, t3
80004b00: 33 f3 63 00  	and	t1, t2, t1
80004b04: 33 63 c3 01  	or	t1, t1, t3
80004b08: b3 3f 60 00  	snez	t6, t1
80004b0c: 0b a3 1f 00  	vx_split_n	t1, t6
80004b10: 93 0e 10 00  	li	t4, 0x1
80004b14: 63 86 0f 00  	beqz	t6, 0x80004b20 <__muldf3+0x698>
80004b18: 93 0e 00 00  	li	t4, 0x0
80004b1c: 13 8e 12 00  	addi	t3, t0, 0x1
80004b20: 0b 30 03 00  	vx_join	t1
80004b24: 0b a3 1e 00  	vx_split_n	t1, t4
80004b28: 63 88 0e 02  	beqz	t4, 0x80004b58 <__muldf3+0x6d0>
80004b2c: 13 de f3 01  	srli	t3, t2, 0x1f
80004b30: 93 96 16 00  	slli	a3, a3, 0x1
80004b34: b3 e6 c6 01  	or	a3, a3, t3
80004b38: 93 93 13 00  	slli	t2, t2, 0x1
80004b3c: 13 5e f5 01  	srli	t3, a0, 0x1f
80004b40: b3 e3 c3 01  	or	t2, t2, t3
80004b44: 13 5e f6 01  	srli	t3, a2, 0x1f
80004b48: 13 15 15 00  	slli	a0, a0, 0x1
80004b4c: 33 65 c5 01  	or	a0, a0, t3
80004b50: 13 16 16 00  	slli	a2, a2, 0x1
80004b54: 13 8e 02 00  	mv	t3, t0
80004b58: 0b 30 03 00  	vx_join	t1
80004b5c: 13 24 fe 7f  	slti	s0, t3, 0x7ff
80004b60: 8b 22 14 00  	vx_split_n	t0, s0
80004b64: 13 03 10 00  	li	t1, 0x1
80004b68: 63 00 04 1a  	beqz	s0, 0x80004d08 <__muldf3+0x880>
80004b6c: 13 03 00 00  	li	t1, 0x0
80004b70: b3 2f c0 01  	sgtz	t6, t3
80004b74: 8b ae 1f 00  	vx_split_n	t4, t6
80004b78: 13 09 10 00  	li	s2, 0x1
80004b7c: 63 8e 0f 00  	beqz	t6, 0x80004b98 <__muldf3+0x710>
80004b80: 13 09 00 00  	li	s2, 0x0
80004b84: 33 f4 e3 01  	and	s0, t2, t5
80004b88: b3 f8 16 01  	and	a7, a3, a7
80004b8c: 13 13 4e 01  	slli	t1, t3, 0x14
80004b90: b3 64 13 01  	or	s1, t1, a7
80004b94: 13 03 10 00  	li	t1, 0x1
80004b98: 0b b0 0e 00  	vx_join	t4
80004b9c: 8b 28 19 00  	vx_split_n	a7, s2
80004ba0: 63 08 09 10  	beqz	s2, 0x80004cb0 <__muldf3+0x828>
80004ba4: 93 04 10 00  	li	s1, 0x1
80004ba8: 33 8f c4 41  	sub	t5, s1, t3
80004bac: 13 33 0f 04  	sltiu	t1, t5, 0x40
80004bb0: 13 49 13 00  	xori	s2, t1, 0x1
80004bb4: 0b 24 19 00  	vx_split_n	s0, s2
80004bb8: 63 08 09 00  	beqz	s2, 0x80004bc8 <__muldf3+0x740>
80004bbc: 93 04 00 00  	li	s1, 0x0
80004bc0: 93 0e 00 00  	li	t4, 0x0
80004bc4: 93 0f 08 00  	mv	t6, a6
80004bc8: 0b 30 04 00  	vx_join	s0
80004bcc: 0b a4 14 00  	vx_split_n	s0, s1
80004bd0: 63 8a 04 0c  	beqz	s1, 0x80004ca4 <__muldf3+0x81c>
80004bd4: 93 0e fe 03  	addi	t4, t3, 0x3f
80004bd8: 93 5f 16 00  	srli	t6, a2, 0x1
80004bdc: b3 04 c0 41  	neg	s1, t3
80004be0: b3 df 9f 00  	srl	t6, t6, s1
80004be4: 33 19 d5 01  	sll	s2, a0, t4
80004be8: b3 6f f9 01  	or	t6, s2, t6
80004bec: 13 0e fe 01  	addi	t3, t3, 0x1f
80004bf0: 13 29 0e 00  	slti	s2, t3, 0x0
80004bf4: b3 df 2f 0f  	czero.eqz	t6, t6, s2
80004bf8: b3 19 c6 01  	sll	s3, a2, t3
80004bfc: b3 f9 29 0f  	czero.nez	s3, s3, s2
80004c00: 33 1a d6 01  	sll	s4, a2, t4
80004c04: 33 5a 2a 0f  	czero.eqz	s4, s4, s2
80004c08: b3 69 3a 01  	or	s3, s4, s3
80004c0c: b3 ef f9 01  	or	t6, s3, t6
80004c10: b3 3f f0 01  	snez	t6, t6
80004c14: 93 d9 13 00  	srli	s3, t2, 0x1
80004c18: b3 d4 99 00  	srl	s1, s3, s1
80004c1c: b3 99 d6 01  	sll	s3, a3, t4
80004c20: b3 e4 99 00  	or	s1, s3, s1
80004c24: b3 d4 24 0f  	czero.eqz	s1, s1, s2
80004c28: 33 9e c3 01  	sll	t3, t2, t3
80004c2c: 33 7e 2e 0f  	czero.nez	t3, t3, s2
80004c30: 33 ee c4 01  	or	t3, s1, t3
80004c34: b3 9e d3 01  	sll	t4, t2, t4
80004c38: b3 de 2e 0f  	czero.eqz	t4, t4, s2
80004c3c: 33 56 e6 01  	srl	a2, a2, t5
80004c40: 93 14 15 00  	slli	s1, a0, 0x1
80004c44: 13 49 ff ff  	not	s2, t5
80004c48: b3 94 24 01  	sll	s1, s1, s2
80004c4c: 33 66 96 00  	or	a2, a2, s1
80004c50: 93 04 0f fe  	addi	s1, t5, -0x20
80004c54: 93 a4 04 00  	slti	s1, s1, 0x0
80004c58: 33 56 96 0e  	czero.eqz	a2, a2, s1
80004c5c: 33 55 e5 01  	srl	a0, a0, t5
80004c60: b3 79 95 0e  	czero.nez	s3, a0, s1
80004c64: 33 55 95 0e  	czero.eqz	a0, a0, s1
80004c68: 33 65 ae 00  	or	a0, t3, a0
80004c6c: 33 ee 3e 01  	or	t3, t4, s3
80004c70: 33 66 ce 00  	or	a2, t3, a2
80004c74: 33 66 f6 01  	or	a2, a2, t6
80004c78: b3 d3 e3 01  	srl	t2, t2, t5
80004c7c: 13 9e 16 00  	slli	t3, a3, 0x1
80004c80: 33 1e 2e 01  	sll	t3, t3, s2
80004c84: b3 e3 c3 01  	or	t2, t2, t3
80004c88: b3 d3 93 0e  	czero.eqz	t2, t2, s1
80004c8c: b3 d6 e6 01  	srl	a3, a3, t5
80004c90: 33 fe 96 0e  	czero.nez	t3, a3, s1
80004c94: b3 e3 c3 01  	or	t2, t2, t3
80004c98: b3 d6 96 0e  	czero.eqz	a3, a3, s1
80004c9c: 93 0e 07 00  	mv	t4, a4
80004ca0: 93 8f 07 00  	mv	t6, a5
80004ca4: 0b 30 04 00  	vx_join	s0
80004ca8: 13 84 03 00  	mv	s0, t2
80004cac: 93 84 06 00  	mv	s1, a3
80004cb0: 0b b0 08 00  	vx_join	a7
80004cb4: 8b 26 13 00  	vx_split_n	a3, t1
80004cb8: 63 04 03 04  	beqz	t1, 0x80004d00 <__muldf3+0x878>
80004cbc: 33 e7 04 01  	or	a4, s1, a6
80004cc0: b7 07 00 80  	lui	a5, 0x80000
80004cc4: b3 48 f5 00  	xor	a7, a0, a5
80004cc8: 33 b5 a7 00  	sltu	a0, a5, a0
80004ccc: 33 55 15 0f  	czero.eqz	a0, a0, a7
80004cd0: b3 37 c0 00  	snez	a5, a2
80004cd4: b3 f7 17 0f  	czero.nez	a5, a5, a7
80004cd8: 33 e5 a7 00  	or	a0, a5, a0
80004cdc: 33 05 a4 00  	add	a0, s0, a0
80004ce0: b3 37 85 00  	sltu	a5, a0, s0
80004ce4: 33 07 f7 00  	add	a4, a4, a5
80004ce8: 33 66 16 01  	or	a2, a2, a7
80004cec: 13 36 16 00  	seqz	a2, a2
80004cf0: 33 76 a6 00  	and	a2, a2, a0
80004cf4: b3 0e a6 00  	add	t4, a2, a0
80004cf8: b3 bf ce 00  	sltu	t6, t4, a2
80004cfc: b3 0f f7 01  	add	t6, a4, t6
80004d00: 0b b0 06 00  	vx_join	a3
80004d04: 13 03 00 00  	li	t1, 0x0
80004d08: 0b b0 02 00  	vx_join	t0
80004d0c: 0b 25 13 00  	vx_split_n	a0, t1
80004d10: 63 08 03 00  	beqz	t1, 0x80004d20 <__muldf3+0x898>
80004d14: 93 0e 00 00  	li	t4, 0x0
80004d18: 37 06 f0 7f  	lui	a2, 0x7ff00
80004d1c: b3 6f c8 00  	or	t6, a6, a2
80004d20: 0b 30 05 00  	vx_join	a0
80004d24: 13 87 0e 00  	mv	a4, t4
80004d28: 93 87 0f 00  	mv	a5, t6
80004d2c: 0b b0 05 00  	vx_join	a1
80004d30: 13 05 07 00  	mv	a0, a4
80004d34: 93 85 07 00  	mv	a1, a5
80004d38: 83 20 c1 03  	lw	ra, 0x3c(sp)
80004d3c: 03 24 81 03  	lw	s0, 0x38(sp)
80004d40: 83 24 41 03  	lw	s1, 0x34(sp)
80004d44: 03 29 01 03  	lw	s2, 0x30(sp)
80004d48: 83 29 c1 02  	lw	s3, 0x2c(sp)
80004d4c: 03 2a 81 02  	lw	s4, 0x28(sp)
80004d50: 83 2a 41 02  	lw	s5, 0x24(sp)
80004d54: 03 2b 01 02  	lw	s6, 0x20(sp)
80004d58: 83 2b c1 01  	lw	s7, 0x1c(sp)
80004d5c: 03 2c 81 01  	lw	s8, 0x18(sp)
80004d60: 83 2c 41 01  	lw	s9, 0x14(sp)
80004d64: 03 2d 01 01  	lw	s10, 0x10(sp)
80004d68: 83 2d c1 00  	lw	s11, 0xc(sp)
80004d6c: 13 01 01 04  	addi	sp, sp, 0x40
80004d70: 67 80 00 00  	ret

80004d74 <__subdf3>:
80004d74: 37 07 00 80  	lui	a4, 0x80000
80004d78: b3 c6 e6 00  	xor	a3, a3, a4
80004d7c: 6f d0 df c3  	j	0x800029b8 <__adddf3>

80004d80 <__udivdi3>:
80004d80: 33 67 d6 00  	or	a4, a2, a3
80004d84: b3 37 e0 00  	snez	a5, a4
80004d88: 0b a7 17 00  	vx_split_n	a4, a5
80004d8c: 13 08 00 04  	li	a6, 0x40
80004d90: 63 86 07 0e  	beqz	a5, 0x80004e7c <__udivdi3+0xfc>
80004d94: 93 57 16 00  	srli	a5, a2, 0x1
80004d98: b3 67 f6 00  	or	a5, a2, a5
80004d9c: 13 d8 27 00  	srli	a6, a5, 0x2
80004da0: b3 e7 07 01  	or	a5, a5, a6
80004da4: 13 d8 47 00  	srli	a6, a5, 0x4
80004da8: b3 e7 07 01  	or	a5, a5, a6
80004dac: 13 d8 87 00  	srli	a6, a5, 0x8
80004db0: b3 e7 07 01  	or	a5, a5, a6
80004db4: 13 d8 07 01  	srli	a6, a5, 0x10
80004db8: b3 e7 07 01  	or	a5, a5, a6
80004dbc: 93 c7 f7 ff  	not	a5, a5
80004dc0: 13 d8 17 00  	srli	a6, a5, 0x1
80004dc4: b7 58 55 55  	lui	a7, 0x55555
80004dc8: 93 88 58 55  	addi	a7, a7, 0x555
80004dcc: 33 78 18 01  	and	a6, a6, a7
80004dd0: b3 87 07 41  	sub	a5, a5, a6
80004dd4: 37 38 33 33  	lui	a6, 0x33333
80004dd8: 13 08 38 33  	addi	a6, a6, 0x333
80004ddc: b3 f2 07 01  	and	t0, a5, a6
80004de0: 93 d7 27 00  	srli	a5, a5, 0x2
80004de4: b3 f7 07 01  	and	a5, a5, a6
80004de8: b3 87 f2 00  	add	a5, t0, a5
80004dec: 93 d2 47 00  	srli	t0, a5, 0x4
80004df0: b3 87 57 00  	add	a5, a5, t0
80004df4: b7 12 0f 0f  	lui	t0, 0xf0f1
80004df8: 93 82 f2 f0  	addi	t0, t0, -0xf1
80004dfc: b3 f7 57 00  	and	a5, a5, t0
80004e00: 37 03 01 01  	lui	t1, 0x1010
80004e04: 13 03 13 10  	addi	t1, t1, 0x101
80004e08: b3 87 67 02  	mul	a5, a5, t1
80004e0c: 93 d7 87 01  	srli	a5, a5, 0x18
80004e10: 93 87 07 02  	addi	a5, a5, 0x20
80004e14: b3 f7 d7 0e  	czero.nez	a5, a5, a3
80004e18: 93 d3 16 00  	srli	t2, a3, 0x1
80004e1c: b3 e3 76 00  	or	t2, a3, t2
80004e20: 13 de 23 00  	srli	t3, t2, 0x2
80004e24: b3 e3 c3 01  	or	t2, t2, t3
80004e28: 13 de 43 00  	srli	t3, t2, 0x4
80004e2c: b3 e3 c3 01  	or	t2, t2, t3
80004e30: 13 de 83 00  	srli	t3, t2, 0x8
80004e34: b3 e3 c3 01  	or	t2, t2, t3
80004e38: 13 de 03 01  	srli	t3, t2, 0x10
80004e3c: b3 e3 c3 01  	or	t2, t2, t3
80004e40: 93 c3 f3 ff  	not	t2, t2
80004e44: 13 de 13 00  	srli	t3, t2, 0x1
80004e48: b3 78 1e 01  	and	a7, t3, a7
80004e4c: b3 88 13 41  	sub	a7, t2, a7
80004e50: b3 f3 08 01  	and	t2, a7, a6
80004e54: 93 d8 28 00  	srli	a7, a7, 0x2
80004e58: 33 f8 08 01  	and	a6, a7, a6
80004e5c: 33 88 03 01  	add	a6, t2, a6
80004e60: 93 58 48 00  	srli	a7, a6, 0x4
80004e64: 33 08 18 01  	add	a6, a6, a7
80004e68: 33 78 58 00  	and	a6, a6, t0
80004e6c: 33 08 68 02  	mul	a6, a6, t1
80004e70: 13 58 88 01  	srli	a6, a6, 0x18
80004e74: 33 58 d8 0e  	czero.eqz	a6, a6, a3
80004e78: 33 68 f8 00  	or	a6, a6, a5
80004e7c: 0b 30 07 00  	vx_join	a4
80004e80: 33 67 b5 00  	or	a4, a0, a1
80004e84: b3 37 e0 00  	snez	a5, a4
80004e88: 0b a7 17 00  	vx_split_n	a4, a5
80004e8c: 13 03 00 04  	li	t1, 0x40
80004e90: 93 52 15 00  	srli	t0, a0, 0x1
80004e94: 63 84 07 0e  	beqz	a5, 0x80004f7c <__udivdi3+0x1fc>
80004e98: b3 67 55 00  	or	a5, a0, t0
80004e9c: 93 d8 27 00  	srli	a7, a5, 0x2
80004ea0: b3 e7 17 01  	or	a5, a5, a7
80004ea4: 93 d8 47 00  	srli	a7, a5, 0x4
80004ea8: b3 e7 17 01  	or	a5, a5, a7
80004eac: 93 d8 87 00  	srli	a7, a5, 0x8
80004eb0: b3 e7 17 01  	or	a5, a5, a7
80004eb4: 93 d8 07 01  	srli	a7, a5, 0x10
80004eb8: b3 e7 17 01  	or	a5, a5, a7
80004ebc: 93 c7 f7 ff  	not	a5, a5
80004ec0: 93 d8 17 00  	srli	a7, a5, 0x1
80004ec4: 37 53 55 55  	lui	t1, 0x55555
80004ec8: 13 03 53 55  	addi	t1, t1, 0x555
80004ecc: b3 f8 68 00  	and	a7, a7, t1
80004ed0: b3 87 17 41  	sub	a5, a5, a7
80004ed4: b7 38 33 33  	lui	a7, 0x33333
80004ed8: 93 88 38 33  	addi	a7, a7, 0x333
80004edc: b3 f3 17 01  	and	t2, a5, a7
80004ee0: 93 d7 27 00  	srli	a5, a5, 0x2
80004ee4: b3 f7 17 01  	and	a5, a5, a7
80004ee8: b3 87 f3 00  	add	a5, t2, a5
80004eec: 93 d3 47 00  	srli	t2, a5, 0x4
80004ef0: b3 87 77 00  	add	a5, a5, t2
80004ef4: b7 13 0f 0f  	lui	t2, 0xf0f1
80004ef8: 93 83 f3 f0  	addi	t2, t2, -0xf1
80004efc: b3 f7 77 00  	and	a5, a5, t2
80004f00: 37 0e 01 01  	lui	t3, 0x1010
80004f04: 13 0e 1e 10  	addi	t3, t3, 0x101
80004f08: b3 87 c7 03  	mul	a5, a5, t3
80004f0c: 93 d7 87 01  	srli	a5, a5, 0x18
80004f10: 93 87 07 02  	addi	a5, a5, 0x20
80004f14: b3 f7 b7 0e  	czero.nez	a5, a5, a1
80004f18: 93 de 15 00  	srli	t4, a1, 0x1
80004f1c: b3 ee d5 01  	or	t4, a1, t4
80004f20: 13 df 2e 00  	srli	t5, t4, 0x2
80004f24: b3 ee ee 01  	or	t4, t4, t5
80004f28: 13 df 4e 00  	srli	t5, t4, 0x4
80004f2c: b3 ee ee 01  	or	t4, t4, t5
80004f30: 13 df 8e 00  	srli	t5, t4, 0x8
80004f34: b3 ee ee 01  	or	t4, t4, t5
80004f38: 13 df 0e 01  	srli	t5, t4, 0x10
80004f3c: b3 ee ee 01  	or	t4, t4, t5
80004f40: 93 ce fe ff  	not	t4, t4
80004f44: 13 df 1e 00  	srli	t5, t4, 0x1
80004f48: 33 73 6f 00  	and	t1, t5, t1
80004f4c: 33 83 6e 40  	sub	t1, t4, t1
80004f50: b3 7e 13 01  	and	t4, t1, a7
80004f54: 13 53 23 00  	srli	t1, t1, 0x2
80004f58: b3 78 13 01  	and	a7, t1, a7
80004f5c: b3 88 1e 01  	add	a7, t4, a7
80004f60: 13 d3 48 00  	srli	t1, a7, 0x4
80004f64: b3 88 68 00  	add	a7, a7, t1
80004f68: b3 f8 78 00  	and	a7, a7, t2
80004f6c: b3 88 c8 03  	mul	a7, a7, t3
80004f70: 93 d8 88 01  	srli	a7, a7, 0x18
80004f74: b3 d8 b8 0e  	czero.eqz	a7, a7, a1
80004f78: 33 e3 f8 00  	or	t1, a7, a5
80004f7c: 0b 30 07 00  	vx_join	a4
80004f80: 13 07 00 00  	li	a4, 0x0
80004f84: 93 07 00 00  	li	a5, 0x0
80004f88: b3 03 68 40  	sub	t2, a6, t1
80004f8c: 13 be 03 04  	sltiu	t3, t2, 0x40
80004f90: 8b 28 1e 00  	vx_split_n	a7, t3
80004f94: 63 00 0e 14  	beqz	t3, 0x800050d4 <__udivdi3+0x354>
80004f98: 13 87 13 fc  	addi	a4, t2, -0x3f
80004f9c: b3 37 e0 00  	snez	a5, a4
80004fa0: 0b a7 17 00  	vx_split_n	a4, a5
80004fa4: 63 82 07 12  	beqz	a5, 0x800050c8 <__udivdi3+0x348>
80004fa8: 13 01 01 ff  	addi	sp, sp, -0x10
80004fac: 23 26 81 00  	sw	s0, 0xc(sp)
80004fb0: 93 07 00 00  	li	a5, 0x0
80004fb4: 13 0e 00 00  	li	t3, 0x0
80004fb8: 13 8f 13 00  	addi	t5, t2, 0x1
80004fbc: b3 5e e5 01  	srl	t4, a0, t5
80004fc0: 93 0f e0 01  	li	t6, 0x1e
80004fc4: b3 8f 7f 40  	sub	t6, t6, t2
80004fc8: 13 94 15 00  	slli	s0, a1, 0x1
80004fcc: b3 1f f4 01  	sll	t6, s0, t6
80004fd0: b3 ee fe 01  	or	t4, t4, t6
80004fd4: 93 8f 13 fe  	addi	t6, t2, -0x1f
80004fd8: 13 a4 0f 00  	slti	s0, t6, 0x0
80004fdc: b3 de 8e 0e  	czero.eqz	t4, t4, s0
80004fe0: b3 df f5 01  	srl	t6, a1, t6
80004fe4: b3 ff 8f 0e  	czero.nez	t6, t6, s0
80004fe8: b3 ee fe 01  	or	t4, t4, t6
80004fec: 33 df e5 01  	srl	t5, a1, t5
80004ff0: 33 5f 8f 0e  	czero.eqz	t5, t5, s0
80004ff4: 93 c3 f3 03  	xori	t2, t2, 0x3f
80004ff8: 93 cf f3 ff  	not	t6, t2
80004ffc: b3 d2 f2 01  	srl	t0, t0, t6
80005000: b3 95 75 00  	sll	a1, a1, t2
80005004: b3 e5 55 00  	or	a1, a1, t0
80005008: 93 82 03 fe  	addi	t0, t2, -0x20
8000500c: 93 a2 02 00  	slti	t0, t0, 0x0
80005010: b3 d5 55 0e  	czero.eqz	a1, a1, t0
80005014: 33 15 75 00  	sll	a0, a0, t2
80005018: b3 73 55 0e  	czero.nez	t2, a0, t0
8000501c: b3 e5 75 00  	or	a1, a1, t2
80005020: 33 55 55 0e  	czero.eqz	a0, a0, t0
80005024: 13 48 f8 ff  	not	a6, a6
80005028: 33 03 68 00  	add	t1, a6, t1
8000502c: 73 28 40 cc  	csrr	a6, tmask
80005030: 03 24 c1 00  	lw	s0, 0xc(sp)
80005034: 13 01 01 01  	addi	sp, sp, 0x10
80005038: 93 92 1e 00  	slli	t0, t4, 0x1
8000503c: 93 d3 f5 01  	srli	t2, a1, 0x1f
80005040: b3 e2 72 00  	or	t0, t0, t2
80005044: 93 d3 fe 01  	srli	t2, t4, 0x1f
80005048: 13 1f 1f 00  	slli	t5, t5, 0x1
8000504c: b3 63 7f 00  	or	t2, t5, t2
80005050: 93 5e f5 01  	srli	t4, a0, 0x1f
80005054: 93 95 15 00  	slli	a1, a1, 0x1
80005058: b3 e5 d5 01  	or	a1, a1, t4
8000505c: 13 15 15 00  	slli	a0, a0, 0x1
80005060: 33 65 f5 00  	or	a0, a0, a5
80005064: b3 e5 c5 01  	or	a1, a1, t3
80005068: 93 c7 f3 ff  	not	a5, t2
8000506c: 13 ce f2 ff  	not	t3, t0
80005070: b3 0e ce 00  	add	t4, t3, a2
80005074: 33 be ce 01  	sltu	t3, t4, t3
80005078: b3 87 d7 00  	add	a5, a5, a3
8000507c: 33 8e c7 01  	add	t3, a5, t3
80005080: 93 57 fe 01  	srli	a5, t3, 0x1f
80005084: 13 5e fe 41  	srai	t3, t3, 0x1f
80005088: b3 7e de 00  	and	t4, t3, a3
8000508c: 33 7e ce 00  	and	t3, t3, a2
80005090: 33 bf c2 01  	sltu	t5, t0, t3
80005094: b3 83 d3 41  	sub	t2, t2, t4
80005098: 33 8f e3 41  	sub	t5, t2, t5
8000509c: b3 8e c2 41  	sub	t4, t0, t3
800050a0: 13 03 13 00  	addi	t1, t1, 0x1
800050a4: 93 32 13 00  	seqz	t0, t1
800050a8: 8b d0 02 01  	vx_pred_n	t0, a6
800050ac: 13 0e 00 00  	li	t3, 0x0
800050b0: e3 84 02 f8  	beqz	t0, 0x80005038 <__udivdi3+0x2b8>
800050b4: 13 56 f5 01  	srli	a2, a0, 0x1f
800050b8: 93 95 15 00  	slli	a1, a1, 0x1
800050bc: b3 e5 c5 00  	or	a1, a1, a2
800050c0: 13 15 15 00  	slli	a0, a0, 0x1
800050c4: 33 e5 a7 00  	or	a0, a5, a0
800050c8: 0b 30 07 00  	vx_join	a4
800050cc: 13 07 05 00  	mv	a4, a0
800050d0: 93 87 05 00  	mv	a5, a1
800050d4: 0b b0 08 00  	vx_join	a7
800050d8: 13 05 07 00  	mv	a0, a4
800050dc: 93 85 07 00  	mv	a1, a5
800050e0: 67 80 00 00  	ret

800050e4 <__umoddi3>:
800050e4: 33 67 d6 00  	or	a4, a2, a3
800050e8: 33 38 e0 00  	snez	a6, a4
800050ec: 8b 27 18 00  	vx_split_n	a5, a6
800050f0: 13 07 00 04  	li	a4, 0x40
800050f4: 63 06 08 0e  	beqz	a6, 0x800051e0 <__umoddi3+0xfc>
800050f8: 13 57 16 00  	srli	a4, a2, 0x1
800050fc: 33 67 e6 00  	or	a4, a2, a4
80005100: 13 58 27 00  	srli	a6, a4, 0x2
80005104: 33 67 07 01  	or	a4, a4, a6
80005108: 13 58 47 00  	srli	a6, a4, 0x4
8000510c: 33 67 07 01  	or	a4, a4, a6
80005110: 13 58 87 00  	srli	a6, a4, 0x8
80005114: 33 67 07 01  	or	a4, a4, a6
80005118: 13 58 07 01  	srli	a6, a4, 0x10
8000511c: 33 67 07 01  	or	a4, a4, a6
80005120: 13 47 f7 ff  	not	a4, a4
80005124: 13 58 17 00  	srli	a6, a4, 0x1
80005128: b7 58 55 55  	lui	a7, 0x55555
8000512c: 93 88 58 55  	addi	a7, a7, 0x555
80005130: 33 78 18 01  	and	a6, a6, a7
80005134: 33 07 07 41  	sub	a4, a4, a6
80005138: 37 38 33 33  	lui	a6, 0x33333
8000513c: 13 08 38 33  	addi	a6, a6, 0x333
80005140: b3 72 07 01  	and	t0, a4, a6
80005144: 13 57 27 00  	srli	a4, a4, 0x2
80005148: 33 77 07 01  	and	a4, a4, a6
8000514c: 33 87 e2 00  	add	a4, t0, a4
80005150: 93 52 47 00  	srli	t0, a4, 0x4
80005154: 33 07 57 00  	add	a4, a4, t0
80005158: b7 12 0f 0f  	lui	t0, 0xf0f1
8000515c: 93 82 f2 f0  	addi	t0, t0, -0xf1
80005160: 33 77 57 00  	and	a4, a4, t0
80005164: 37 03 01 01  	lui	t1, 0x1010
80005168: 13 03 13 10  	addi	t1, t1, 0x101
8000516c: 33 07 67 02  	mul	a4, a4, t1
80005170: 13 57 87 01  	srli	a4, a4, 0x18
80005174: 13 07 07 02  	addi	a4, a4, 0x20
80005178: 33 77 d7 0e  	czero.nez	a4, a4, a3
8000517c: 93 d3 16 00  	srli	t2, a3, 0x1
80005180: b3 e3 76 00  	or	t2, a3, t2
80005184: 13 de 23 00  	srli	t3, t2, 0x2
80005188: b3 e3 c3 01  	or	t2, t2, t3
8000518c: 13 de 43 00  	srli	t3, t2, 0x4
80005190: b3 e3 c3 01  	or	t2, t2, t3
80005194: 13 de 83 00  	srli	t3, t2, 0x8
80005198: b3 e3 c3 01  	or	t2, t2, t3
8000519c: 13 de 03 01  	srli	t3, t2, 0x10
800051a0: b3 e3 c3 01  	or	t2, t2, t3
800051a4: 93 c3 f3 ff  	not	t2, t2
800051a8: 13 de 13 00  	srli	t3, t2, 0x1
800051ac: b3 78 1e 01  	and	a7, t3, a7
800051b0: b3 88 13 41  	sub	a7, t2, a7
800051b4: b3 f3 08 01  	and	t2, a7, a6
800051b8: 93 d8 28 00  	srli	a7, a7, 0x2
800051bc: 33 f8 08 01  	and	a6, a7, a6
800051c0: 33 88 03 01  	add	a6, t2, a6
800051c4: 93 58 48 00  	srli	a7, a6, 0x4
800051c8: 33 08 18 01  	add	a6, a6, a7
800051cc: 33 78 58 00  	and	a6, a6, t0
800051d0: 33 08 68 02  	mul	a6, a6, t1
800051d4: 13 58 88 01  	srli	a6, a6, 0x18
800051d8: 33 58 d8 0e  	czero.eqz	a6, a6, a3
800051dc: 33 67 e8 00  	or	a4, a6, a4
800051e0: 0b b0 07 00  	vx_join	a5
800051e4: b3 67 b5 00  	or	a5, a0, a1
800051e8: b3 38 f0 00  	snez	a7, a5
800051ec: 8b a7 18 00  	vx_split_n	a5, a7
800051f0: 93 02 00 04  	li	t0, 0x40
800051f4: 13 58 15 00  	srli	a6, a0, 0x1
800051f8: 63 84 08 0e  	beqz	a7, 0x800052e0 <__umoddi3+0x1fc>
800051fc: b3 68 05 01  	or	a7, a0, a6
80005200: 93 d2 28 00  	srli	t0, a7, 0x2
80005204: b3 e8 58 00  	or	a7, a7, t0
80005208: 93 d2 48 00  	srli	t0, a7, 0x4
8000520c: b3 e8 58 00  	or	a7, a7, t0
80005210: 93 d2 88 00  	srli	t0, a7, 0x8
80005214: b3 e8 58 00  	or	a7, a7, t0
80005218: 93 d2 08 01  	srli	t0, a7, 0x10
8000521c: b3 e8 58 00  	or	a7, a7, t0
80005220: 93 c8 f8 ff  	not	a7, a7
80005224: 93 d2 18 00  	srli	t0, a7, 0x1
80005228: 37 53 55 55  	lui	t1, 0x55555
8000522c: 13 03 53 55  	addi	t1, t1, 0x555
80005230: b3 f2 62 00  	and	t0, t0, t1
80005234: b3 88 58 40  	sub	a7, a7, t0
80005238: b7 32 33 33  	lui	t0, 0x33333
8000523c: 93 82 32 33  	addi	t0, t0, 0x333
80005240: b3 f3 58 00  	and	t2, a7, t0
80005244: 93 d8 28 00  	srli	a7, a7, 0x2
80005248: b3 f8 58 00  	and	a7, a7, t0
8000524c: b3 88 13 01  	add	a7, t2, a7
80005250: 93 d3 48 00  	srli	t2, a7, 0x4
80005254: b3 88 78 00  	add	a7, a7, t2
80005258: b7 13 0f 0f  	lui	t2, 0xf0f1
8000525c: 93 83 f3 f0  	addi	t2, t2, -0xf1
80005260: b3 f8 78 00  	and	a7, a7, t2
80005264: 37 0e 01 01  	lui	t3, 0x1010
80005268: 13 0e 1e 10  	addi	t3, t3, 0x101
8000526c: b3 88 c8 03  	mul	a7, a7, t3
80005270: 93 d8 88 01  	srli	a7, a7, 0x18
80005274: 93 88 08 02  	addi	a7, a7, 0x20
80005278: b3 f8 b8 0e  	czero.nez	a7, a7, a1
8000527c: 93 de 15 00  	srli	t4, a1, 0x1
80005280: b3 ee d5 01  	or	t4, a1, t4
80005284: 13 df 2e 00  	srli	t5, t4, 0x2
80005288: b3 ee ee 01  	or	t4, t4, t5
8000528c: 13 df 4e 00  	srli	t5, t4, 0x4
80005290: b3 ee ee 01  	or	t4, t4, t5
80005294: 13 df 8e 00  	srli	t5, t4, 0x8
80005298: b3 ee ee 01  	or	t4, t4, t5
8000529c: 13 df 0e 01  	srli	t5, t4, 0x10
800052a0: b3 ee ee 01  	or	t4, t4, t5
800052a4: 93 ce fe ff  	not	t4, t4
800052a8: 13 df 1e 00  	srli	t5, t4, 0x1
800052ac: 33 73 6f 00  	and	t1, t5, t1
800052b0: 33 83 6e 40  	sub	t1, t4, t1
800052b4: b3 7e 53 00  	and	t4, t1, t0
800052b8: 13 53 23 00  	srli	t1, t1, 0x2
800052bc: b3 72 53 00  	and	t0, t1, t0
800052c0: b3 82 5e 00  	add	t0, t4, t0
800052c4: 13 d3 42 00  	srli	t1, t0, 0x4
800052c8: b3 82 62 00  	add	t0, t0, t1
800052cc: b3 f2 72 00  	and	t0, t0, t2
800052d0: b3 82 c2 03  	mul	t0, t0, t3
800052d4: 93 d2 82 01  	srli	t0, t0, 0x18
800052d8: b3 d2 b2 0e  	czero.eqz	t0, t0, a1
800052dc: b3 e2 12 01  	or	t0, t0, a7
800052e0: 0b b0 07 00  	vx_join	a5
800052e4: b3 03 57 40  	sub	t2, a4, t0
800052e8: 93 b8 03 04  	sltiu	a7, t2, 0x40
800052ec: 8b a7 18 00  	vx_split_n	a5, a7
800052f0: 63 8a 08 12  	beqz	a7, 0x80005424 <__umoddi3+0x340>
800052f4: 93 0e 00 00  	li	t4, 0x0
800052f8: 13 0f 00 00  	li	t5, 0x0
800052fc: 93 88 13 fc  	addi	a7, t2, -0x3f
80005300: 33 33 10 01  	snez	t1, a7
80005304: 8b 28 13 00  	vx_split_n	a7, t1
80005308: 63 08 03 10  	beqz	t1, 0x80005418 <__umoddi3+0x334>
8000530c: 13 01 01 ff  	addi	sp, sp, -0x10
80005310: 23 26 81 00  	sw	s0, 0xc(sp)
80005314: 13 03 00 00  	li	t1, 0x0
80005318: 13 0e 00 00  	li	t3, 0x0
8000531c: 13 8f 13 00  	addi	t5, t2, 0x1
80005320: b3 5e e5 01  	srl	t4, a0, t5
80005324: 93 0f e0 01  	li	t6, 0x1e
80005328: b3 8f 7f 40  	sub	t6, t6, t2
8000532c: 13 94 15 00  	slli	s0, a1, 0x1
80005330: b3 1f f4 01  	sll	t6, s0, t6
80005334: b3 ee fe 01  	or	t4, t4, t6
80005338: 93 8f 13 fe  	addi	t6, t2, -0x1f
8000533c: 13 a4 0f 00  	slti	s0, t6, 0x0
80005340: b3 de 8e 0e  	czero.eqz	t4, t4, s0
80005344: b3 df f5 01  	srl	t6, a1, t6
80005348: b3 ff 8f 0e  	czero.nez	t6, t6, s0
8000534c: b3 ee fe 01  	or	t4, t4, t6
80005350: 33 df e5 01  	srl	t5, a1, t5
80005354: 33 5f 8f 0e  	czero.eqz	t5, t5, s0
80005358: 93 c3 f3 03  	xori	t2, t2, 0x3f
8000535c: 93 cf f3 ff  	not	t6, t2
80005360: 33 58 f8 01  	srl	a6, a6, t6
80005364: b3 95 75 00  	sll	a1, a1, t2
80005368: b3 e5 05 01  	or	a1, a1, a6
8000536c: 13 88 03 fe  	addi	a6, t2, -0x20
80005370: 93 2f 08 00  	slti	t6, a6, 0x0
80005374: b3 d5 f5 0f  	czero.eqz	a1, a1, t6
80005378: 33 15 75 00  	sll	a0, a0, t2
8000537c: 33 78 f5 0f  	czero.nez	a6, a0, t6
80005380: 33 e8 05 01  	or	a6, a1, a6
80005384: 33 55 f5 0f  	czero.eqz	a0, a0, t6
80005388: 93 45 f7 ff  	not	a1, a4
8000538c: b3 82 55 00  	add	t0, a1, t0
80005390: f3 25 40 cc  	csrr	a1, tmask
80005394: 03 24 c1 00  	lw	s0, 0xc(sp)
80005398: 13 01 01 01  	addi	sp, sp, 0x10
8000539c: 13 97 1e 00  	slli	a4, t4, 0x1
800053a0: 93 53 f8 01  	srli	t2, a6, 0x1f
800053a4: 33 67 77 00  	or	a4, a4, t2
800053a8: 93 d3 fe 01  	srli	t2, t4, 0x1f
800053ac: 13 1f 1f 00  	slli	t5, t5, 0x1
800053b0: b3 63 7f 00  	or	t2, t5, t2
800053b4: 93 5e f5 01  	srli	t4, a0, 0x1f
800053b8: 13 18 18 00  	slli	a6, a6, 0x1
800053bc: 33 68 d8 01  	or	a6, a6, t4
800053c0: 13 15 15 00  	slli	a0, a0, 0x1
800053c4: 33 65 65 00  	or	a0, a0, t1
800053c8: 33 68 c8 01  	or	a6, a6, t3
800053cc: 13 c3 f3 ff  	not	t1, t2
800053d0: 13 4e f7 ff  	not	t3, a4
800053d4: b3 0e ce 00  	add	t4, t3, a2
800053d8: 33 be ce 01  	sltu	t3, t4, t3
800053dc: 33 03 d3 00  	add	t1, t1, a3
800053e0: 33 0e c3 01  	add	t3, t1, t3
800053e4: 13 53 fe 01  	srli	t1, t3, 0x1f
800053e8: 13 5e fe 41  	srai	t3, t3, 0x1f
800053ec: b3 7e de 00  	and	t4, t3, a3
800053f0: 33 7e ce 00  	and	t3, t3, a2
800053f4: 33 3f c7 01  	sltu	t5, a4, t3
800053f8: b3 83 d3 41  	sub	t2, t2, t4
800053fc: 33 8f e3 41  	sub	t5, t2, t5
80005400: b3 0e c7 41  	sub	t4, a4, t3
80005404: 93 82 12 00  	addi	t0, t0, 0x1
80005408: 13 b7 12 00  	seqz	a4, t0
8000540c: 8b 50 b7 00  	vx_pred_n	a4, a1
80005410: 13 0e 00 00  	li	t3, 0x0
80005414: e3 04 07 f8  	beqz	a4, 0x8000539c <__umoddi3+0x2b8>
80005418: 0b b0 08 00  	vx_join	a7
8000541c: 13 85 0e 00  	mv	a0, t4
80005420: 93 05 0f 00  	mv	a1, t5
80005424: 0b b0 07 00  	vx_join	a5
80005428: 67 80 00 00  	ret

8000542c <_Exit>:
8000542c: ef 00 40 7c  	jal	0x80005bf0 <vx_perf_dump>
80005430: 93 02 80 08  	li	t0, 0x88
80005434: 23 a0 a2 00  	sw	a0, 0x0(t0)
80005438: 0f 00 f0 0f  	fence
8000543c: 0b 00 00 00  	vx_tmc	zero

80005440 <init_regs>:
80005440: 97 21 00 00  	auipc	gp, 0x2
80005444: 93 81 01 3c  	addi	gp, gp, 0x3c0
80005448: 37 01 ff ff  	lui	sp, 0xffff0
8000544c: f3 22 40 f1  	csrr	t0, mhartid
80005450: 13 93 d2 00  	slli	t1, t0, 0xd
80005454: 33 01 61 40  	sub	sp, sp, t1
80005458: 17 b3 ff 7f  	auipc	t1, 0x7fffb
8000545c: 13 03 43 bc  	addi	t1, t1, -0x43c
80005460: b3 82 62 02  	mul	t0, t0, t1
80005464: 17 22 00 00  	auipc	tp, 0x2
80005468: 13 02 82 c7  	addi	tp, tp, -0x388
8000546c: 33 02 52 00  	add	tp, tp, t0
80005470: 67 80 00 00  	ret

80005474 <init_regs_all>:
80005474: 93 02 f0 ff  	li	t0, -0x1
80005478: 0b 80 02 00  	vx_tmc	t0
8000547c: ef f0 5f fc  	jal	0x80005440 <init_regs>
80005480: 0b 00 00 00  	vx_tmc	zero
80005484: 67 80 00 00  	ret

80005488 <init_tls_all>:
80005488: 93 02 f0 ff  	li	t0, -0x1
8000548c: 0b 80 02 00  	vx_tmc	t0
80005490: ef 00 c0 00  	jal	0x8000549c <__init_tls>
80005494: 0b 00 00 00  	vx_tmc	zero
80005498: 67 80 00 00  	ret

8000549c <__init_tls>:
8000549c: 13 01 01 ff  	addi	sp, sp, -0x10
800054a0: 17 b6 ff 7f  	auipc	a2, 0x7fffb
800054a4: 13 06 06 b6  	addi	a2, a2, -0x4a0
800054a8: 97 25 00 00  	auipc	a1, 0x2
800054ac: 93 85 85 b5  	addi	a1, a1, -0x4a8
800054b0: 13 05 02 00  	mv	a0, tp
800054b4: 23 24 81 00  	sw	s0, 0x8(sp)
800054b8: 23 26 11 00  	sw	ra, 0xc(sp)
800054bc: 13 04 02 00  	mv	s0, tp
800054c0: ef 00 00 03  	jal	0x800054f0 <memcpy>
800054c4: 17 b5 ff 7f  	auipc	a0, 0x7fffb
800054c8: 13 05 c5 b3  	addi	a0, a0, -0x4c4
800054cc: 33 05 a4 00  	add	a0, s0, a0
800054d0: 03 24 81 00  	lw	s0, 0x8(sp)
800054d4: 83 20 c1 00  	lw	ra, 0xc(sp)
800054d8: 17 b6 ff 7f  	auipc	a2, 0x7fffb
800054dc: 13 06 46 b4  	addi	a2, a2, -0x4bc
800054e0: 93 05 00 00  	li	a1, 0x0
800054e4: 13 01 01 01  	addi	sp, sp, 0x10
800054e8: 6f 00 40 54  	j	0x80005a2c <memset>

800054ec <__funcs_on_exit>:
800054ec: 67 80 00 00  	ret

800054f0 <memcpy>:
800054f0: 13 01 01 ff  	addi	sp, sp, -0x10
800054f4: 23 26 81 00  	sw	s0, 0xc(sp)
800054f8: 23 24 91 00  	sw	s1, 0x8(sp)
800054fc: 23 22 21 01  	sw	s2, 0x4(sp)
80005500: 23 20 31 01  	sw	s3, 0x0(sp)
80005504: 93 f6 35 00  	andi	a3, a1, 0x3
80005508: b3 36 d0 00  	snez	a3, a3
8000550c: 33 37 c0 00  	snez	a4, a2
80005510: b3 f7 e6 00  	and	a5, a3, a4
80005514: 0b a7 17 00  	vx_split_n	a4, a5
80005518: 93 06 05 00  	mv	a3, a0
8000551c: 63 86 07 04  	beqz	a5, 0x80005568 <memcpy+0x78>
80005520: 93 87 15 00  	addi	a5, a1, 0x1
80005524: 73 28 40 cc  	csrr	a6, tmask
80005528: 93 88 05 00  	mv	a7, a1
8000552c: 93 02 05 00  	mv	t0, a0
80005530: 03 c3 08 00  	lbu	t1, 0x0(a7)
80005534: 93 85 18 00  	addi	a1, a7, 0x1
80005538: 93 86 12 00  	addi	a3, t0, 0x1
8000553c: 23 80 62 00  	sb	t1, 0x0(t0)
80005540: 13 06 f6 ff  	addi	a2, a2, -0x1
80005544: 93 f8 37 00  	andi	a7, a5, 0x3
80005548: 93 b8 18 00  	seqz	a7, a7
8000554c: 93 32 16 00  	seqz	t0, a2
80005550: 33 e3 58 00  	or	t1, a7, t0
80005554: 93 87 17 00  	addi	a5, a5, 0x1
80005558: 8b 50 03 01  	vx_pred_n	t1, a6
8000555c: 93 88 05 00  	mv	a7, a1
80005560: 93 82 06 00  	mv	t0, a3
80005564: e3 06 03 fc  	beqz	t1, 0x80005530 <memcpy+0x40>
80005568: 0b 30 07 00  	vx_join	a4
8000556c: 13 08 00 00  	li	a6, 0x0
80005570: 93 fe 36 00  	andi	t4, a3, 0x3
80005574: 33 33 d0 01  	snez	t1, t4
80005578: 0b 27 13 00  	vx_split_n	a4, t1
8000557c: 93 08 10 00  	li	a7, 0x1
80005580: 63 06 03 38  	beqz	t1, 0x8000590c <memcpy+0x41c>
80005584: 93 37 06 02  	sltiu	a5, a2, 0x20
80005588: 13 c3 17 00  	xori	t1, a5, 0x1
8000558c: 8b 28 13 00  	vx_split_n	a7, t1
80005590: 93 82 05 00  	mv	t0, a1
80005594: 93 87 06 00  	mv	a5, a3
80005598: 13 08 06 00  	mv	a6, a2
8000559c: 63 0a 03 1e  	beqz	t1, 0x80005790 <memcpy+0x2a0>
800055a0: 03 a3 05 00  	lw	t1, 0x0(a1)
800055a4: 93 a7 3e 00  	slti	a5, t4, 0x3
800055a8: 13 ce 17 00  	xori	t3, a5, 0x1
800055ac: 8b 23 1e 00  	vx_split_n	t2, t3
800055b0: 13 0f 10 00  	li	t5, 0x1
800055b4: 63 06 0e 08  	beqz	t3, 0x80005640 <memcpy+0x150>
800055b8: 93 87 16 00  	addi	a5, a3, 0x1
800055bc: 23 80 66 00  	sb	t1, 0x0(a3)
800055c0: 13 08 f6 ff  	addi	a6, a2, -0x1
800055c4: 93 82 05 01  	addi	t0, a1, 0x10
800055c8: 73 2e 40 cc  	csrr	t3, tmask
800055cc: 13 0f 03 00  	mv	t5, t1
800055d0: 83 af 42 ff  	lw	t6, -0xc(t0)
800055d4: 13 5f 8f 00  	srli	t5, t5, 0x8
800055d8: 13 94 8f 01  	slli	s0, t6, 0x18
800055dc: 83 a4 82 ff  	lw	s1, -0x8(t0)
800055e0: 33 6f e4 01  	or	t5, s0, t5
800055e4: 23 a0 e7 01  	sw	t5, 0x0(a5)
800055e8: 13 df 8f 00  	srli	t5, t6, 0x8
800055ec: 93 9f 84 01  	slli	t6, s1, 0x18
800055f0: 03 a4 c2 ff  	lw	s0, -0x4(t0)
800055f4: 33 ef ef 01  	or	t5, t6, t5
800055f8: 23 a2 e7 01  	sw	t5, 0x4(a5)
800055fc: 93 d4 84 00  	srli	s1, s1, 0x8
80005600: 93 1f 84 01  	slli	t6, s0, 0x18
80005604: 03 af 02 00  	lw	t5, 0x0(t0)
80005608: b3 ef 9f 00  	or	t6, t6, s1
8000560c: 23 a4 f7 01  	sw	t6, 0x8(a5)
80005610: 13 54 84 00  	srli	s0, s0, 0x8
80005614: 93 1f 8f 01  	slli	t6, t5, 0x18
80005618: b3 ef 8f 00  	or	t6, t6, s0
8000561c: 23 a6 f7 01  	sw	t6, 0xc(a5)
80005620: 93 87 07 01  	addi	a5, a5, 0x10
80005624: 13 08 08 ff  	addi	a6, a6, -0x10
80005628: 93 82 02 01  	addi	t0, t0, 0x10
8000562c: 93 3f 38 01  	sltiu	t6, a6, 0x13
80005630: 8b d0 cf 01  	vx_pred_n	t6, t3
80005634: e3 8e 0f f8  	beqz	t6, 0x800055d0 <memcpy+0xe0>
80005638: 13 0f 00 00  	li	t5, 0x0
8000563c: 93 82 12 ff  	addi	t0, t0, -0xf
80005640: 13 8e 05 01  	addi	t3, a1, 0x10
80005644: 0b b0 03 00  	vx_join	t2
80005648: 8b 23 1f 00  	vx_split_n	t2, t5
8000564c: 63 00 0f 14  	beqz	t5, 0x8000578c <memcpy+0x29c>
80005650: 93 8e ee ff  	addi	t4, t4, -0x2
80005654: 33 34 d0 01  	snez	s0, t4
80005658: 0b 2f 14 00  	vx_split_n	t5, s0
8000565c: 93 0f 10 00  	li	t6, 0x1
80005660: 93 5e 83 00  	srli	t4, t1, 0x8
80005664: 63 0c 04 08  	beqz	s0, 0x800056fc <memcpy+0x20c>
80005668: 23 80 66 00  	sb	t1, 0x0(a3)
8000566c: a3 80 d6 01  	sb	t4, 0x1(a3)
80005670: 13 58 03 01  	srli	a6, t1, 0x10
80005674: 93 87 36 00  	addi	a5, a3, 0x3
80005678: 23 81 06 01  	sb	a6, 0x2(a3)
8000567c: 13 08 d6 ff  	addi	a6, a2, -0x3
80005680: 93 82 05 01  	addi	t0, a1, 0x10
80005684: f3 2f 40 cc  	csrr	t6, tmask
80005688: 13 04 03 00  	mv	s0, t1
8000568c: 83 a4 42 ff  	lw	s1, -0xc(t0)
80005690: 13 54 84 01  	srli	s0, s0, 0x18
80005694: 13 99 84 00  	slli	s2, s1, 0x8
80005698: 83 a9 82 ff  	lw	s3, -0x8(t0)
8000569c: 33 64 89 00  	or	s0, s2, s0
800056a0: 23 a0 87 00  	sw	s0, 0x0(a5)
800056a4: 93 d4 84 01  	srli	s1, s1, 0x18
800056a8: 13 94 89 00  	slli	s0, s3, 0x8
800056ac: 03 a9 c2 ff  	lw	s2, -0x4(t0)
800056b0: 33 64 94 00  	or	s0, s0, s1
800056b4: 23 a2 87 00  	sw	s0, 0x4(a5)
800056b8: 93 d4 89 01  	srli	s1, s3, 0x18
800056bc: 93 19 89 00  	slli	s3, s2, 0x8
800056c0: 03 a4 02 00  	lw	s0, 0x0(t0)
800056c4: b3 e4 99 00  	or	s1, s3, s1
800056c8: 23 a4 97 00  	sw	s1, 0x8(a5)
800056cc: 93 54 89 01  	srli	s1, s2, 0x18
800056d0: 13 19 84 00  	slli	s2, s0, 0x8
800056d4: b3 64 99 00  	or	s1, s2, s1
800056d8: 23 a6 97 00  	sw	s1, 0xc(a5)
800056dc: 93 87 07 01  	addi	a5, a5, 0x10
800056e0: 13 08 08 ff  	addi	a6, a6, -0x10
800056e4: 93 82 02 01  	addi	t0, t0, 0x10
800056e8: 93 34 18 01  	sltiu	s1, a6, 0x11
800056ec: 8b d0 f4 01  	vx_pred_n	s1, t6
800056f0: e3 8e 04 f8  	beqz	s1, 0x8000568c <memcpy+0x19c>
800056f4: 93 0f 00 00  	li	t6, 0x0
800056f8: 93 82 32 ff  	addi	t0, t0, -0xd
800056fc: 0b 30 0f 00  	vx_join	t5
80005700: 0b af 1f 00  	vx_split_n	t5, t6
80005704: 63 82 0f 08  	beqz	t6, 0x80005788 <memcpy+0x298>
80005708: 23 80 66 00  	sb	t1, 0x0(a3)
8000570c: 93 87 26 00  	addi	a5, a3, 0x2
80005710: a3 80 d6 01  	sb	t4, 0x1(a3)
80005714: 13 08 e6 ff  	addi	a6, a2, -0x2
80005718: f3 22 40 cc  	csrr	t0, tmask
8000571c: 83 2e 4e ff  	lw	t4, -0xc(t3)
80005720: 13 53 03 01  	srli	t1, t1, 0x10
80005724: 93 9f 0e 01  	slli	t6, t4, 0x10
80005728: 03 24 8e ff  	lw	s0, -0x8(t3)
8000572c: 33 e3 6f 00  	or	t1, t6, t1
80005730: 23 a0 67 00  	sw	t1, 0x0(a5)
80005734: 13 d3 0e 01  	srli	t1, t4, 0x10
80005738: 93 1e 04 01  	slli	t4, s0, 0x10
8000573c: 83 2f ce ff  	lw	t6, -0x4(t3)
80005740: 33 e3 6e 00  	or	t1, t4, t1
80005744: 23 a2 67 00  	sw	t1, 0x4(a5)
80005748: 13 54 04 01  	srli	s0, s0, 0x10
8000574c: 93 9e 0f 01  	slli	t4, t6, 0x10
80005750: 03 23 0e 00  	lw	t1, 0x0(t3)
80005754: b3 ee 8e 00  	or	t4, t4, s0
80005758: 23 a4 d7 01  	sw	t4, 0x8(a5)
8000575c: 93 de 0f 01  	srli	t4, t6, 0x10
80005760: 93 1f 03 01  	slli	t6, t1, 0x10
80005764: b3 ee df 01  	or	t4, t6, t4
80005768: 23 a6 d7 01  	sw	t4, 0xc(a5)
8000576c: 93 87 07 01  	addi	a5, a5, 0x10
80005770: 13 08 08 ff  	addi	a6, a6, -0x10
80005774: 13 0e 0e 01  	addi	t3, t3, 0x10
80005778: 93 3e 28 01  	sltiu	t4, a6, 0x12
8000577c: 8b d0 5e 00  	vx_pred_n	t4, t0
80005780: e3 8e 0e f8  	beqz	t4, 0x8000571c <memcpy+0x22c>
80005784: 93 02 2e ff  	addi	t0, t3, -0xe
80005788: 0b 30 0f 00  	vx_join	t5
8000578c: 0b b0 03 00  	vx_join	t2
80005790: 0b b0 08 00  	vx_join	a7
80005794: 93 38 08 01  	sltiu	a7, a6, 0x10
80005798: 13 c3 18 00  	xori	t1, a7, 0x1
8000579c: 8b 28 13 00  	vx_split_n	a7, t1
800057a0: 63 08 03 08  	beqz	t1, 0x80005830 <memcpy+0x340>
800057a4: 03 c3 02 00  	lbu	t1, 0x0(t0)
800057a8: 83 c3 12 00  	lbu	t2, 0x1(t0)
800057ac: 03 ce 22 00  	lbu	t3, 0x2(t0)
800057b0: 23 80 67 00  	sb	t1, 0x0(a5)
800057b4: a3 80 77 00  	sb	t2, 0x1(a5)
800057b8: 03 c3 32 00  	lbu	t1, 0x3(t0)
800057bc: 23 81 c7 01  	sb	t3, 0x2(a5)
800057c0: 83 c3 42 00  	lbu	t2, 0x4(t0)
800057c4: 03 ce 52 00  	lbu	t3, 0x5(t0)
800057c8: a3 81 67 00  	sb	t1, 0x3(a5)
800057cc: 03 c3 62 00  	lbu	t1, 0x6(t0)
800057d0: 23 82 77 00  	sb	t2, 0x4(a5)
800057d4: a3 82 c7 01  	sb	t3, 0x5(a5)
800057d8: 83 c3 72 00  	lbu	t2, 0x7(t0)
800057dc: 23 83 67 00  	sb	t1, 0x6(a5)
800057e0: 03 c3 82 00  	lbu	t1, 0x8(t0)
800057e4: 03 ce 92 00  	lbu	t3, 0x9(t0)
800057e8: a3 83 77 00  	sb	t2, 0x7(a5)
800057ec: 83 c3 a2 00  	lbu	t2, 0xa(t0)
800057f0: 23 84 67 00  	sb	t1, 0x8(a5)
800057f4: a3 84 c7 01  	sb	t3, 0x9(a5)
800057f8: 03 c3 b2 00  	lbu	t1, 0xb(t0)
800057fc: 23 85 77 00  	sb	t2, 0xa(a5)
80005800: 83 c3 c2 00  	lbu	t2, 0xc(t0)
80005804: 03 ce d2 00  	lbu	t3, 0xd(t0)
80005808: a3 85 67 00  	sb	t1, 0xb(a5)
8000580c: 03 c3 e2 00  	lbu	t1, 0xe(t0)
80005810: 23 86 77 00  	sb	t2, 0xc(a5)
80005814: a3 86 c7 01  	sb	t3, 0xd(a5)
80005818: 83 c3 f2 00  	lbu	t2, 0xf(t0)
8000581c: 23 87 67 00  	sb	t1, 0xe(a5)
80005820: 93 82 02 01  	addi	t0, t0, 0x10
80005824: 13 83 07 01  	addi	t1, a5, 0x10
80005828: a3 87 77 00  	sb	t2, 0xf(a5)
8000582c: 93 07 03 00  	mv	a5, t1
80005830: 0b b0 08 00  	vx_join	a7
80005834: 93 18 c8 01  	slli	a7, a6, 0x1c
80005838: 13 d3 f8 01  	srli	t1, a7, 0x1f
8000583c: 8b 28 13 00  	vx_split_n	a7, t1
80005840: 63 08 03 04  	beqz	t1, 0x80005890 <memcpy+0x3a0>
80005844: 03 c3 02 00  	lbu	t1, 0x0(t0)
80005848: 83 c3 12 00  	lbu	t2, 0x1(t0)
8000584c: 03 ce 22 00  	lbu	t3, 0x2(t0)
80005850: 23 80 67 00  	sb	t1, 0x0(a5)
80005854: a3 80 77 00  	sb	t2, 0x1(a5)
80005858: 03 c3 32 00  	lbu	t1, 0x3(t0)
8000585c: 23 81 c7 01  	sb	t3, 0x2(a5)
80005860: 83 c3 42 00  	lbu	t2, 0x4(t0)
80005864: 03 ce 52 00  	lbu	t3, 0x5(t0)
80005868: a3 81 67 00  	sb	t1, 0x3(a5)
8000586c: 03 c3 62 00  	lbu	t1, 0x6(t0)
80005870: 23 82 77 00  	sb	t2, 0x4(a5)
80005874: a3 82 c7 01  	sb	t3, 0x5(a5)
80005878: 83 c3 72 00  	lbu	t2, 0x7(t0)
8000587c: 23 83 67 00  	sb	t1, 0x6(a5)
80005880: 93 82 82 00  	addi	t0, t0, 0x8
80005884: 13 83 87 00  	addi	t1, a5, 0x8
80005888: a3 83 77 00  	sb	t2, 0x7(a5)
8000588c: 93 07 03 00  	mv	a5, t1
80005890: 0b b0 08 00  	vx_join	a7
80005894: 93 18 d8 01  	slli	a7, a6, 0x1d
80005898: 13 d3 f8 01  	srli	t1, a7, 0x1f
8000589c: 8b 28 13 00  	vx_split_n	a7, t1
800058a0: 63 08 03 02  	beqz	t1, 0x800058d0 <memcpy+0x3e0>
800058a4: 03 c3 02 00  	lbu	t1, 0x0(t0)
800058a8: 83 c3 12 00  	lbu	t2, 0x1(t0)
800058ac: 03 ce 22 00  	lbu	t3, 0x2(t0)
800058b0: 23 80 67 00  	sb	t1, 0x0(a5)
800058b4: a3 80 77 00  	sb	t2, 0x1(a5)
800058b8: 03 c3 32 00  	lbu	t1, 0x3(t0)
800058bc: 23 81 c7 01  	sb	t3, 0x2(a5)
800058c0: 93 82 42 00  	addi	t0, t0, 0x4
800058c4: 93 83 47 00  	addi	t2, a5, 0x4
800058c8: a3 81 67 00  	sb	t1, 0x3(a5)
800058cc: 93 87 03 00  	mv	a5, t2
800058d0: 0b b0 08 00  	vx_join	a7
800058d4: 93 18 e8 01  	slli	a7, a6, 0x1e
800058d8: 13 d3 f8 01  	srli	t1, a7, 0x1f
800058dc: 8b 28 13 00  	vx_split_n	a7, t1
800058e0: 63 00 03 02  	beqz	t1, 0x80005900 <memcpy+0x410>
800058e4: 03 c3 02 00  	lbu	t1, 0x0(t0)
800058e8: 83 c3 12 00  	lbu	t2, 0x1(t0)
800058ec: 23 80 67 00  	sb	t1, 0x0(a5)
800058f0: 13 83 27 00  	addi	t1, a5, 0x2
800058f4: 93 82 22 00  	addi	t0, t0, 0x2
800058f8: a3 80 77 00  	sb	t2, 0x1(a5)
800058fc: 93 07 03 00  	mv	a5, t1
80005900: 0b b0 08 00  	vx_join	a7
80005904: 93 08 00 00  	li	a7, 0x0
80005908: 13 78 18 00  	andi	a6, a6, 0x1
8000590c: 0b 30 07 00  	vx_join	a4
80005910: 0b a7 18 00  	vx_split_n	a4, a7
80005914: 63 84 08 0e  	beqz	a7, 0x800059fc <memcpy+0x50c>
80005918: 93 37 06 01  	sltiu	a5, a2, 0x10
8000591c: 13 c8 17 00  	xori	a6, a5, 0x1
80005920: 8b 27 18 00  	vx_split_n	a5, a6
80005924: 63 00 08 04  	beqz	a6, 0x80005964 <memcpy+0x474>
80005928: 73 28 40 cc  	csrr	a6, tmask
8000592c: 83 a8 05 00  	lw	a7, 0x0(a1)
80005930: 83 a2 45 00  	lw	t0, 0x4(a1)
80005934: 03 a3 85 00  	lw	t1, 0x8(a1)
80005938: 83 a3 c5 00  	lw	t2, 0xc(a1)
8000593c: 23 a0 16 01  	sw	a7, 0x0(a3)
80005940: 23 a2 56 00  	sw	t0, 0x4(a3)
80005944: 23 a4 66 00  	sw	t1, 0x8(a3)
80005948: 23 a6 76 00  	sw	t2, 0xc(a3)
8000594c: 93 85 05 01  	addi	a1, a1, 0x10
80005950: 93 86 06 01  	addi	a3, a3, 0x10
80005954: 13 06 06 ff  	addi	a2, a2, -0x10
80005958: 93 38 06 01  	sltiu	a7, a2, 0x10
8000595c: 8b d0 08 01  	vx_pred_n	a7, a6
80005960: e3 86 08 fc  	beqz	a7, 0x8000592c <memcpy+0x43c>
80005964: 0b b0 07 00  	vx_join	a5
80005968: 93 37 86 00  	sltiu	a5, a2, 0x8
8000596c: 13 c8 17 00  	xori	a6, a5, 0x1
80005970: 8b 27 18 00  	vx_split_n	a5, a6
80005974: 63 00 08 02  	beqz	a6, 0x80005994 <memcpy+0x4a4>
80005978: 03 a8 05 00  	lw	a6, 0x0(a1)
8000597c: 83 a8 45 00  	lw	a7, 0x4(a1)
80005980: 93 85 85 00  	addi	a1, a1, 0x8
80005984: 23 a0 06 01  	sw	a6, 0x0(a3)
80005988: 13 88 86 00  	addi	a6, a3, 0x8
8000598c: 23 a2 16 01  	sw	a7, 0x4(a3)
80005990: 93 06 08 00  	mv	a3, a6
80005994: 0b b0 07 00  	vx_join	a5
80005998: 93 17 d6 01  	slli	a5, a2, 0x1d
8000599c: 13 d8 f7 01  	srli	a6, a5, 0x1f
800059a0: 8b 27 18 00  	vx_split_n	a5, a6
800059a4: 63 0c 08 00  	beqz	a6, 0x800059bc <memcpy+0x4cc>
800059a8: 03 a8 05 00  	lw	a6, 0x0(a1)
800059ac: 93 85 45 00  	addi	a1, a1, 0x4
800059b0: 93 88 46 00  	addi	a7, a3, 0x4
800059b4: 23 a0 06 01  	sw	a6, 0x0(a3)
800059b8: 93 86 08 00  	mv	a3, a7
800059bc: 0b b0 07 00  	vx_join	a5
800059c0: 93 17 e6 01  	slli	a5, a2, 0x1e
800059c4: 13 d8 f7 01  	srli	a6, a5, 0x1f
800059c8: 8b 27 18 00  	vx_split_n	a5, a6
800059cc: 63 00 08 02  	beqz	a6, 0x800059ec <memcpy+0x4fc>
800059d0: 03 c8 05 00  	lbu	a6, 0x0(a1)
800059d4: 83 c8 15 00  	lbu	a7, 0x1(a1)
800059d8: 23 80 06 01  	sb	a6, 0x0(a3)
800059dc: 13 88 26 00  	addi	a6, a3, 0x2
800059e0: 93 85 25 00  	addi	a1, a1, 0x2
800059e4: a3 80 16 01  	sb	a7, 0x1(a3)
800059e8: 93 06 08 00  	mv	a3, a6
800059ec: 0b b0 07 00  	vx_join	a5
800059f0: 13 78 16 00  	andi	a6, a2, 0x1
800059f4: 93 82 05 00  	mv	t0, a1
800059f8: 93 87 06 00  	mv	a5, a3
800059fc: 0b 30 07 00  	vx_join	a4
80005a00: 8b 25 18 00  	vx_split_n	a1, a6
80005a04: 63 06 08 00  	beqz	a6, 0x80005a10 <memcpy+0x520>
80005a08: 03 c6 02 00  	lbu	a2, 0x0(t0)
80005a0c: 23 80 c7 00  	sb	a2, 0x0(a5)
80005a10: 0b b0 05 00  	vx_join	a1
80005a14: 03 24 c1 00  	lw	s0, 0xc(sp)
80005a18: 83 24 81 00  	lw	s1, 0x8(sp)
80005a1c: 03 29 41 00  	lw	s2, 0x4(sp)
80005a20: 83 29 01 00  	lw	s3, 0x0(sp)
80005a24: 13 01 01 01  	addi	sp, sp, 0x10
80005a28: 67 80 00 00  	ret

80005a2c <memset>:
80005a2c: 33 37 c0 00  	snez	a4, a2
80005a30: 8b 26 17 00  	vx_split_n	a3, a4
80005a34: 63 02 07 16  	beqz	a4, 0x80005b98 <memset+0x16c>
80005a38: 23 00 b5 00  	sb	a1, 0x0(a0)
80005a3c: 33 08 c5 00  	add	a6, a0, a2
80005a40: a3 0f b8 fe  	sb	a1, -0x1(a6)
80005a44: 13 37 36 00  	sltiu	a4, a2, 0x3
80005a48: 93 47 17 00  	xori	a5, a4, 0x1
80005a4c: 0b a7 17 00  	vx_split_n	a4, a5
80005a50: 63 82 07 14  	beqz	a5, 0x80005b94 <memset+0x168>
80005a54: a3 00 b5 00  	sb	a1, 0x1(a0)
80005a58: 23 01 b5 00  	sb	a1, 0x2(a0)
80005a5c: 23 0f b8 fe  	sb	a1, -0x2(a6)
80005a60: a3 0e b8 fe  	sb	a1, -0x3(a6)
80005a64: 93 37 76 00  	sltiu	a5, a2, 0x7
80005a68: 93 c8 17 00  	xori	a7, a5, 0x1
80005a6c: 8b a7 18 00  	vx_split_n	a5, a7
80005a70: 63 80 08 12  	beqz	a7, 0x80005b90 <memset+0x164>
80005a74: a3 01 b5 00  	sb	a1, 0x3(a0)
80005a78: 23 0e b8 fe  	sb	a1, -0x4(a6)
80005a7c: 13 38 96 00  	sltiu	a6, a2, 0x9
80005a80: 93 48 18 00  	xori	a7, a6, 0x1
80005a84: 0b a8 18 00  	vx_split_n	a6, a7
80005a88: 63 82 08 10  	beqz	a7, 0x80005b8c <memset+0x160>
80005a8c: b3 08 a0 40  	neg	a7, a0
80005a90: 93 f2 38 00  	andi	t0, a7, 0x3
80005a94: 33 03 55 00  	add	t1, a0, t0
80005a98: 33 06 56 40  	sub	a2, a2, t0
80005a9c: 93 73 c6 ff  	andi	t2, a2, -0x4
80005aa0: 93 f5 f5 0f  	andi	a1, a1, 0xff
80005aa4: 37 06 01 01  	lui	a2, 0x1010
80005aa8: 13 06 16 10  	addi	a2, a2, 0x101
80005aac: 33 86 c5 02  	mul	a2, a1, a2
80005ab0: 23 20 c3 00  	sw	a2, 0x0(t1)
80005ab4: 33 0e 73 00  	add	t3, t1, t2
80005ab8: 23 2e ce fe  	sw	a2, -0x4(t3)
80005abc: 93 b5 93 00  	sltiu	a1, t2, 0x9
80005ac0: 93 c8 15 00  	xori	a7, a1, 0x1
80005ac4: 8b a5 18 00  	vx_split_n	a1, a7
80005ac8: 63 80 08 0c  	beqz	a7, 0x80005b88 <memset+0x15c>
80005acc: 23 22 c3 00  	sw	a2, 0x4(t1)
80005ad0: 23 24 c3 00  	sw	a2, 0x8(t1)
80005ad4: 23 2a ce fe  	sw	a2, -0xc(t3)
80005ad8: 23 2c ce fe  	sw	a2, -0x8(t3)
80005adc: 93 b8 93 01  	sltiu	a7, t2, 0x19
80005ae0: 93 ce 18 00  	xori	t4, a7, 0x1
80005ae4: 8b a8 1e 00  	vx_split_n	a7, t4
80005ae8: 63 8e 0e 08  	beqz	t4, 0x80005b84 <memset+0x158>
80005aec: 23 26 c3 00  	sw	a2, 0xc(t1)
80005af0: 23 28 c3 00  	sw	a2, 0x10(t1)
80005af4: 23 2a c3 00  	sw	a2, 0x14(t1)
80005af8: 23 2c c3 00  	sw	a2, 0x18(t1)
80005afc: 23 22 ce fe  	sw	a2, -0x1c(t3)
80005b00: 23 24 ce fe  	sw	a2, -0x18(t3)
80005b04: 23 26 ce fe  	sw	a2, -0x14(t3)
80005b08: 23 28 ce fe  	sw	a2, -0x10(t3)
80005b0c: 93 7e 43 00  	andi	t4, t1, 0x4
80005b10: 13 8f 8e 01  	addi	t5, t4, 0x18
80005b14: 33 8e e3 41  	sub	t3, t2, t5
80005b18: 13 3e 0e 02  	sltiu	t3, t3, 0x20
80005b1c: 93 4f 1e 00  	xori	t6, t3, 0x1
80005b20: 0b ae 1f 00  	vx_split_n	t3, t6
80005b24: 63 8e 0f 04  	beqz	t6, 0x80005b80 <memset+0x154>
80005b28: 33 03 e3 01  	add	t1, t1, t5
80005b2c: b3 83 d3 41  	sub	t2, t2, t4
80005b30: 93 83 83 fc  	addi	t2, t2, -0x38
80005b34: 93 f3 03 fe  	andi	t2, t2, -0x20
80005b38: b3 e3 d3 01  	or	t2, t2, t4
80005b3c: b3 82 a2 00  	add	t0, t0, a0
80005b40: b3 82 53 00  	add	t0, t2, t0
80005b44: 93 82 82 03  	addi	t0, t0, 0x38
80005b48: f3 23 40 cc  	csrr	t2, tmask
80005b4c: 23 20 c3 00  	sw	a2, 0x0(t1)
80005b50: 23 22 c3 00  	sw	a2, 0x4(t1)
80005b54: 23 24 c3 00  	sw	a2, 0x8(t1)
80005b58: 23 26 c3 00  	sw	a2, 0xc(t1)
80005b5c: 23 28 c3 00  	sw	a2, 0x10(t1)
80005b60: 23 2a c3 00  	sw	a2, 0x14(t1)
80005b64: 23 2c c3 00  	sw	a2, 0x18(t1)
80005b68: 23 2e c3 00  	sw	a2, 0x1c(t1)
80005b6c: 13 03 03 02  	addi	t1, t1, 0x20
80005b70: b3 4e 53 00  	xor	t4, t1, t0
80005b74: 93 be 1e 00  	seqz	t4, t4
80005b78: 8b d0 7e 00  	vx_pred_n	t4, t2
80005b7c: e3 88 0e fc  	beqz	t4, 0x80005b4c <memset+0x120>
80005b80: 0b 30 0e 00  	vx_join	t3
80005b84: 0b b0 08 00  	vx_join	a7
80005b88: 0b b0 05 00  	vx_join	a1
80005b8c: 0b 30 08 00  	vx_join	a6
80005b90: 0b b0 07 00  	vx_join	a5
80005b94: 0b 30 07 00  	vx_join	a4
80005b98: 0b b0 06 00  	vx_join	a3
80005b9c: 67 80 00 00  	ret

80005ba0 <dummy>:
80005ba0: 67 80 00 00  	ret

80005ba4 <libc_exit_fini>:
80005ba4: 13 01 01 ff  	addi	sp, sp, -0x10
80005ba8: 23 26 11 00  	sw	ra, 0xc(sp)
80005bac: 23 24 81 00  	sw	s0, 0x8(sp)
80005bb0: 23 22 91 00  	sw	s1, 0x4(sp)
80005bb4: 17 15 00 00  	auipc	a0, 0x1
80005bb8: 03 25 45 45  	lw	a0, 0x454(a0)
80005bbc: 97 15 00 00  	auipc	a1, 0x1
80005bc0: 03 a4 05 45  	lw	s0, 0x450(a1)
80005bc4: 63 7c a4 00  	bgeu	s0, a0, 0x80005bdc <libc_exit_fini+0x38>
80005bc8: 83 25 c5 ff  	lw	a1, -0x4(a0)
80005bcc: 93 04 c5 ff  	addi	s1, a0, -0x4
80005bd0: e7 80 05 00  	jalr	a1
80005bd4: 13 85 04 00  	mv	a0, s1
80005bd8: e3 68 94 fe  	bltu	s0, s1, 0x80005bc8 <libc_exit_fini+0x24>
80005bdc: 83 20 c1 00  	lw	ra, 0xc(sp)
80005be0: 03 24 81 00  	lw	s0, 0x8(sp)
80005be4: 83 24 41 00  	lw	s1, 0x4(sp)
80005be8: 13 01 01 01  	addi	sp, sp, 0x10
80005bec: 6f f0 5f fb  	j	0x80005ba0 <dummy>

80005bf0 <vx_perf_dump>:
80005bf0: f3 27 20 cc  	csrr	a5, cid
80005bf4: 93 97 87 00  	slli	a5, a5, 0x8
80005bf8: 73 27 00 b0  	csrr	a4, mcycle
80005bfc: 23 a0 e7 08  	sw	a4, 0x80(a5)
80005c00: 73 27 00 b8  	csrr	a4, mcycleh
80005c04: 23 a2 e7 08  	sw	a4, 0x84(a5)
80005c08: 73 27 20 b0  	csrr	a4, minstret
80005c0c: 23 a8 e7 08  	sw	a4, 0x90(a5)
80005c10: 73 27 20 b8  	csrr	a4, minstreth
80005c14: 23 aa e7 08  	sw	a4, 0x94(a5)
80005c18: 73 27 30 b0  	csrr	a4, mhpmcounter3
80005c1c: 23 ac e7 08  	sw	a4, 0x98(a5)
80005c20: 73 27 30 b8  	csrr	a4, mhpmcounter3h
80005c24: 23 ae e7 08  	sw	a4, 0x9c(a5)
80005c28: 73 27 40 b0  	csrr	a4, mhpmcounter4
80005c2c: 23 a0 e7 0a  	sw	a4, 0xa0(a5)
80005c30: 73 27 40 b8  	csrr	a4, mhpmcounter4h
80005c34: 23 a2 e7 0a  	sw	a4, 0xa4(a5)
80005c38: 73 27 50 b0  	csrr	a4, mhpmcounter5
80005c3c: 23 a4 e7 0a  	sw	a4, 0xa8(a5)
80005c40: 73 27 50 b8  	csrr	a4, mhpmcounter5h
80005c44: 23 a6 e7 0a  	sw	a4, 0xac(a5)
80005c48: 73 27 60 b0  	csrr	a4, mhpmcounter6
80005c4c: 23 a8 e7 0a  	sw	a4, 0xb0(a5)
80005c50: 73 27 60 b8  	csrr	a4, mhpmcounter6h
80005c54: 23 aa e7 0a  	sw	a4, 0xb4(a5)
80005c58: 73 27 70 b0  	csrr	a4, mhpmcounter7
80005c5c: 23 ac e7 0a  	sw	a4, 0xb8(a5)
80005c60: 73 27 70 b8  	csrr	a4, mhpmcounter7h
80005c64: 23 ae e7 0a  	sw	a4, 0xbc(a5)
80005c68: 73 27 80 b0  	csrr	a4, mhpmcounter8
80005c6c: 23 a0 e7 0c  	sw	a4, 0xc0(a5)
80005c70: 73 27 80 b8  	csrr	a4, mhpmcounter8h
80005c74: 23 a2 e7 0c  	sw	a4, 0xc4(a5)
80005c78: 73 27 90 b0  	csrr	a4, mhpmcounter9
80005c7c: 23 a4 e7 0c  	sw	a4, 0xc8(a5)
80005c80: 73 27 90 b8  	csrr	a4, mhpmcounter9h
80005c84: 23 a6 e7 0c  	sw	a4, 0xcc(a5)
80005c88: 73 27 a0 b0  	csrr	a4, mhpmcounter10
80005c8c: 23 a8 e7 0c  	sw	a4, 0xd0(a5)
80005c90: 73 27 a0 b8  	csrr	a4, mhpmcounter10h
80005c94: 23 aa e7 0c  	sw	a4, 0xd4(a5)
80005c98: 73 27 b0 b0  	csrr	a4, mhpmcounter11
80005c9c: 23 ac e7 0c  	sw	a4, 0xd8(a5)
80005ca0: 73 27 b0 b8  	csrr	a4, mhpmcounter11h
80005ca4: 23 ae e7 0c  	sw	a4, 0xdc(a5)
80005ca8: 73 27 c0 b0  	csrr	a4, mhpmcounter12
80005cac: 23 a0 e7 0e  	sw	a4, 0xe0(a5)
80005cb0: 73 27 c0 b8  	csrr	a4, mhpmcounter12h
80005cb4: 23 a2 e7 0e  	sw	a4, 0xe4(a5)
80005cb8: 73 27 d0 b0  	csrr	a4, mhpmcounter13
80005cbc: 23 a4 e7 0e  	sw	a4, 0xe8(a5)
80005cc0: 73 27 d0 b8  	csrr	a4, mhpmcounter13h
80005cc4: 23 a6 e7 0e  	sw	a4, 0xec(a5)
80005cc8: 73 27 e0 b0  	csrr	a4, mhpmcounter14
80005ccc: 23 a8 e7 0e  	sw	a4, 0xf0(a5)
80005cd0: 73 27 e0 b8  	csrr	a4, mhpmcounter14h
80005cd4: 23 aa e7 0e  	sw	a4, 0xf4(a5)
80005cd8: 73 27 f0 b0  	csrr	a4, mhpmcounter15
80005cdc: 23 ac e7 0e  	sw	a4, 0xf8(a5)
80005ce0: 73 27 f0 b8  	csrr	a4, mhpmcounter15h
80005ce4: 23 ae e7 0e  	sw	a4, 0xfc(a5)
80005ce8: 73 27 00 b1  	csrr	a4, mhpmcounter16
80005cec: 23 a0 e7 10  	sw	a4, 0x100(a5)
80005cf0: 73 27 00 b9  	csrr	a4, mhpmcounter16h
80005cf4: 23 a2 e7 10  	sw	a4, 0x104(a5)
80005cf8: 73 27 10 b1  	csrr	a4, mhpmcounter17
80005cfc: 23 a4 e7 10  	sw	a4, 0x108(a5)
80005d00: 73 27 10 b9  	csrr	a4, mhpmcounter17h
80005d04: 23 a6 e7 10  	sw	a4, 0x10c(a5)
80005d08: 73 27 20 b1  	csrr	a4, mhpmcounter18
80005d0c: 23 a8 e7 10  	sw	a4, 0x110(a5)
80005d10: 73 27 20 b9  	csrr	a4, mhpmcounter18h
80005d14: 23 aa e7 10  	sw	a4, 0x114(a5)
80005d18: 73 27 30 b1  	csrr	a4, mhpmcounter19
80005d1c: 23 ac e7 10  	sw	a4, 0x118(a5)
80005d20: 73 27 30 b9  	csrr	a4, mhpmcounter19h
80005d24: 23 ae e7 10  	sw	a4, 0x11c(a5)
80005d28: 73 27 40 b1  	csrr	a4, mhpmcounter20
80005d2c: 23 a0 e7 12  	sw	a4, 0x120(a5)
80005d30: 73 27 40 b9  	csrr	a4, mhpmcounter20h
80005d34: 23 a2 e7 12  	sw	a4, 0x124(a5)
80005d38: 73 27 50 b1  	csrr	a4, mhpmcounter21
80005d3c: 23 a4 e7 12  	sw	a4, 0x128(a5)
80005d40: 73 27 50 b9  	csrr	a4, mhpmcounter21h
80005d44: 23 a6 e7 12  	sw	a4, 0x12c(a5)
80005d48: 73 27 60 b1  	csrr	a4, mhpmcounter22
80005d4c: 23 a8 e7 12  	sw	a4, 0x130(a5)
80005d50: 73 27 60 b9  	csrr	a4, mhpmcounter22h
80005d54: 23 aa e7 12  	sw	a4, 0x134(a5)
80005d58: 73 27 70 b1  	csrr	a4, mhpmcounter23
80005d5c: 23 ac e7 12  	sw	a4, 0x138(a5)
80005d60: 73 27 70 b9  	csrr	a4, mhpmcounter23h
80005d64: 23 ae e7 12  	sw	a4, 0x13c(a5)
80005d68: 73 27 80 b1  	csrr	a4, mhpmcounter24
80005d6c: 23 a0 e7 14  	sw	a4, 0x140(a5)
80005d70: 73 27 80 b9  	csrr	a4, mhpmcounter24h
80005d74: 23 a2 e7 14  	sw	a4, 0x144(a5)
80005d78: 73 27 90 b1  	csrr	a4, mhpmcounter25
80005d7c: 23 a4 e7 14  	sw	a4, 0x148(a5)
80005d80: 73 27 90 b9  	csrr	a4, mhpmcounter25h
80005d84: 23 a6 e7 14  	sw	a4, 0x14c(a5)
80005d88: 73 27 a0 b1  	csrr	a4, mhpmcounter26
80005d8c: 23 a8 e7 14  	sw	a4, 0x150(a5)
80005d90: 73 27 a0 b9  	csrr	a4, mhpmcounter26h
80005d94: 23 aa e7 14  	sw	a4, 0x154(a5)
80005d98: 73 27 b0 b1  	csrr	a4, mhpmcounter27
80005d9c: 23 ac e7 14  	sw	a4, 0x158(a5)
80005da0: 73 27 b0 b9  	csrr	a4, mhpmcounter27h
80005da4: 23 ae e7 14  	sw	a4, 0x15c(a5)
80005da8: 73 27 c0 b1  	csrr	a4, mhpmcounter28
80005dac: 23 a0 e7 16  	sw	a4, 0x160(a5)
80005db0: 73 27 c0 b9  	csrr	a4, mhpmcounter28h
80005db4: 23 a2 e7 16  	sw	a4, 0x164(a5)
80005db8: 73 27 d0 b1  	csrr	a4, mhpmcounter29
80005dbc: 23 a4 e7 16  	sw	a4, 0x168(a5)
80005dc0: 73 27 d0 b9  	csrr	a4, mhpmcounter29h
80005dc4: 23 a6 e7 16  	sw	a4, 0x16c(a5)
80005dc8: 73 27 e0 b1  	csrr	a4, mhpmcounter30
80005dcc: 23 a8 e7 16  	sw	a4, 0x170(a5)
80005dd0: 73 27 e0 b9  	csrr	a4, mhpmcounter30h
80005dd4: 23 aa e7 16  	sw	a4, 0x174(a5)
80005dd8: 73 27 f0 b1  	csrr	a4, mhpmcounter31
80005ddc: 23 ac e7 16  	sw	a4, 0x178(a5)
80005de0: 73 27 f0 b9  	csrr	a4, mhpmcounter31h
80005de4: 23 ae e7 16  	sw	a4, 0x17c(a5)
80005de8: 67 80 00 00  	ret

Disassembly of section .rodata:

80005df0 <.rodata>:
80005df0: 66 6e        	<unknown>
80005df2: 69 2d        	<unknown>
80005df4: 00 00        	<unknown>
80005df6: 00 00        	<unknown>
80005df8: 66 6e        	<unknown>
80005dfa: 69 2b        	<unknown>
80005dfc: 00 00        	<unknown>
80005dfe: 00 00        	<unknown>
80005e00: 65 72        	<unknown>
80005e02: 72 6f        	<unknown>
80005e04: 72 3a        	<unknown>
80005e06: 20 67        	<unknown>
80005e08: 72 6f        	<unknown>
80005e0a: 75 70        	<unknown>
80005e0c: 5f 73 69 7a  	<unknown>
80005e10: 65 20        	<unknown>
80005e12: 3e 20        	<unknown>
80005e14: 74 68        	<unknown>
80005e16: 72 65        	<unknown>
80005e18: 61 64        	<unknown>
80005e1a: 73 5f 70 65  	csrrwi	t5, hviprio2h, 0x0
80005e1e: 72 5f        	<unknown>
80005e20: 63 6f 72 65  	bltu	tp, s7, 0x8000647e <STARTUP_ADDR+0x647e>
80005e24: 20 28        	<unknown>
80005e26: 25 64        	<unknown>
80005e28: 2c 25        	<unknown>
80005e2a: 64 29        	<unknown>
80005e2c: 0a 00        	<unknown>
80005e2e: 00 00        	<unknown>
80005e30: 66 6e        	<unknown>
80005e32: 69 00        	<unknown>
80005e34: 6e 61        	<unknown>
80005e36: 6e 00        	<unknown>
80005e38: 0c bd        	<unknown>
80005e3a: ff ff 90 bc  	<unknown>
80005e3e: ff ff 90 bc  	<unknown>
80005e42: ff ff 00 bd  	<unknown>
80005e46: ff ff 90 bc  	<unknown>
80005e4a: ff ff 90 bc  	<unknown>
80005e4e: ff ff 90 bc  	<unknown>
80005e52: ff ff 90 bc  	<unknown>
80005e56: ff ff 90 bc  	<unknown>
80005e5a: ff ff 90 bc  	<unknown>
80005e5e: ff ff 90 bc  	<unknown>
80005e62: ff ff f4 bc  	<unknown>
80005e66: ff ff 90 bc  	<unknown>
80005e6a: ff ff e8 bc  	<unknown>
80005e6e: ff ff 90 bc  	<unknown>
80005e72: ff ff 90 bc  	<unknown>
80005e76: ff ff dc bc  	<unknown>
80005e7a: ff ff ec bf  	<unknown>
80005e7e: ff ff e0 bc  	<unknown>
80005e82: ff ff dc bf  	<unknown>
80005e86: ff ff e0 bc  	<unknown>
80005e8a: ff ff c0 bf  	<unknown>
80005e8e: ff ff e0 bc  	<unknown>
80005e92: ff ff e0 bc  	<unknown>
80005e96: ff ff e0 bc  	<unknown>
80005e9a: ff ff e0 bc  	<unknown>
80005e9e: ff ff e0 bc  	<unknown>
80005ea2: ff ff e0 bc  	<unknown>
80005ea6: ff ff e0 bc  	<unknown>
80005eaa: ff ff d4 bc  	<unknown>
80005eae: ff ff e0 bc  	<unknown>
80005eb2: ff ff e0 bc  	<unknown>
80005eb6: ff ff e0 bc  	<unknown>
80005eba: ff ff e0 bc  	<unknown>
80005ebe: ff ff e0 bc  	<unknown>
80005ec2: ff ff d4 bc  	<unknown>
80005ec6: ff ff 60 c0  	<unknown>
80005eca: ff ff b0 bb  	<unknown>
80005ece: ff ff b0 bb  	<unknown>
80005ed2: ff ff b0 bb  	<unknown>
80005ed6: ff ff b0 bb  	<unknown>
80005eda: ff ff b0 bb  	<unknown>
80005ede: ff ff b0 bb  	<unknown>
80005ee2: ff ff b0 bb  	<unknown>
80005ee6: ff ff b0 bb  	<unknown>
80005eea: ff ff b0 bb  	<unknown>
80005eee: ff ff b0 bb  	<unknown>
80005ef2: ff ff b0 bb  	<unknown>
80005ef6: ff ff b0 bb  	<unknown>
80005efa: ff ff b0 bb  	<unknown>
80005efe: ff ff b0 bb  	<unknown>
80005f02: ff ff b0 bb  	<unknown>
80005f06: ff ff b0 bb  	<unknown>
80005f0a: ff ff b0 bb  	<unknown>
80005f0e: ff ff b0 bb  	<unknown>
80005f12: ff ff b0 bb  	<unknown>
80005f16: ff ff b0 bb  	<unknown>
80005f1a: ff ff b0 bb  	<unknown>
80005f1e: ff ff b0 bb  	<unknown>
80005f22: ff ff b0 bb  	<unknown>
80005f26: ff ff b0 bb  	<unknown>
80005f2a: ff ff b0 bb  	<unknown>
80005f2e: ff ff b0 bb  	<unknown>
80005f32: ff ff b0 bb  	<unknown>
80005f36: ff ff b0 bb  	<unknown>
80005f3a: ff ff b0 bb  	<unknown>
80005f3e: ff ff b0 bb  	<unknown>
80005f42: ff ff b0 bb  	<unknown>
80005f46: ff ff b8 bf  	<unknown>
80005f4a: ff ff 20 c0  	<unknown>
80005f4e: ff ff b8 bf  	<unknown>
80005f52: ff ff b0 bb  	<unknown>
80005f56: ff ff b0 bb  	<unknown>
80005f5a: ff ff b0 bb  	<unknown>
80005f5e: ff ff b0 bb  	<unknown>
80005f62: ff ff b0 bb  	<unknown>
80005f66: ff ff b0 bb  	<unknown>
80005f6a: ff ff b0 bb  	<unknown>
80005f6e: ff ff b0 bb  	<unknown>
80005f72: ff ff b0 bb  	<unknown>
80005f76: ff ff b0 bb  	<unknown>
80005f7a: ff ff b0 bb  	<unknown>
80005f7e: ff ff b0 bb  	<unknown>
80005f82: ff ff b0 bb  	<unknown>
80005f86: ff ff b0 bb  	<unknown>
80005f8a: ff ff b0 bb  	<unknown>
80005f8e: ff ff b0 bb  	<unknown>
80005f92: ff ff c8 c2  	<unknown>
80005f96: ff ff b0 bb  	<unknown>
80005f9a: ff ff b0 bb  	<unknown>
80005f9e: ff ff b0 bb  	<unknown>
80005fa2: ff ff b0 bb  	<unknown>
80005fa6: ff ff b0 bb  	<unknown>
80005faa: ff ff b0 bb  	<unknown>
80005fae: ff ff b0 bb  	<unknown>
80005fb2: ff ff b0 bb  	<unknown>
80005fb6: ff ff b0 bb  	<unknown>
80005fba: ff ff c8 c2  	<unknown>
80005fbe: ff ff 7c c0  	<unknown>
80005fc2: ff ff c8 c2  	<unknown>
80005fc6: ff ff b8 bf  	<unknown>
80005fca: ff ff 20 c0  	<unknown>
80005fce: ff ff b8 bf  	<unknown>
80005fd2: ff ff 00 00  	<unknown>
80005fd6: 00 00        	<unknown>

80005fd8 <pow10.0>:
80005fd8: 00 00        	<unknown>
80005fda: 00 00        	<unknown>
80005fdc: 00 00        	<unknown>
80005fde: f0 3f        	<unknown>
80005fe0: 00 00        	<unknown>
80005fe2: 00 00        	<unknown>
80005fe4: 00 00        	<unknown>
80005fe6: 24 40        	<unknown>
80005fe8: 00 00        	<unknown>
80005fea: 00 00        	<unknown>
80005fec: 00 00        	<unknown>
80005fee: 59 40        	<unknown>
80005ff0: 00 00        	<unknown>
80005ff2: 00 00        	<unknown>
80005ff4: 00 40        	<unknown>
80005ff6: 8f 40 00 00  	<unknown>
80005ffa: 00 00        	<unknown>
80005ffc: 00 88        	<unknown>
80005ffe: c3 40 00 00  	fmadd.s	ft1, ft0, ft0, ft0, rmm
80006002: 00 00        	<unknown>
80006004: 00 6a        	<unknown>
80006006: f8 40        	<unknown>
80006008: 00 00        	<unknown>
8000600a: 00 00        	<unknown>
8000600c: 80 84        	<unknown>
8000600e: 2e 41        	<unknown>
80006010: 00 00        	<unknown>
80006012: 00 00        	<unknown>
80006014: d0 12        	<unknown>
80006016: 63 41 00 00  	bltz	zero, 0x80006018 <pow10.0+0x40>
8000601a: 00 00        	<unknown>
8000601c: 84 d7        	<unknown>
8000601e: 97 41 00 00  	auipc	gp, 0x4
80006022: 00 00        	<unknown>
80006024: 65 cd        	<unknown>
80006026: cd 41        	<unknown>
80006028: 03 00 00 00  	lb	zero, 0x0(zero)
8000602c: 01 00        	<unknown>
8000602e: 00 00        	<unknown>
80006030: 02 00        	<unknown>
80006032: 00 00        	<unknown>

Disassembly of section .eh_frame:

80006034 <.eh_frame>:
80006034: 10 00        	<unknown>
80006036: 00 00        	<unknown>
80006038: 00 00        	<unknown>
8000603a: 00 00        	<unknown>
8000603c: 01 7a        	<unknown>
8000603e: 52 00        	<unknown>
80006040: 01 7c        	<unknown>
80006042: 01 01        	<unknown>
80006044: 1b 0c 02 00  	<unknown>
80006048: 10 00        	<unknown>
8000604a: 00 00        	<unknown>
8000604c: 18 00        	<unknown>
8000604e: 00 00        	<unknown>
80006050: 24 a0        	<unknown>
80006052: ff ff 44 00  	<unknown>
80006056: 00 00        	<unknown>
80006058: 00 44        	<unknown>
8000605a: 0e 10        	<unknown>
8000605c: 10 00        	<unknown>
8000605e: 00 00        	<unknown>
80006060: 2c 00        	<unknown>
80006062: 00 00        	<unknown>
80006064: 54 a0        	<unknown>
80006066: ff ff 1c 00  	<unknown>
8000606a: 00 00        	<unknown>
8000606c: 00 00        	<unknown>
8000606e: 00 00        	<unknown>
80006070: 2c 00        	<unknown>
80006072: 00 00        	<unknown>
80006074: 40 00        	<unknown>
80006076: 00 00        	<unknown>
80006078: 40 c9        	<unknown>
8000607a: ff ff 40 0b  	<unknown>
8000607e: 00 00        	<unknown>
80006080: 00 44        	<unknown>
80006082: 0e 50        	<unknown>
80006084: 74 81        	<unknown>
80006086: 01 88        	<unknown>
80006088: 02 89        	<unknown>
8000608a: 03 92 04 93  	lh	tp, -0x6d0(s1)
8000608e: 05 94        	<unknown>
80006090: 06 95        	<unknown>
80006092: 07 96 08 97  	<unknown>
80006096: 09 98        	<unknown>
80006098: 0a 99        	<unknown>
8000609a: 0b 9a 0c 9b  	<unknown>
8000609e: 0d 00        	<unknown>
800060a0: 10 00        	<unknown>
800060a2: 00 00        	<unknown>
800060a4: 70 00        	<unknown>
800060a6: 00 00        	<unknown>
800060a8: 50 d4        	<unknown>
800060aa: ff ff 34 00  	<unknown>
800060ae: 00 00        	<unknown>
800060b0: 00 00        	<unknown>
800060b2: 00 00        	<unknown>
800060b4: 10 00        	<unknown>
800060b6: 00 00        	<unknown>
800060b8: 84 00        	<unknown>
800060ba: 00 00        	<unknown>
800060bc: 70 d4        	<unknown>
800060be: ff ff 0c 00  	<unknown>
800060c2: 00 00        	<unknown>
800060c4: 00 00        	<unknown>
800060c6: 00 00        	<unknown>
800060c8: 10 00        	<unknown>
800060ca: 00 00        	<unknown>
800060cc: 98 00        	<unknown>
800060ce: 00 00        	<unknown>
800060d0: 68 d4        	<unknown>
800060d2: ff ff f8 00  	<unknown>
800060d6: 00 00        	<unknown>
800060d8: 00 00        	<unknown>
800060da: 00 00        	<unknown>
800060dc: 10 00        	<unknown>
800060de: 00 00        	<unknown>
800060e0: ac 00        	<unknown>
800060e2: 00 00        	<unknown>
800060e4: 4c d5        	<unknown>
800060e6: ff ff f8 00  	<unknown>
800060ea: 00 00        	<unknown>
800060ec: 00 00        	<unknown>
800060ee: 00 00        	<unknown>
800060f0: 2c 00        	<unknown>
800060f2: 00 00        	<unknown>
800060f4: c0 00        	<unknown>
800060f6: 00 00        	<unknown>
800060f8: 30 d6        	<unknown>
800060fa: ff ff fc 09  	<unknown>
800060fe: 00 00        	<unknown>
80006100: 00 44        	<unknown>
80006102: 0e 40        	<unknown>
80006104: 74 81        	<unknown>
80006106: 01 88        	<unknown>
80006108: 02 89        	<unknown>
8000610a: 03 92 04 93  	lh	tp, -0x6d0(s1)
8000610e: 05 94        	<unknown>
80006110: 06 95        	<unknown>
80006112: 07 96 08 97  	<unknown>
80006116: 09 98        	<unknown>
80006118: 0a 99        	<unknown>
8000611a: 0b 9a 0c 9b  	<unknown>
8000611e: 0d 00        	<unknown>
80006120: 10 00        	<unknown>
80006122: 00 00        	<unknown>
80006124: f0 00        	<unknown>
80006126: 00 00        	<unknown>
80006128: fc df        	<unknown>
8000612a: ff ff d4 00  	<unknown>
8000612e: 00 00        	<unknown>
80006130: 00 00        	<unknown>
80006132: 00 00        	<unknown>
80006134: 10 00        	<unknown>
80006136: 00 00        	<unknown>
80006138: 04 01        	<unknown>
8000613a: 00 00        	<unknown>
8000613c: bc e0        	<unknown>
8000613e: ff ff a0 00  	<unknown>
80006142: 00 00        	<unknown>
80006144: 00 00        	<unknown>
80006146: 00 00        	<unknown>
80006148: 10 00        	<unknown>
8000614a: 00 00        	<unknown>
8000614c: 18 01        	<unknown>
8000614e: 00 00        	<unknown>
80006150: 48 e1        	<unknown>
80006152: ff ff 04 01  	<unknown>
80006156: 00 00        	<unknown>
80006158: 00 00        	<unknown>
8000615a: 00 00        	<unknown>
8000615c: 10 00        	<unknown>
8000615e: 00 00        	<unknown>
80006160: 2c 01        	<unknown>
80006162: 00 00        	<unknown>
80006164: 38 e2        	<unknown>
80006166: ff ff ec 00  	<unknown>
8000616a: 00 00        	<unknown>
8000616c: 00 00        	<unknown>
8000616e: 00 00        	<unknown>
80006170: 2c 00        	<unknown>
80006172: 00 00        	<unknown>
80006174: 40 01        	<unknown>
80006176: 00 00        	<unknown>
80006178: 10 e3        	<unknown>
8000617a: ff ff ec 08  	<unknown>
8000617e: 00 00        	<unknown>
80006180: 00 44        	<unknown>
80006182: 0e 40        	<unknown>
80006184: 74 81        	<unknown>
80006186: 01 88        	<unknown>
80006188: 02 89        	<unknown>
8000618a: 03 92 04 93  	lh	tp, -0x6d0(s1)
8000618e: 05 94        	<unknown>
80006190: 06 95        	<unknown>
80006192: 07 96 08 97  	<unknown>
80006196: 09 98        	<unknown>
80006198: 0a 99        	<unknown>
8000619a: 0b 9a 0c 9b  	<unknown>
8000619e: 0d 00        	<unknown>
800061a0: 10 00        	<unknown>
800061a2: 00 00        	<unknown>
800061a4: 70 01        	<unknown>
800061a6: 00 00        	<unknown>
800061a8: cc eb        	<unknown>
800061aa: ff ff 0c 00  	<unknown>
800061ae: 00 00        	<unknown>
800061b0: 00 00        	<unknown>
800061b2: 00 00        	<unknown>
800061b4: 18 00        	<unknown>
800061b6: 00 00        	<unknown>
800061b8: 84 01        	<unknown>
800061ba: 00 00        	<unknown>
800061bc: c4 eb        	<unknown>
800061be: ff ff 64 03  	<unknown>
800061c2: 00 00        	<unknown>
800061c4: 00 03        	<unknown>
800061c6: 2c 02        	<unknown>
800061c8: 0e 10        	<unknown>
800061ca: 44 88        	<unknown>
800061cc: 01 00        	<unknown>
800061ce: 00 00        	<unknown>
800061d0: 18 00        	<unknown>
800061d2: 00 00        	<unknown>
800061d4: a0 01        	<unknown>
800061d6: 00 00        	<unknown>
800061d8: 0c ef        	<unknown>
800061da: ff ff 48 03  	<unknown>
800061de: 00 00        	<unknown>
800061e0: 00 03        	<unknown>
800061e2: 2c 02        	<unknown>
800061e4: 0e 10        	<unknown>
800061e6: 44 88        	<unknown>
800061e8: 01 00        	<unknown>
800061ea: 00 00        	<unknown>
800061ec: 00 00        	<unknown>
800061ee: 00 00        	<unknown>

Disassembly of section .tbss:

80007000 <__tbss_start>:
...

Disassembly of section .got:

80007000 <.got>:
80007000: 00 00        	<unknown>
80007002: 00 00        	<unknown>
80007004: 10 00        	<unknown>
80007006: 00 00        	<unknown>
80007008: 00 70        	<unknown>
8000700a: 00 80        	<unknown>
8000700c: 00 70        	<unknown>
8000700e: 00 80        	<unknown>

Disassembly of section .sdata:

80007010 <__SDATA_BEGIN__>:
80007010: 00 00        	<unknown>
80007012: 00 00        	<unknown>
80007014: 65 cd        	<unknown>
80007016: cd 41        	<unknown>
80007018: 00 00        	<unknown>
8000701a: 00 00        	<unknown>
8000701c: 00 00        	<unknown>
8000701e: 18 40        	<unknown>
80007020: 00 00        	<unknown>
80007022: 00 00        	<unknown>
80007024: 00 00        	<unknown>
80007026: 00 40        	<unknown>
80007028: ff ff ff ff  	<unknown>
8000702c: ff ff ef 7f  	<unknown>
80007030: ff ff ff ff  	<unknown>
80007034: ff ff ef ff  	<unknown>
80007038: 00 00        	<unknown>
8000703a: 00 00        	<unknown>
8000703c: 65 cd        	<unknown>
8000703e: cd c1        	<unknown>
80007040: 71 a3        	<unknown>
80007042: 79 09        	<unknown>
80007044: 4f 93 0a 40  	fnmadd.s	ft6, fs5, ft0, fs0, rtz
80007048: 16 55        	<unknown>
8000704a: b5 bb        	<unknown>
8000704c: b1 6b        	<unknown>
8000704e: 02 40        	<unknown>
80007050: 00 00        	<unknown>
80007052: 00 00        	<unknown>
80007054: 00 00        	<unknown>
80007056: f0 3f        	<unknown>
80007058: 00 00        	<unknown>
8000705a: 00 00        	<unknown>
8000705c: 00 00        	<unknown>
8000705e: 24 40        	<unknown>
80007060: 00 00        	<unknown>
80007062: 00 00        	<unknown>
80007064: 00 00        	<unknown>
80007066: e0 3f        	<unknown>
80007068: 00 00        	<unknown>
8000706a: 00 00        	<unknown>
8000706c: 00 00        	<unknown>
8000706e: 2c 40        	<unknown>
80007070: 00 00        	<unknown>
80007072: 00 00        	<unknown>
80007074: 00 00        	<unknown>
80007076: f8 3f        	<unknown>
80007078: ef 39 fa fe  	jal	s3, 0x7ffab066 <__tbss_size+0x7ffab04a>
8000707c: 42 2e        	<unknown>
8000707e: e6 3f        	<unknown>
80007080: b3 c8 60 8b  	<unknown>
80007084: 28 8a        	<unknown>
80007086: c6 3f        	<unknown>
80007088: 00 00        	<unknown>
8000708a: 00 00        	<unknown>
8000708c: 80 84        	<unknown>
8000708e: 2e 41        	<unknown>
80007090: fb 79 9f 50  	<unknown>
80007094: 13 44 d3 3f  	xori	s0, t1, 0x3fd
80007098: 61 43        	<unknown>
8000709a: 6f 63 a7 87  	jal	t1, 0x7ff7d114 <__tbss_size+0x7ff7d0f8>
8000709e: d2 3f        	<unknown>
800070a0: 2d 43        	<unknown>
800070a2: 1c eb        	<unknown>
800070a4: e2 36        	<unknown>
800070a6: 1a 3f        	<unknown>

Disassembly of section .sbss:

800070c0 <__warps_per_group>:
...

Disassembly of section .bss:

800070c4 <blockDim>:
...

800070d0 <gridDim>:
...

Disassembly of section .comment:

00000000 <.comment>:
       0: 4c 69        	<unknown>
       2: 6e 6b        	<unknown>
       4: 65 72        	<unknown>
       6: 3a 20        	<unknown>
       8: 4c 4c        	<unknown>
       a: 44 20        	<unknown>
       c: 31 38        	<unknown>
       e: 2e 31        	<unknown>
      10: 2e 37        	<unknown>
      12: 00 00        	<unknown>
      14: 47 43 43 3a  	<unknown>
      18: 20 28        	<unknown>
      1a: 63 72 6f 73  	bgeu	t5, s6, 0x73e <.comment+0x73e>
      1e: 73 74 6f 6f  	csrrci	s0, 0x6f6, 0x1e
      22: 6c 2d        	<unknown>
      24: 4e 47        	<unknown>
      26: 20 31        	<unknown>
      28: 2e 32        	<unknown>
      2a: 38 2e        	<unknown>
      2c: 30 2e        	<unknown>
      2e: 36 5f        	<unknown>
      30: 64 61        	<unknown>
      32: 66 32        	<unknown>
      34: 34 36        	<unknown>
      36: 37 20 2d 20  	lui	zero, 0x202d2
      3a: 52 49        	<unknown>
      3c: 53 43 73 74  	<unknown>
      40: 61 72        	<unknown>
      42: 20 54        	<unknown>
      44: 6f 6f 6c 63  	jal	t5, 0xc667a <.comment+0xc667a>
      48: 68 61        	<unknown>
      4a: 69 6e        	<unknown>
      4c: 20 31        	<unknown>
      4e: 35 2e        	<unknown>
      50: 32 2d        	<unknown>
      52: 72 31        	<unknown>
      54: 29 20        	<unknown>
      56: 31 35        	<unknown>
      58: 2e 32        	<unknown>
      5a: 2e 30        	<unknown>
      5c: 00 63        	<unknown>
      5e: 6c 61        	<unknown>
      60: 6e 67        	<unknown>
      62: 20 76        	<unknown>
      64: 65 72        	<unknown>
      66: 73 69 6f 6e  	csrrsi	s2, 0x6e6, 0x1e
      6a: 20 31        	<unknown>
      6c: 38 2e        	<unknown>
      6e: 31 2e        	<unknown>
      70: 36 20        	<unknown>
      72: 28 68        	<unknown>
      74: 74 74        	<unknown>
      76: 70 73        	<unknown>
      78: 3a 2f        	<unknown>
      7a: 2f 67 69 74  	<unknown>
      7e: 68 75        	<unknown>
      80: 62 2e        	<unknown>
      82: 63 6f 6d 2f  	bltu	s10, s6, 0x380 <.comment+0x380>
      86: 6c 6c        	<unknown>
      88: 76 6d        	<unknown>
      8a: 2f 6c 6c 76  	<unknown>
      8e: 6d 2d        	<unknown>
      90: 70 72        	<unknown>
      92: 6f 6a 65 63  	jal	s4, 0x566c8 <.comment+0x566c8>
      96: 74 2e        	<unknown>
      98: 67 69 74 20  	<unknown>
      9c: 31 64        	<unknown>
      9e: 36 31        	<unknown>
      a0: 62 34        	<unknown>
      a2: 30 34        	<unknown>
      a4: 34 64        	<unknown>
      a6: 64 64        	<unknown>
      a8: 64 61        	<unknown>
      aa: 36 35        	<unknown>
      ac: 65 39        	<unknown>
      ae: 38 65        	<unknown>
      b0: 37 39 32 38  	lui	s2, 0x38323
      b4: 66 64        	<unknown>
      b6: 33 39 35 65  	<unknown>
      ba: 36 61        	<unknown>
      bc: 39 35        	<unknown>
      be: 31 63        	<unknown>
      c0: 35 61        	<unknown>
      c2: 38 66        	<unknown>
      c4: 29 00        	<unknown>
      c6: 63 6c 61 6e  	bltu	sp, t1, 0x7be <.comment+0x7be>
      ca: 67 20 76 65  	<unknown>
      ce: 72 73        	<unknown>
      d0: 69 6f        	<unknown>
      d2: 6e 20        	<unknown>
      d4: 31 38        	<unknown>
      d6: 2e 31        	<unknown>
      d8: 2e 37        	<unknown>
      da: 20 28        	<unknown>
      dc: 68 74        	<unknown>
      de: 74 70        	<unknown>
      e0: 73 3a 2f 2f  	csrrc	s4, 0x2f2, t5
      e4: 67 69 74 68  	<unknown>
      e8: 75 62        	<unknown>
      ea: 2e 63        	<unknown>
      ec: 6f 6d 2f 76  	jal	s10, 0xf684e <.comment+0xf684e>
      f0: 6f 72 74 65  	jal	tp, 0x47f46 <.comment+0x47f46>
      f4: 78 67        	<unknown>
      f6: 70 67        	<unknown>
      f8: 70 75        	<unknown>
      fa: 2f 6c 6c 76  	<unknown>
      fe: 6d 20        	<unknown>
     100: 64 37        	<unknown>
     102: 38 64        	<unknown>
     104: 34 61        	<unknown>
     106: 32 35        	<unknown>
     108: 65 62        	<unknown>
     10a: 66 61        	<unknown>
     10c: 30 61        	<unknown>
     10e: 39 31        	<unknown>
     110: 34 35        	<unknown>
     112: 65 32        	<unknown>
     114: 63 35 62 32  	<unknown>
     118: 35 39        	<unknown>
     11a: 30 64        	<unknown>
     11c: 61 63        	<unknown>
     11e: 63 64 62 35  	bltu	tp, s6, 0x466 <.comment+0x466>
     122: 36 64        	<unknown>
     124: 61 39        	<unknown>
     126: 33 61 29 00  	or	sp, s2, sp

Disassembly of section .riscv.attributes:

00000000 <.riscv.attributes>:
       0: 41 5d        	<unknown>
       2: 00 00        	<unknown>
       4: 00 72        	<unknown>
       6: 69 73        	<unknown>
       8: 63 76 00 01  	bgeu	zero, a6, 0x14 <.comment+0x14>
       c: 53 00 00 00  	fadd.s	ft0, ft0, ft0, rne
      10: 04 10        	<unknown>
      12: 08 01        	<unknown>
      14: 0a 0b        	<unknown>
      16: 05 72        	<unknown>
      18: 76 33        	<unknown>
      1a: 32 69        	<unknown>
      1c: 32 70        	<unknown>
      1e: 31 5f        	<unknown>
      20: 6d 32        	<unknown>
      22: 70 30        	<unknown>
      24: 5f 61 32 70  	<unknown>
      28: 31 5f        	<unknown>
      2a: 66 32        	<unknown>
      2c: 70 32        	<unknown>
      2e: 5f 7a 69 63  	<unknown>
      32: 6f 6e 64 31  	jal	t3, 0x46348 <.comment+0x46348>
      36: 70 30        	<unknown>
      38: 5f 7a 69 63  	<unknown>
      3c: 73 72 32 70  	csrrci	tp, 0x703, 0x4
      40: 30 5f        	<unknown>
      42: 7a 6d        	<unknown>
      44: 6d 75        	<unknown>
      46: 6c 31        	<unknown>
      48: 70 30        	<unknown>
      4a: 5f 7a 61 61  	<unknown>
      4e: 6d 6f        	<unknown>
      50: 31 70        	<unknown>
      52: 30 5f        	<unknown>
      54: 7a 61        	<unknown>
      56: 6c 72        	<unknown>
      58: 73 63 31 70  	csrrsi	t1, 0x703, 0x2
      5c: 30 00        	<unknown>

Disassembly of section .symtab:

00000000 <.symtab>:
		...
      10: 01 00        	<unknown>
		...
      1a: 00 00        	<unknown>
      1c: 04 00        	<unknown>
      1e: f1 ff        	<unknown>
      20: 00 00        	<unknown>
      22: 00 00        	<unknown>
      24: 74 00        	<unknown>
      26: 00 80        	<unknown>
      28: 00 00        	<unknown>
      2a: 00 00        	<unknown>
      2c: 00 00        	<unknown>
      2e: 02 00        	<unknown>
      30: 0c 00        	<unknown>
      32: 00 00        	<unknown>
      34: 74 00        	<unknown>
      36: 00 80        	<unknown>
      38: 00 00        	<unknown>
      3a: 00 00        	<unknown>
      3c: 00 00        	<unknown>
      3e: 02 00        	<unknown>
      40: 00 00        	<unknown>
      42: 00 00        	<unknown>
      44: b8 00        	<unknown>
      46: 00 80        	<unknown>
      48: 00 00        	<unknown>
      4a: 00 00        	<unknown>
      4c: 00 00        	<unknown>
      4e: 02 00        	<unknown>
      50: 00 00        	<unknown>
      52: 00 00        	<unknown>
      54: b8 00        	<unknown>
      56: 00 80        	<unknown>
      58: 00 00        	<unknown>
      5a: 00 00        	<unknown>
      5c: 00 00        	<unknown>
      5e: 02 00        	<unknown>
      60: 11 00        	<unknown>
      62: 00 00        	<unknown>
      64: b8 00        	<unknown>
      66: 00 80        	<unknown>
      68: 00 00        	<unknown>
      6a: 00 00        	<unknown>
      6c: 00 00        	<unknown>
      6e: 02 00        	<unknown>
      70: 00 00        	<unknown>
      72: 00 00        	<unknown>
      74: d4 00        	<unknown>
      76: 00 80        	<unknown>
      78: 00 00        	<unknown>
      7a: 00 00        	<unknown>
      7c: 00 00        	<unknown>
      7e: 02 00        	<unknown>
      80: 16 00        	<unknown>
      82: 00 00        	<unknown>
      84: 13 00 00 00  	nop
      88: 00 00        	<unknown>
      8a: 00 00        	<unknown>
      8c: 00 00        	<unknown>
      8e: 0d 00        	<unknown>
      90: 1b 00 00 00  	<unknown>
		...
      9c: 00 00        	<unknown>
      9e: f1 ff        	<unknown>
      a0: 20 00        	<unknown>
      a2: 00 00        	<unknown>
      a4: 34 60        	<unknown>
      a6: 00 80        	<unknown>
      a8: 00 00        	<unknown>
      aa: 00 00        	<unknown>
      ac: 00 00        	<unknown>
      ae: 04 00        	<unknown>
      b0: 25 00        	<unknown>
		...
      ba: 00 00        	<unknown>
      bc: 04 00        	<unknown>
      be: f1 ff        	<unknown>
      c0: 30 00        	<unknown>
      c2: 00 00        	<unknown>
      c4: d4 00        	<unknown>
      c6: 00 80        	<unknown>
      c8: 00 00        	<unknown>
      ca: 00 00        	<unknown>
      cc: 00 00        	<unknown>
      ce: 02 00        	<unknown>
      d0: 6f 00 00 00  	j	0xd0 <.symtab+0xd0>
      d4: d4 00        	<unknown>
      d6: 00 80        	<unknown>
      d8: f8 00        	<unknown>
      da: 00 00        	<unknown>
      dc: 02 00        	<unknown>
      de: 02 00        	<unknown>
      e0: 7f 00 00 00  	<unknown>
      e4: cc 01        	<unknown>
      e6: 00 80        	<unknown>
      e8: 00 00        	<unknown>
      ea: 00 00        	<unknown>
      ec: 00 00        	<unknown>
      ee: 02 00        	<unknown>
      f0: be 00        	<unknown>
      f2: 00 00        	<unknown>
      f4: cc 01        	<unknown>
      f6: 00 80        	<unknown>
      f8: 50 00        	<unknown>
      fa: 00 00        	<unknown>
      fc: 02 00        	<unknown>
      fe: 02 00        	<unknown>
     100: d8 00        	<unknown>
     102: 00 00        	<unknown>
     104: 1c 02        	<unknown>
     106: 00 80        	<unknown>
     108: 00 00        	<unknown>
     10a: 00 00        	<unknown>
     10c: 00 00        	<unknown>
     10e: 02 00        	<unknown>
     110: 17 01 00 00  	auipc	sp, 0x0
     114: 1c 02        	<unknown>
     116: 00 80        	<unknown>
     118: 24 00        	<unknown>
     11a: 00 00        	<unknown>
     11c: 02 00        	<unknown>
     11e: 02 00        	<unknown>
     120: 2c 01        	<unknown>
     122: 00 00        	<unknown>
     124: 40 02        	<unknown>
     126: 00 80        	<unknown>
     128: 00 00        	<unknown>
     12a: 00 00        	<unknown>
     12c: 00 00        	<unknown>
     12e: 02 00        	<unknown>
     130: 6b 01 00 00  	<unknown>
     134: 40 02        	<unknown>
     136: 00 80        	<unknown>
     138: 2c 01        	<unknown>
     13a: 00 00        	<unknown>
     13c: 02 00        	<unknown>
     13e: 02 00        	<unknown>
     140: 81 01        	<unknown>
     142: 00 00        	<unknown>
     144: 6c 03        	<unknown>
     146: 00 80        	<unknown>
     148: 00 00        	<unknown>
     14a: 00 00        	<unknown>
     14c: 00 00        	<unknown>
     14e: 02 00        	<unknown>
     150: c0 01        	<unknown>
     152: 00 00        	<unknown>
     154: 6c 03        	<unknown>
     156: 00 80        	<unknown>
     158: 48 00        	<unknown>
     15a: 00 00        	<unknown>
     15c: 02 00        	<unknown>
     15e: 02 00        	<unknown>
     160: db 01 00 00  	<unknown>
     164: b4 03        	<unknown>
     166: 00 80        	<unknown>
     168: 00 00        	<unknown>
     16a: 00 00        	<unknown>
     16c: 00 00        	<unknown>
     16e: 02 00        	<unknown>
     170: 1a 02        	<unknown>
		...
     17a: 00 00        	<unknown>
     17c: 04 00        	<unknown>
     17e: f1 ff        	<unknown>
     180: 25 02        	<unknown>
     182: 00 00        	<unknown>
     184: ec 06        	<unknown>
     186: 00 80        	<unknown>
     188: 00 00        	<unknown>
     18a: 00 00        	<unknown>
     18c: 00 00        	<unknown>
     18e: 02 00        	<unknown>
     190: 64 02        	<unknown>
     192: 00 00        	<unknown>
     194: ec 06        	<unknown>
     196: 00 80        	<unknown>
     198: 34 00        	<unknown>
     19a: 00 00        	<unknown>
     19c: 02 00        	<unknown>
     19e: 02 00        	<unknown>
     1a0: 71 02        	<unknown>
     1a2: 00 00        	<unknown>
     1a4: 20 07        	<unknown>
     1a6: 00 80        	<unknown>
     1a8: 00 00        	<unknown>
     1aa: 00 00        	<unknown>
     1ac: 00 00        	<unknown>
     1ae: 02 00        	<unknown>
     1b0: b0 02        	<unknown>
     1b2: 00 00        	<unknown>
     1b4: 80 07        	<unknown>
     1b6: 00 80        	<unknown>
     1b8: 00 00        	<unknown>
     1ba: 00 00        	<unknown>
     1bc: 00 00        	<unknown>
     1be: 02 00        	<unknown>
     1c0: ef 02 00 00  	jal	t0, 0x1c0 <.symtab+0x1c0>
		...
     1cc: 04 00        	<unknown>
     1ce: f1 ff        	<unknown>
     1d0: fc 02        	<unknown>
     1d2: 00 00        	<unknown>
     1d4: 98 07        	<unknown>
     1d6: 00 80        	<unknown>
     1d8: 00 00        	<unknown>
     1da: 00 00        	<unknown>
     1dc: 00 00        	<unknown>
     1de: 02 00        	<unknown>
     1e0: 3b 03 00 00  	<unknown>
     1e4: 98 07        	<unknown>
     1e6: 00 80        	<unknown>
     1e8: 04 00        	<unknown>
     1ea: 00 00        	<unknown>
     1ec: 02 00        	<unknown>
     1ee: 02 00        	<unknown>
     1f0: 45 03        	<unknown>
     1f2: 00 00        	<unknown>
     1f4: 9c 07        	<unknown>
     1f6: 00 80        	<unknown>
     1f8: 00 00        	<unknown>
     1fa: 00 00        	<unknown>
     1fc: 00 00        	<unknown>
     1fe: 02 00        	<unknown>
     200: 84 03        	<unknown>
     202: 00 00        	<unknown>
     204: 9c 07        	<unknown>
     206: 00 80        	<unknown>
     208: 40 01        	<unknown>
     20a: 00 00        	<unknown>
     20c: 02 00        	<unknown>
     20e: 02 00        	<unknown>
     210: 8d 03        	<unknown>
     212: 00 00        	<unknown>
     214: dc 08        	<unknown>
     216: 00 80        	<unknown>
     218: 00 00        	<unknown>
     21a: 00 00        	<unknown>
     21c: 00 00        	<unknown>
     21e: 02 00        	<unknown>
     220: cc 03        	<unknown>
     222: 00 00        	<unknown>
     224: dc 08        	<unknown>
     226: 00 80        	<unknown>
     228: 8c 02        	<unknown>
     22a: 00 00        	<unknown>
     22c: 02 00        	<unknown>
     22e: 02 00        	<unknown>
     230: d9 03        	<unknown>
     232: 00 00        	<unknown>
     234: 68 0b        	<unknown>
     236: 00 80        	<unknown>
     238: 00 00        	<unknown>
     23a: 00 00        	<unknown>
     23c: 00 00        	<unknown>
     23e: 02 00        	<unknown>
     240: 18 04        	<unknown>
     242: 00 00        	<unknown>
     244: 68 0b        	<unknown>
     246: 00 80        	<unknown>
     248: 0c 00        	<unknown>
     24a: 00 00        	<unknown>
     24c: 02 00        	<unknown>
     24e: 02 00        	<unknown>
     250: 22 04        	<unknown>
     252: 00 00        	<unknown>
     254: 74 0b        	<unknown>
     256: 00 80        	<unknown>
     258: 00 00        	<unknown>
     25a: 00 00        	<unknown>
     25c: 00 00        	<unknown>
     25e: 02 00        	<unknown>
     260: 61 04        	<unknown>
     262: 00 00        	<unknown>
     264: 74 0b        	<unknown>
     266: 00 80        	<unknown>
     268: 0c 07        	<unknown>
     26a: 00 00        	<unknown>
     26c: 02 00        	<unknown>
     26e: 02 00        	<unknown>
     270: 67 04 00 00  	jalr	s0, zero <.symtab>
     274: 80 12        	<unknown>
     276: 00 80        	<unknown>
     278: 7c 07        	<unknown>
     27a: 00 00        	<unknown>
     27c: 02 00        	<unknown>
     27e: 02 00        	<unknown>
     280: 6d 04        	<unknown>
     282: 00 00        	<unknown>
     284: 80 12        	<unknown>
     286: 00 80        	<unknown>
     288: 00 00        	<unknown>
     28a: 00 00        	<unknown>
     28c: 00 00        	<unknown>
     28e: 02 00        	<unknown>
     290: ac 04        	<unknown>
     292: 00 00        	<unknown>
     294: d8 5f        	<unknown>
     296: 00 80        	<unknown>
     298: 50 00        	<unknown>
     29a: 00 00        	<unknown>
     29c: 01 00        	<unknown>
     29e: 03 00 b4 04  	lb	zero, 0x4b(s0)
     2a2: 00 00        	<unknown>
     2a4: fc 19        	<unknown>
     2a6: 00 80        	<unknown>
     2a8: 00 00        	<unknown>
     2aa: 00 00        	<unknown>
     2ac: 00 00        	<unknown>
     2ae: 02 00        	<unknown>
     2b0: f3 04 00 00  	<unknown>
     2b4: fc 19        	<unknown>
     2b6: 00 80        	<unknown>
     2b8: 10 0f        	<unknown>
     2ba: 00 00        	<unknown>
     2bc: 02 00        	<unknown>
     2be: 02 00        	<unknown>
     2c0: fe 04        	<unknown>
     2c2: 00 00        	<unknown>
     2c4: 0c 29        	<unknown>
     2c6: 00 80        	<unknown>
     2c8: 00 00        	<unknown>
     2ca: 00 00        	<unknown>
     2cc: 00 00        	<unknown>
     2ce: 02 00        	<unknown>
     2d0: 3d 05        	<unknown>
     2d2: 00 00        	<unknown>
     2d4: 3c 29        	<unknown>
     2d6: 00 80        	<unknown>
     2d8: 00 00        	<unknown>
     2da: 00 00        	<unknown>
     2dc: 00 00        	<unknown>
     2de: 02 00        	<unknown>
     2e0: 7c 05        	<unknown>
     2e2: 00 00        	<unknown>
     2e4: 70 29        	<unknown>
     2e6: 00 80        	<unknown>
     2e8: 00 00        	<unknown>
     2ea: 00 00        	<unknown>
     2ec: 00 00        	<unknown>
     2ee: 02 00        	<unknown>
     2f0: 87 05 00 00  	<unknown>
     2f4: 88 29        	<unknown>
     2f6: 00 80        	<unknown>
     2f8: 00 00        	<unknown>
     2fa: 00 00        	<unknown>
     2fc: 00 00        	<unknown>
     2fe: 02 00        	<unknown>
     300: 92 05        	<unknown>
		...
     30a: 00 00        	<unknown>
     30c: 04 00        	<unknown>
     30e: f1 ff        	<unknown>
     310: 98 05        	<unknown>
     312: 00 00        	<unknown>
     314: 13 00 00 00  	nop
     318: 00 00        	<unknown>
     31a: 00 00        	<unknown>
     31c: 00 00        	<unknown>
     31e: 0d 00        	<unknown>
     320: 9d 05        	<unknown>
		...
     32e: f1 ff        	<unknown>
     330: a2 05        	<unknown>
		...
     33a: 00 00        	<unknown>
     33c: 04 00        	<unknown>
     33e: f1 ff        	<unknown>
     340: b3 05 00 00  	add	a1, zero, zero
     344: 13 00 00 00  	nop
     348: 00 00        	<unknown>
     34a: 00 00        	<unknown>
     34c: 00 00        	<unknown>
     34e: 0d 00        	<unknown>
     350: b8 05        	<unknown>
		...
     35e: f1 ff        	<unknown>
     360: bd 05        	<unknown>
		...
     36a: 00 00        	<unknown>
     36c: 04 00        	<unknown>
     36e: f1 ff        	<unknown>
     370: cc 05        	<unknown>
     372: 00 00        	<unknown>
     374: 13 00 00 00  	nop
     378: 00 00        	<unknown>
     37a: 00 00        	<unknown>
     37c: 00 00        	<unknown>
     37e: 0d 00        	<unknown>
     380: d1 05        	<unknown>
		...
     38e: f1 ff        	<unknown>
     390: d6 05        	<unknown>
		...
     39a: 00 00        	<unknown>
     39c: 04 00        	<unknown>
     39e: f1 ff        	<unknown>
     3a0: e5 05        	<unknown>
     3a2: 00 00        	<unknown>
     3a4: 13 00 00 00  	nop
     3a8: 00 00        	<unknown>
     3aa: 00 00        	<unknown>
     3ac: 00 00        	<unknown>
     3ae: 0d 00        	<unknown>
     3b0: ea 05        	<unknown>
		...
     3be: f1 ff        	<unknown>
     3c0: ef 05 00 00  	jal	a1, 0x3c0 <.symtab+0x3c0>
		...
     3cc: 04 00        	<unknown>
     3ce: f1 ff        	<unknown>
     3d0: fe 05        	<unknown>
     3d2: 00 00        	<unknown>
     3d4: 13 00 00 00  	nop
     3d8: 00 00        	<unknown>
     3da: 00 00        	<unknown>
     3dc: 00 00        	<unknown>
     3de: 0d 00        	<unknown>
     3e0: 03 06 00 00  	lb	a2, 0x0(zero)
		...
     3ec: 00 00        	<unknown>
     3ee: f1 ff        	<unknown>
     3f0: 08 06        	<unknown>
		...
     3fa: 00 00        	<unknown>
     3fc: 04 00        	<unknown>
     3fe: f1 ff        	<unknown>
     400: 13 06 00 00  	li	a2, 0x0
     404: 13 00 00 00  	nop
     408: 00 00        	<unknown>
     40a: 00 00        	<unknown>
     40c: 00 00        	<unknown>
     40e: 0d 00        	<unknown>
     410: 18 06        	<unknown>
		...
     41e: f1 ff        	<unknown>
     420: 1d 06        	<unknown>
		...
     42a: 00 00        	<unknown>
     42c: 04 00        	<unknown>
     42e: f1 ff        	<unknown>
     430: 28 06        	<unknown>
     432: 00 00        	<unknown>
     434: 13 00 00 00  	nop
     438: 00 00        	<unknown>
     43a: 00 00        	<unknown>
     43c: 00 00        	<unknown>
     43e: 0d 00        	<unknown>
     440: 2d 06        	<unknown>
		...
     44e: f1 ff        	<unknown>
     450: 32 06        	<unknown>
		...
     45a: 00 00        	<unknown>
     45c: 04 00        	<unknown>
     45e: f1 ff        	<unknown>
     460: 39 06        	<unknown>
     462: 00 00        	<unknown>
     464: 13 00 00 00  	nop
     468: 00 00        	<unknown>
     46a: 00 00        	<unknown>
     46c: 00 00        	<unknown>
     46e: 0d 00        	<unknown>
     470: 3e 06        	<unknown>
		...
     47e: f1 ff        	<unknown>
     480: 43 06 00 00  	fmadd.s	fa2, ft0, ft0, ft0, rne
		...
     48c: 04 00        	<unknown>
     48e: f1 ff        	<unknown>
     490: 00 00        	<unknown>
     492: 00 00        	<unknown>
     494: b8 29        	<unknown>
     496: 00 80        	<unknown>
     498: 00 00        	<unknown>
     49a: 00 00        	<unknown>
     49c: 00 00        	<unknown>
     49e: 02 00        	<unknown>
     4a0: 4c 06        	<unknown>
     4a2: 00 00        	<unknown>
     4a4: b8 29        	<unknown>
     4a6: 00 80        	<unknown>
     4a8: 00 00        	<unknown>
     4aa: 00 00        	<unknown>
     4ac: 00 00        	<unknown>
     4ae: 02 00        	<unknown>
     4b0: 00 00        	<unknown>
     4b2: 00 00        	<unknown>
     4b4: f8 34        	<unknown>
     4b6: 00 80        	<unknown>
     4b8: 00 00        	<unknown>
     4ba: 00 00        	<unknown>
     4bc: 00 00        	<unknown>
     4be: 02 00        	<unknown>
     4c0: 51 06        	<unknown>
     4c2: 00 00        	<unknown>
     4c4: 13 00 00 00  	nop
     4c8: 00 00        	<unknown>
     4ca: 00 00        	<unknown>
     4cc: 00 00        	<unknown>
     4ce: 0d 00        	<unknown>
     4d0: 56 06        	<unknown>
		...
     4de: f1 ff        	<unknown>
     4e0: 5b 06 00 00  	<unknown>
     4e4: 34 60        	<unknown>
     4e6: 00 80        	<unknown>
     4e8: 00 00        	<unknown>
     4ea: 00 00        	<unknown>
     4ec: 00 00        	<unknown>
     4ee: 04 00        	<unknown>
     4f0: d5 0a        	<unknown>
     4f2: 00 00        	<unknown>
     4f4: b8 29        	<unknown>
     4f6: 00 80        	<unknown>
     4f8: 40 0b        	<unknown>
     4fa: 00 00        	<unknown>
     4fc: 02 02        	<unknown>
     4fe: 02 00        	<unknown>
     500: 60 06        	<unknown>
		...
     50a: 00 00        	<unknown>
     50c: 04 00        	<unknown>
     50e: f1 ff        	<unknown>
     510: 00 00        	<unknown>
     512: 00 00        	<unknown>
     514: f8 34        	<unknown>
     516: 00 80        	<unknown>
     518: 00 00        	<unknown>
     51a: 00 00        	<unknown>
     51c: 00 00        	<unknown>
     51e: 02 00        	<unknown>
     520: 6a 06        	<unknown>
     522: 00 00        	<unknown>
     524: f8 34        	<unknown>
     526: 00 80        	<unknown>
     528: 00 00        	<unknown>
     52a: 00 00        	<unknown>
     52c: 00 00        	<unknown>
     52e: 02 00        	<unknown>
     530: 00 00        	<unknown>
     532: 00 00        	<unknown>
     534: 2c 35        	<unknown>
     536: 00 80        	<unknown>
     538: 00 00        	<unknown>
     53a: 00 00        	<unknown>
     53c: 00 00        	<unknown>
     53e: 02 00        	<unknown>
     540: 00 00        	<unknown>
     542: 00 00        	<unknown>
     544: 2c 35        	<unknown>
     546: 00 80        	<unknown>
     548: 00 00        	<unknown>
     54a: 00 00        	<unknown>
     54c: 00 00        	<unknown>
     54e: 02 00        	<unknown>
     550: 6f 06 00 00  	jal	a2, 0x550 <.symtab+0x550>
     554: 2c 35        	<unknown>
     556: 00 80        	<unknown>
     558: 00 00        	<unknown>
     55a: 00 00        	<unknown>
     55c: 00 00        	<unknown>
     55e: 02 00        	<unknown>
     560: 74 06        	<unknown>
     562: 00 00        	<unknown>
     564: 28 60        	<unknown>
     566: 00 80        	<unknown>
     568: 00 00        	<unknown>
     56a: 00 00        	<unknown>
     56c: 00 00        	<unknown>
     56e: 03 00 79 06  	lb	zero, 0x67(s2)
     572: 00 00        	<unknown>
     574: 13 00 00 00  	nop
     578: 00 00        	<unknown>
     57a: 00 00        	<unknown>
     57c: 00 00        	<unknown>
     57e: 0d 00        	<unknown>
     580: 7e 06        	<unknown>
		...
     58e: f1 ff        	<unknown>
     590: 83 06 00 00  	lb	a3, 0x0(zero)
     594: 34 60        	<unknown>
     596: 00 80        	<unknown>
     598: 00 00        	<unknown>
     59a: 00 00        	<unknown>
     59c: 00 00        	<unknown>
     59e: 04 00        	<unknown>
     5a0: 7d 0b        	<unknown>
     5a2: 00 00        	<unknown>
     5a4: f8 34        	<unknown>
     5a6: 00 80        	<unknown>
     5a8: 34 00        	<unknown>
     5aa: 00 00        	<unknown>
     5ac: 02 02        	<unknown>
     5ae: 02 00        	<unknown>
     5b0: 8b 0b 00 00  	<unknown>
     5b4: 2c 35        	<unknown>
     5b6: 00 80        	<unknown>
     5b8: 0c 00        	<unknown>
     5ba: 00 00        	<unknown>
     5bc: 02 02        	<unknown>
     5be: 02 00        	<unknown>
     5c0: 88 06        	<unknown>
		...
     5ca: 00 00        	<unknown>
     5cc: 04 00        	<unknown>
     5ce: f1 ff        	<unknown>
     5d0: 00 00        	<unknown>
     5d2: 00 00        	<unknown>
     5d4: 38 35        	<unknown>
     5d6: 00 80        	<unknown>
     5d8: 00 00        	<unknown>
     5da: 00 00        	<unknown>
     5dc: 00 00        	<unknown>
     5de: 02 00        	<unknown>
     5e0: 95 06        	<unknown>
     5e2: 00 00        	<unknown>
     5e4: 38 35        	<unknown>
     5e6: 00 80        	<unknown>
     5e8: 00 00        	<unknown>
     5ea: 00 00        	<unknown>
     5ec: 00 00        	<unknown>
     5ee: 02 00        	<unknown>
     5f0: 00 00        	<unknown>
     5f2: 00 00        	<unknown>
     5f4: 30 36        	<unknown>
     5f6: 00 80        	<unknown>
     5f8: 00 00        	<unknown>
     5fa: 00 00        	<unknown>
     5fc: 00 00        	<unknown>
     5fe: 02 00        	<unknown>
     600: 00 00        	<unknown>
     602: 00 00        	<unknown>
     604: 30 36        	<unknown>
     606: 00 80        	<unknown>
     608: 00 00        	<unknown>
     60a: 00 00        	<unknown>
     60c: 00 00        	<unknown>
     60e: 02 00        	<unknown>
     610: 9a 06        	<unknown>
     612: 00 00        	<unknown>
     614: 30 36        	<unknown>
     616: 00 80        	<unknown>
     618: 00 00        	<unknown>
     61a: 00 00        	<unknown>
     61c: 00 00        	<unknown>
     61e: 02 00        	<unknown>
     620: 00 00        	<unknown>
     622: 00 00        	<unknown>
     624: 28 37        	<unknown>
     626: 00 80        	<unknown>
     628: 00 00        	<unknown>
     62a: 00 00        	<unknown>
     62c: 00 00        	<unknown>
     62e: 02 00        	<unknown>
     630: 9f 06 00 00  	<unknown>
     634: 13 00 00 00  	nop
     638: 00 00        	<unknown>
     63a: 00 00        	<unknown>
     63c: 00 00        	<unknown>
     63e: 0d 00        	<unknown>
     640: a4 06        	<unknown>
		...
     64e: f1 ff        	<unknown>
     650: a9 06        	<unknown>
     652: 00 00        	<unknown>
     654: 34 60        	<unknown>
     656: 00 80        	<unknown>
     658: 00 00        	<unknown>
     65a: 00 00        	<unknown>
     65c: 00 00        	<unknown>
     65e: 04 00        	<unknown>
     660: bd 0a        	<unknown>
     662: 00 00        	<unknown>
     664: 38 35        	<unknown>
     666: 00 80        	<unknown>
     668: f8 00        	<unknown>
     66a: 00 00        	<unknown>
     66c: 02 02        	<unknown>
     66e: 02 00        	<unknown>
     670: c5 0a        	<unknown>
     672: 00 00        	<unknown>
     674: 30 36        	<unknown>
     676: 00 80        	<unknown>
     678: f8 00        	<unknown>
     67a: 00 00        	<unknown>
     67c: 02 02        	<unknown>
     67e: 02 00        	<unknown>
     680: cd 0a        	<unknown>
     682: 00 00        	<unknown>
     684: 38 35        	<unknown>
     686: 00 80        	<unknown>
     688: f8 00        	<unknown>
     68a: 00 00        	<unknown>
     68c: 02 02        	<unknown>
     68e: 02 00        	<unknown>
     690: fa 0a        	<unknown>
     692: 00 00        	<unknown>
     694: 30 36        	<unknown>
     696: 00 80        	<unknown>
     698: f8 00        	<unknown>
     69a: 00 00        	<unknown>
     69c: 02 02        	<unknown>
     69e: 02 00        	<unknown>
     6a0: 67 0b 00 00  	jalr	s6, zero <.symtab>
     6a4: 38 35        	<unknown>
     6a6: 00 80        	<unknown>
     6a8: f8 00        	<unknown>
     6aa: 00 00        	<unknown>
     6ac: 02 02        	<unknown>
     6ae: 02 00        	<unknown>
     6b0: 9e 0b        	<unknown>
     6b2: 00 00        	<unknown>
     6b4: 38 35        	<unknown>
     6b6: 00 80        	<unknown>
     6b8: f8 00        	<unknown>
     6ba: 00 00        	<unknown>
     6bc: 02 02        	<unknown>
     6be: 02 00        	<unknown>
     6c0: a6 0b        	<unknown>
     6c2: 00 00        	<unknown>
     6c4: 38 35        	<unknown>
     6c6: 00 80        	<unknown>
     6c8: f8 00        	<unknown>
     6ca: 00 00        	<unknown>
     6cc: 02 02        	<unknown>
     6ce: 02 00        	<unknown>
     6d0: ae 06        	<unknown>
		...
     6da: 00 00        	<unknown>
     6dc: 04 00        	<unknown>
     6de: f1 ff        	<unknown>
     6e0: 00 00        	<unknown>
     6e2: 00 00        	<unknown>
     6e4: 28 37        	<unknown>
     6e6: 00 80        	<unknown>
     6e8: 00 00        	<unknown>
     6ea: 00 00        	<unknown>
     6ec: 00 00        	<unknown>
     6ee: 02 00        	<unknown>
     6f0: b7 06 00 00  	lui	a3, 0x0
     6f4: 28 37        	<unknown>
     6f6: 00 80        	<unknown>
     6f8: 00 00        	<unknown>
     6fa: 00 00        	<unknown>
     6fc: 00 00        	<unknown>
     6fe: 02 00        	<unknown>
     700: 00 00        	<unknown>
     702: 00 00        	<unknown>
     704: 24 41        	<unknown>
     706: 00 80        	<unknown>
     708: 00 00        	<unknown>
     70a: 00 00        	<unknown>
     70c: 00 00        	<unknown>
     70e: 02 00        	<unknown>
     710: bc 06        	<unknown>
     712: 00 00        	<unknown>
     714: 13 00 00 00  	nop
     718: 00 00        	<unknown>
     71a: 00 00        	<unknown>
     71c: 00 00        	<unknown>
     71e: 0d 00        	<unknown>
     720: c1 06        	<unknown>
		...
     72e: f1 ff        	<unknown>
     730: c6 06        	<unknown>
     732: 00 00        	<unknown>
     734: 34 60        	<unknown>
     736: 00 80        	<unknown>
     738: 00 00        	<unknown>
     73a: 00 00        	<unknown>
     73c: 00 00        	<unknown>
     73e: 04 00        	<unknown>
     740: f1 0a        	<unknown>
     742: 00 00        	<unknown>
     744: 28 37        	<unknown>
     746: 00 80        	<unknown>
     748: fc 09        	<unknown>
     74a: 00 00        	<unknown>
     74c: 02 02        	<unknown>
     74e: 02 00        	<unknown>
     750: cb 06 00 00  	fnmsub.s	fa3, ft0, ft0, ft0, rne
		...
     75c: 04 00        	<unknown>
     75e: f1 ff        	<unknown>
     760: d9 06        	<unknown>
     762: 00 00        	<unknown>
     764: 13 00 00 00  	nop
     768: 00 00        	<unknown>
     76a: 00 00        	<unknown>
     76c: 00 00        	<unknown>
     76e: 0d 00        	<unknown>
     770: de 06        	<unknown>
		...
     77e: f1 ff        	<unknown>
     780: e3 06 00 00  	beqz	zero, 0xf8c <.symtab+0xf8c>
     784: 34 60        	<unknown>
     786: 00 80        	<unknown>
     788: 00 00        	<unknown>
     78a: 00 00        	<unknown>
     78c: 00 00        	<unknown>
     78e: 04 00        	<unknown>
     790: e8 06        	<unknown>
		...
     79a: 00 00        	<unknown>
     79c: 04 00        	<unknown>
     79e: f1 ff        	<unknown>
     7a0: 00 00        	<unknown>
     7a2: 00 00        	<unknown>
     7a4: 24 41        	<unknown>
     7a6: 00 80        	<unknown>
     7a8: 00 00        	<unknown>
     7aa: 00 00        	<unknown>
     7ac: 00 00        	<unknown>
     7ae: 02 00        	<unknown>
     7b0: f2 06        	<unknown>
     7b2: 00 00        	<unknown>
     7b4: 24 41        	<unknown>
     7b6: 00 80        	<unknown>
     7b8: 00 00        	<unknown>
     7ba: 00 00        	<unknown>
     7bc: 00 00        	<unknown>
     7be: 02 00        	<unknown>
     7c0: 00 00        	<unknown>
     7c2: 00 00        	<unknown>
     7c4: f8 41        	<unknown>
     7c6: 00 80        	<unknown>
     7c8: 00 00        	<unknown>
     7ca: 00 00        	<unknown>
     7cc: 00 00        	<unknown>
     7ce: 02 00        	<unknown>
     7d0: f7 06 00 00  	<unknown>
     7d4: 13 00 00 00  	nop
     7d8: 00 00        	<unknown>
     7da: 00 00        	<unknown>
     7dc: 00 00        	<unknown>
     7de: 0d 00        	<unknown>
     7e0: fc 06        	<unknown>
		...
     7ee: f1 ff        	<unknown>
     7f0: 01 07        	<unknown>
     7f2: 00 00        	<unknown>
     7f4: 34 60        	<unknown>
     7f6: 00 80        	<unknown>
     7f8: 00 00        	<unknown>
     7fa: 00 00        	<unknown>
     7fc: 00 00        	<unknown>
     7fe: 04 00        	<unknown>
     800: e7 0a 00 00  	jalr	s5, zero <.symtab>
     804: 24 41        	<unknown>
     806: 00 80        	<unknown>
     808: d4 00        	<unknown>
     80a: 00 00        	<unknown>
     80c: 02 02        	<unknown>
     80e: 02 00        	<unknown>
     810: 06 07        	<unknown>
		...
     81a: 00 00        	<unknown>
     81c: 04 00        	<unknown>
     81e: f1 ff        	<unknown>
     820: 00 00        	<unknown>
     822: 00 00        	<unknown>
     824: f8 41        	<unknown>
     826: 00 80        	<unknown>
     828: 00 00        	<unknown>
     82a: 00 00        	<unknown>
     82c: 00 00        	<unknown>
     82e: 02 00        	<unknown>
     830: 13 07 00 00  	li	a4, 0x0
     834: f8 41        	<unknown>
     836: 00 80        	<unknown>
     838: 00 00        	<unknown>
     83a: 00 00        	<unknown>
     83c: 00 00        	<unknown>
     83e: 02 00        	<unknown>
     840: 00 00        	<unknown>
     842: 00 00        	<unknown>
     844: 98 42        	<unknown>
     846: 00 80        	<unknown>
     848: 00 00        	<unknown>
     84a: 00 00        	<unknown>
     84c: 00 00        	<unknown>
     84e: 02 00        	<unknown>
     850: 18 07        	<unknown>
     852: 00 00        	<unknown>
     854: 13 00 00 00  	nop
     858: 00 00        	<unknown>
     85a: 00 00        	<unknown>
     85c: 00 00        	<unknown>
     85e: 0d 00        	<unknown>
     860: 1d 07        	<unknown>
		...
     86e: f1 ff        	<unknown>
     870: 22 07        	<unknown>
     872: 00 00        	<unknown>
     874: 34 60        	<unknown>
     876: 00 80        	<unknown>
     878: 00 00        	<unknown>
     87a: 00 00        	<unknown>
     87c: 00 00        	<unknown>
     87e: 04 00        	<unknown>
     880: 02 0b        	<unknown>
     882: 00 00        	<unknown>
     884: f8 41        	<unknown>
     886: 00 80        	<unknown>
     888: a0 00        	<unknown>
     88a: 00 00        	<unknown>
     88c: 02 02        	<unknown>
     88e: 02 00        	<unknown>
     890: 27 07 00 00  	<unknown>
		...
     89c: 04 00        	<unknown>
     89e: f1 ff        	<unknown>
     8a0: 00 00        	<unknown>
     8a2: 00 00        	<unknown>
     8a4: 98 42        	<unknown>
     8a6: 00 80        	<unknown>
     8a8: 00 00        	<unknown>
     8aa: 00 00        	<unknown>
     8ac: 00 00        	<unknown>
     8ae: 02 00        	<unknown>
     8b0: 33 07 00 00  	add	a4, zero, zero
     8b4: 98 42        	<unknown>
     8b6: 00 80        	<unknown>
     8b8: 00 00        	<unknown>
     8ba: 00 00        	<unknown>
     8bc: 00 00        	<unknown>
     8be: 02 00        	<unknown>
     8c0: 00 00        	<unknown>
     8c2: 00 00        	<unknown>
     8c4: 9c 43        	<unknown>
     8c6: 00 80        	<unknown>
     8c8: 00 00        	<unknown>
     8ca: 00 00        	<unknown>
     8cc: 00 00        	<unknown>
     8ce: 02 00        	<unknown>
     8d0: 38 07        	<unknown>
     8d2: 00 00        	<unknown>
     8d4: 13 00 00 00  	nop
     8d8: 00 00        	<unknown>
     8da: 00 00        	<unknown>
     8dc: 00 00        	<unknown>
     8de: 0d 00        	<unknown>
     8e0: 3d 07        	<unknown>
		...
     8ee: f1 ff        	<unknown>
     8f0: 42 07        	<unknown>
     8f2: 00 00        	<unknown>
     8f4: 34 60        	<unknown>
     8f6: 00 80        	<unknown>
     8f8: 00 00        	<unknown>
     8fa: 00 00        	<unknown>
     8fc: 00 00        	<unknown>
     8fe: 04 00        	<unknown>
     900: a8 0a        	<unknown>
     902: 00 00        	<unknown>
     904: 98 42        	<unknown>
     906: 00 80        	<unknown>
     908: 04 01        	<unknown>
     90a: 00 00        	<unknown>
     90c: 02 02        	<unknown>
     90e: 02 00        	<unknown>
     910: 47 07 00 00  	fmsub.s	fa4, ft0, ft0, ft0, rne
		...
     91c: 04 00        	<unknown>
     91e: f1 ff        	<unknown>
     920: 00 00        	<unknown>
     922: 00 00        	<unknown>
     924: 9c 43        	<unknown>
     926: 00 80        	<unknown>
     928: 00 00        	<unknown>
     92a: 00 00        	<unknown>
     92c: 00 00        	<unknown>
     92e: 02 00        	<unknown>
     930: 55 07        	<unknown>
     932: 00 00        	<unknown>
     934: 9c 43        	<unknown>
     936: 00 80        	<unknown>
     938: 00 00        	<unknown>
     93a: 00 00        	<unknown>
     93c: 00 00        	<unknown>
     93e: 02 00        	<unknown>
     940: 00 00        	<unknown>
     942: 00 00        	<unknown>
     944: 88 44        	<unknown>
     946: 00 80        	<unknown>
     948: 00 00        	<unknown>
     94a: 00 00        	<unknown>
     94c: 00 00        	<unknown>
     94e: 02 00        	<unknown>
     950: 5a 07        	<unknown>
     952: 00 00        	<unknown>
     954: 13 00 00 00  	nop
     958: 00 00        	<unknown>
     95a: 00 00        	<unknown>
     95c: 00 00        	<unknown>
     95e: 0d 00        	<unknown>
     960: 5f 07 00 00  	<unknown>
		...
     96c: 00 00        	<unknown>
     96e: f1 ff        	<unknown>
     970: 64 07        	<unknown>
     972: 00 00        	<unknown>
     974: 34 60        	<unknown>
     976: 00 80        	<unknown>
     978: 00 00        	<unknown>
     97a: 00 00        	<unknown>
     97c: 00 00        	<unknown>
     97e: 04 00        	<unknown>
     980: 0f 0b 00 00  	<unknown>
     984: 9c 43        	<unknown>
     986: 00 80        	<unknown>
     988: ec 00        	<unknown>
     98a: 00 00        	<unknown>
     98c: 02 02        	<unknown>
     98e: 02 00        	<unknown>
     990: 69 07        	<unknown>
		...
     99a: 00 00        	<unknown>
     99c: 04 00        	<unknown>
     99e: f1 ff        	<unknown>
     9a0: 00 00        	<unknown>
     9a2: 00 00        	<unknown>
     9a4: 88 44        	<unknown>
     9a6: 00 80        	<unknown>
     9a8: 00 00        	<unknown>
     9aa: 00 00        	<unknown>
     9ac: 00 00        	<unknown>
     9ae: 02 00        	<unknown>
     9b0: 72 07        	<unknown>
     9b2: 00 00        	<unknown>
     9b4: 88 44        	<unknown>
     9b6: 00 80        	<unknown>
     9b8: 00 00        	<unknown>
     9ba: 00 00        	<unknown>
     9bc: 00 00        	<unknown>
     9be: 02 00        	<unknown>
     9c0: 00 00        	<unknown>
     9c2: 00 00        	<unknown>
     9c4: 74 4d        	<unknown>
     9c6: 00 80        	<unknown>
     9c8: 00 00        	<unknown>
     9ca: 00 00        	<unknown>
     9cc: 00 00        	<unknown>
     9ce: 02 00        	<unknown>
     9d0: 77 07 00 00  	<unknown>
     9d4: 13 00 00 00  	nop
     9d8: 00 00        	<unknown>
     9da: 00 00        	<unknown>
     9dc: 00 00        	<unknown>
     9de: 0d 00        	<unknown>
     9e0: 7c 07        	<unknown>
		...
     9ee: f1 ff        	<unknown>
     9f0: 81 07        	<unknown>
     9f2: 00 00        	<unknown>
     9f4: 34 60        	<unknown>
     9f6: 00 80        	<unknown>
     9f8: 00 00        	<unknown>
     9fa: 00 00        	<unknown>
     9fc: 00 00        	<unknown>
     9fe: 04 00        	<unknown>
     a00: b4 0a        	<unknown>
     a02: 00 00        	<unknown>
     a04: 88 44        	<unknown>
     a06: 00 80        	<unknown>
     a08: ec 08        	<unknown>
     a0a: 00 00        	<unknown>
     a0c: 02 02        	<unknown>
     a0e: 02 00        	<unknown>
     a10: 86 07        	<unknown>
		...
     a1a: 00 00        	<unknown>
     a1c: 04 00        	<unknown>
     a1e: f1 ff        	<unknown>
     a20: 00 00        	<unknown>
     a22: 00 00        	<unknown>
     a24: 74 4d        	<unknown>
     a26: 00 80        	<unknown>
     a28: 00 00        	<unknown>
     a2a: 00 00        	<unknown>
     a2c: 00 00        	<unknown>
     a2e: 02 00        	<unknown>
     a30: 8f 07 00 00  	<unknown>
     a34: 74 4d        	<unknown>
     a36: 00 80        	<unknown>
     a38: 00 00        	<unknown>
     a3a: 00 00        	<unknown>
     a3c: 00 00        	<unknown>
     a3e: 02 00        	<unknown>
     a40: 00 00        	<unknown>
     a42: 00 00        	<unknown>
     a44: 80 4d        	<unknown>
     a46: 00 80        	<unknown>
     a48: 00 00        	<unknown>
     a4a: 00 00        	<unknown>
     a4c: 00 00        	<unknown>
     a4e: 02 00        	<unknown>
     a50: 94 07        	<unknown>
     a52: 00 00        	<unknown>
     a54: 13 00 00 00  	nop
     a58: 00 00        	<unknown>
     a5a: 00 00        	<unknown>
     a5c: 00 00        	<unknown>
     a5e: 0d 00        	<unknown>
     a60: 99 07        	<unknown>
		...
     a6e: f1 ff        	<unknown>
     a70: 9e 07        	<unknown>
     a72: 00 00        	<unknown>
     a74: 34 60        	<unknown>
     a76: 00 80        	<unknown>
     a78: 00 00        	<unknown>
     a7a: 00 00        	<unknown>
     a7c: 00 00        	<unknown>
     a7e: 04 00        	<unknown>
     a80: de 0a        	<unknown>
     a82: 00 00        	<unknown>
     a84: 74 4d        	<unknown>
     a86: 00 80        	<unknown>
     a88: 0c 00        	<unknown>
     a8a: 00 00        	<unknown>
     a8c: 02 02        	<unknown>
     a8e: 02 00        	<unknown>
     a90: a3 07 00 00  	sb	zero, 0xf(zero)
		...
     a9c: 04 00        	<unknown>
     a9e: f1 ff        	<unknown>
     aa0: b0 07        	<unknown>
     aa2: 00 00        	<unknown>
     aa4: 13 00 00 00  	nop
     aa8: 00 00        	<unknown>
     aaa: 00 00        	<unknown>
     aac: 00 00        	<unknown>
     aae: 0d 00        	<unknown>
     ab0: b5 07        	<unknown>
		...
     abe: f1 ff        	<unknown>
     ac0: ba 07        	<unknown>
     ac2: 00 00        	<unknown>
     ac4: 34 60        	<unknown>
     ac6: 00 80        	<unknown>
     ac8: 00 00        	<unknown>
     aca: 00 00        	<unknown>
     acc: 00 00        	<unknown>
     ace: 04 00        	<unknown>
     ad0: bf 07 00 00  	<unknown>
		...
     adc: 04 00        	<unknown>
     ade: f1 ff        	<unknown>
     ae0: 00 00        	<unknown>
     ae2: 00 00        	<unknown>
     ae4: 80 4d        	<unknown>
     ae6: 00 80        	<unknown>
     ae8: 00 00        	<unknown>
     aea: 00 00        	<unknown>
     aec: 00 00        	<unknown>
     aee: 02 00        	<unknown>
     af0: c9 07        	<unknown>
     af2: 00 00        	<unknown>
     af4: 80 4d        	<unknown>
     af6: 00 80        	<unknown>
     af8: 00 00        	<unknown>
     afa: 00 00        	<unknown>
     afc: 00 00        	<unknown>
     afe: 02 00        	<unknown>
     b00: 00 00        	<unknown>
     b02: 00 00        	<unknown>
     b04: ac 4f        	<unknown>
     b06: 00 80        	<unknown>
     b08: 00 00        	<unknown>
     b0a: 00 00        	<unknown>
     b0c: 00 00        	<unknown>
     b0e: 02 00        	<unknown>
     b10: 00 00        	<unknown>
     b12: 00 00        	<unknown>
     b14: e4 50        	<unknown>
     b16: 00 80        	<unknown>
     b18: 00 00        	<unknown>
     b1a: 00 00        	<unknown>
     b1c: 00 00        	<unknown>
     b1e: 02 00        	<unknown>
     b20: ce 07        	<unknown>
     b22: 00 00        	<unknown>
     b24: 13 00 00 00  	nop
     b28: 00 00        	<unknown>
     b2a: 00 00        	<unknown>
     b2c: 00 00        	<unknown>
     b2e: 0d 00        	<unknown>
     b30: d3 07 00 00  	fadd.s	fa5, ft0, ft0, rne
		...
     b3c: 00 00        	<unknown>
     b3e: f1 ff        	<unknown>
     b40: d8 07        	<unknown>
     b42: 00 00        	<unknown>
     b44: 34 60        	<unknown>
     b46: 00 80        	<unknown>
     b48: 00 00        	<unknown>
     b4a: 00 00        	<unknown>
     b4c: 00 00        	<unknown>
     b4e: 04 00        	<unknown>
     b50: 27 0b 00 00  	<unknown>
     b54: 80 4d        	<unknown>
     b56: 00 80        	<unknown>
     b58: 64 03        	<unknown>
     b5a: 00 00        	<unknown>
     b5c: 02 02        	<unknown>
     b5e: 02 00        	<unknown>
     b60: dd 07        	<unknown>
		...
     b6a: 00 00        	<unknown>
     b6c: 04 00        	<unknown>
     b6e: f1 ff        	<unknown>
     b70: 00 00        	<unknown>
     b72: 00 00        	<unknown>
     b74: e4 50        	<unknown>
     b76: 00 80        	<unknown>
     b78: 00 00        	<unknown>
     b7a: 00 00        	<unknown>
     b7c: 00 00        	<unknown>
     b7e: 02 00        	<unknown>
     b80: e7 07 00 00  	jalr	a5, zero <.symtab>
     b84: e4 50        	<unknown>
     b86: 00 80        	<unknown>
     b88: 00 00        	<unknown>
     b8a: 00 00        	<unknown>
     b8c: 00 00        	<unknown>
     b8e: 02 00        	<unknown>
     b90: 00 00        	<unknown>
     b92: 00 00        	<unknown>
     b94: 10 53        	<unknown>
     b96: 00 80        	<unknown>
     b98: 00 00        	<unknown>
     b9a: 00 00        	<unknown>
     b9c: 00 00        	<unknown>
     b9e: 02 00        	<unknown>
     ba0: 00 00        	<unknown>
     ba2: 00 00        	<unknown>
     ba4: 2c 54        	<unknown>
     ba6: 00 80        	<unknown>
     ba8: 00 00        	<unknown>
     baa: 00 00        	<unknown>
     bac: 00 00        	<unknown>
     bae: 02 00        	<unknown>
     bb0: ec 07        	<unknown>
     bb2: 00 00        	<unknown>
     bb4: 13 00 00 00  	nop
     bb8: 00 00        	<unknown>
     bba: 00 00        	<unknown>
     bbc: 00 00        	<unknown>
     bbe: 0d 00        	<unknown>
     bc0: f1 07        	<unknown>
		...
     bce: f1 ff        	<unknown>
     bd0: f6 07        	<unknown>
     bd2: 00 00        	<unknown>
     bd4: 34 60        	<unknown>
     bd6: 00 80        	<unknown>
     bd8: 00 00        	<unknown>
     bda: 00 00        	<unknown>
     bdc: 00 00        	<unknown>
     bde: 04 00        	<unknown>
     be0: 1d 0b        	<unknown>
     be2: 00 00        	<unknown>
     be4: e4 50        	<unknown>
     be6: 00 80        	<unknown>
     be8: 48 03        	<unknown>
     bea: 00 00        	<unknown>
     bec: 02 02        	<unknown>
     bee: 02 00        	<unknown>
     bf0: fb 07 00 00  	<unknown>
     bf4: 00 00        	<unknown>
     bf6: 00 80        	<unknown>
     bf8: 00 00        	<unknown>
     bfa: 00 00        	<unknown>
     bfc: 00 00        	<unknown>
     bfe: 01 00        	<unknown>
     c00: 3a 08        	<unknown>
     c02: 00 00        	<unknown>
     c04: 74 54        	<unknown>
     c06: 00 80        	<unknown>
     c08: 00 00        	<unknown>
     c0a: 00 00        	<unknown>
     c0c: 02 00        	<unknown>
     c0e: 02 00        	<unknown>
     c10: 48 08        	<unknown>
     c12: 00 00        	<unknown>
     c14: 40 54        	<unknown>
     c16: 00 80        	<unknown>
     c18: 00 00        	<unknown>
     c1a: 00 00        	<unknown>
     c1c: 02 00        	<unknown>
     c1e: 02 00        	<unknown>
     c20: 52 08        	<unknown>
     c22: 00 00        	<unknown>
     c24: 88 54        	<unknown>
     c26: 00 80        	<unknown>
     c28: 00 00        	<unknown>
     c2a: 00 00        	<unknown>
     c2c: 02 00        	<unknown>
     c2e: 02 00        	<unknown>
     c30: 5f 08 00 00  	<unknown>
     c34: 2c 54        	<unknown>
     c36: 00 80        	<unknown>
     c38: 00 00        	<unknown>
     c3a: 00 00        	<unknown>
     c3c: 00 00        	<unknown>
     c3e: 02 00        	<unknown>
     c40: 9e 08        	<unknown>
		...
     c4a: 00 00        	<unknown>
     c4c: 04 00        	<unknown>
     c4e: f1 ff        	<unknown>
     c50: ac 08        	<unknown>
     c52: 00 00        	<unknown>
     c54: 9c 54        	<unknown>
     c56: 00 80        	<unknown>
     c58: 00 00        	<unknown>
     c5a: 00 00        	<unknown>
     c5c: 00 00        	<unknown>
     c5e: 02 00        	<unknown>
     c60: eb 08 00 00  	<unknown>
     c64: ec 54        	<unknown>
     c66: 00 80        	<unknown>
     c68: 00 00        	<unknown>
     c6a: 00 00        	<unknown>
     c6c: 00 00        	<unknown>
     c6e: 02 00        	<unknown>
     c70: 2e 0a        	<unknown>
     c72: 00 00        	<unknown>
     c74: ec 54        	<unknown>
     c76: 00 80        	<unknown>
     c78: 04 00        	<unknown>
     c7a: 00 00        	<unknown>
     c7c: 02 02        	<unknown>
     c7e: 02 00        	<unknown>
     c80: 2a 09        	<unknown>
		...
     c8a: 00 00        	<unknown>
     c8c: 04 00        	<unknown>
     c8e: f1 ff        	<unknown>
     c90: 33 09 00 00  	add	s2, zero, zero
     c94: f0 54        	<unknown>
     c96: 00 80        	<unknown>
     c98: 00 00        	<unknown>
     c9a: 00 00        	<unknown>
     c9c: 00 00        	<unknown>
     c9e: 02 00        	<unknown>
     ca0: 38 09        	<unknown>
     ca2: 00 00        	<unknown>
     ca4: 13 00 00 00  	nop
     ca8: 00 00        	<unknown>
     caa: 00 00        	<unknown>
     cac: 00 00        	<unknown>
     cae: 0d 00        	<unknown>
     cb0: 3d 09        	<unknown>
		...
     cbe: f1 ff        	<unknown>
     cc0: 42 09        	<unknown>
		...
     cca: 00 00        	<unknown>
     ccc: 04 00        	<unknown>
     cce: f1 ff        	<unknown>
     cd0: 4b 09 00 00  	fnmsub.s	fs2, ft0, ft0, ft0, rne
     cd4: 2c 5a        	<unknown>
     cd6: 00 80        	<unknown>
     cd8: 00 00        	<unknown>
     cda: 00 00        	<unknown>
     cdc: 00 00        	<unknown>
     cde: 02 00        	<unknown>
     ce0: 50 09        	<unknown>
     ce2: 00 00        	<unknown>
     ce4: 13 00 00 00  	nop
     ce8: 00 00        	<unknown>
     cea: 00 00        	<unknown>
     cec: 00 00        	<unknown>
     cee: 0d 00        	<unknown>
     cf0: 55 09        	<unknown>
		...
     cfe: f1 ff        	<unknown>
     d00: 5a 09        	<unknown>
		...
     d0a: 00 00        	<unknown>
     d0c: 04 00        	<unknown>
     d0e: f1 ff        	<unknown>
     d10: 61 09        	<unknown>
     d12: 00 00        	<unknown>
     d14: a0 5b        	<unknown>
     d16: 00 80        	<unknown>
     d18: 04 00        	<unknown>
     d1a: 00 00        	<unknown>
     d1c: 02 00        	<unknown>
     d1e: 02 00        	<unknown>
     d20: 67 09 00 00  	jalr	s2, zero <.symtab>
     d24: a0 5b        	<unknown>
     d26: 00 80        	<unknown>
     d28: 00 00        	<unknown>
     d2a: 00 00        	<unknown>
     d2c: 00 00        	<unknown>
     d2e: 02 00        	<unknown>
     d30: 6c 09        	<unknown>
     d32: 00 00        	<unknown>
     d34: a4 5b        	<unknown>
     d36: 00 80        	<unknown>
     d38: 4c 00        	<unknown>
     d3a: 00 00        	<unknown>
     d3c: 02 00        	<unknown>
     d3e: 02 00        	<unknown>
     d40: 7b 09 00 00  	<unknown>
     d44: a4 5b        	<unknown>
     d46: 00 80        	<unknown>
     d48: 00 00        	<unknown>
     d4a: 00 00        	<unknown>
     d4c: 00 00        	<unknown>
     d4e: 02 00        	<unknown>
     d50: 80 09        	<unknown>
     d52: 00 00        	<unknown>
     d54: 50 00        	<unknown>
     d56: 00 80        	<unknown>
     d58: 00 00        	<unknown>
     d5a: 00 00        	<unknown>
     d5c: 00 00        	<unknown>
     d5e: 02 00        	<unknown>
     d60: 85 09        	<unknown>
     d62: 00 00        	<unknown>
     d64: 13 00 00 00  	nop
     d68: 00 00        	<unknown>
     d6a: 00 00        	<unknown>
     d6c: 00 00        	<unknown>
     d6e: 0d 00        	<unknown>
     d70: 8a 09        	<unknown>
		...
     d7e: f1 ff        	<unknown>
     d80: 49 0b        	<unknown>
     d82: 00 00        	<unknown>
     d84: a4 5b        	<unknown>
     d86: 00 80        	<unknown>
     d88: 4c 00        	<unknown>
     d8a: 00 00        	<unknown>
     d8c: 02 02        	<unknown>
     d8e: 02 00        	<unknown>
     d90: 8f 09 00 00  	<unknown>
		...
     d9c: 04 00        	<unknown>
     d9e: f1 ff        	<unknown>
     da0: 99 09        	<unknown>
     da2: 00 00        	<unknown>
     da4: f0 5b        	<unknown>
     da6: 00 80        	<unknown>
     da8: 00 00        	<unknown>
     daa: 00 00        	<unknown>
     dac: 00 00        	<unknown>
     dae: 02 00        	<unknown>
     db0: bc 0b        	<unknown>
     db2: 00 00        	<unknown>
     db4: 00 70        	<unknown>
     db6: 00 80        	<unknown>
     db8: 00 00        	<unknown>
     dba: 00 00        	<unknown>
     dbc: 00 02        	<unknown>
     dbe: 06 00        	<unknown>
     dc0: c9 0b        	<unknown>
     dc2: 00 00        	<unknown>
     dc4: 00 70        	<unknown>
     dc6: 00 80        	<unknown>
     dc8: 00 00        	<unknown>
     dca: 00 00        	<unknown>
     dcc: 00 02        	<unknown>
     dce: 05 00        	<unknown>
     dd0: 31 0c        	<unknown>
		...
     dda: 00 00        	<unknown>
     ddc: 00 02        	<unknown>
     dde: f1 ff        	<unknown>
     de0: 3f 0c 00 00  	<unknown>
     de4: 00 70        	<unknown>
     de6: 00 80        	<unknown>
     de8: 00 00        	<unknown>
     dea: 00 00        	<unknown>
     dec: 00 02        	<unknown>
     dee: 07 00 50 0c  	<unknown>
     df2: 00 00        	<unknown>
     df4: 00 70        	<unknown>
     df6: 00 80        	<unknown>
     df8: 00 00        	<unknown>
     dfa: 00 00        	<unknown>
     dfc: 00 02        	<unknown>
     dfe: 07 00 d8 09  	<unknown>
     e02: 00 00        	<unknown>
     e04: 74 00        	<unknown>
     e06: 00 80        	<unknown>
     e08: 44 00        	<unknown>
     e0a: 00 00        	<unknown>
     e0c: 12 00        	<unknown>
     e0e: 02 00        	<unknown>
     e10: f7 09 00 00  	<unknown>
     e14: 10 00        	<unknown>
     e16: 00 00        	<unknown>
     e18: 0c 00        	<unknown>
     e1a: 00 00        	<unknown>
     e1c: 16 00        	<unknown>
     e1e: 06 00        	<unknown>
     e20: 00 0a        	<unknown>
     e22: 00 00        	<unknown>
     e24: b8 00        	<unknown>
     e26: 00 80        	<unknown>
     e28: 1c 00        	<unknown>
     e2a: 00 00        	<unknown>
     e2c: 12 00        	<unknown>
     e2e: 02 00        	<unknown>
     e30: 05 0a        	<unknown>
     e32: 00 00        	<unknown>
     e34: b4 03        	<unknown>
     e36: 00 80        	<unknown>
     e38: 38 03        	<unknown>
     e3a: 00 00        	<unknown>
     e3c: 12 00        	<unknown>
     e3e: 02 00        	<unknown>
     e40: 16 0a        	<unknown>
     e42: 00 00        	<unknown>
     e44: 00 00        	<unknown>
     e46: 00 80        	<unknown>
     e48: 50 00        	<unknown>
     e4a: 00 00        	<unknown>
     e4c: 12 00        	<unknown>
     e4e: 01 00        	<unknown>
     e50: 1d 0a        	<unknown>
     e52: 00 00        	<unknown>
     e54: 2c 54        	<unknown>
     e56: 00 80        	<unknown>
     e58: 00 00        	<unknown>
     e5a: 00 00        	<unknown>
     e5c: 12 00        	<unknown>
     e5e: 02 00        	<unknown>
     e60: 23 0a 00 00  	sb	zero, 0x14(zero)
     e64: 9c 54        	<unknown>
     e66: 00 80        	<unknown>
     e68: 50 00        	<unknown>
     e6a: 00 00        	<unknown>
     e6c: 12 00        	<unknown>
     e6e: 02 00        	<unknown>
     e70: 3e 0a        	<unknown>
     e72: 00 00        	<unknown>
     e74: 80 07        	<unknown>
     e76: 00 80        	<unknown>
     e78: 00 00        	<unknown>
     e7a: 00 00        	<unknown>
     e7c: 12 00        	<unknown>
     e7e: 02 00        	<unknown>
     e80: 49 0a        	<unknown>
     e82: 00 00        	<unknown>
     e84: 0c 29        	<unknown>
     e86: 00 80        	<unknown>
     e88: 30 00        	<unknown>
     e8a: 00 00        	<unknown>
     e8c: 12 00        	<unknown>
     e8e: 02 00        	<unknown>
     e90: 56 0a        	<unknown>
     e92: 00 00        	<unknown>
     e94: 20 07        	<unknown>
     e96: 00 80        	<unknown>
     e98: 60 00        	<unknown>
     e9a: 00 00        	<unknown>
     e9c: 12 00        	<unknown>
     e9e: 02 00        	<unknown>
     ea0: 60 0a        	<unknown>
     ea2: 00 00        	<unknown>
     ea4: d0 70        	<unknown>
     ea6: 00 80        	<unknown>
     ea8: 0c 00        	<unknown>
     eaa: 00 00        	<unknown>
     eac: 11 00        	<unknown>
     eae: 0c 00        	<unknown>
     eb0: 68 0a        	<unknown>
     eb2: 00 00        	<unknown>
     eb4: c4 70        	<unknown>
     eb6: 00 80        	<unknown>
     eb8: 0c 00        	<unknown>
     eba: 00 00        	<unknown>
     ebc: 11 00        	<unknown>
     ebe: 0c 00        	<unknown>
     ec0: 71 0a        	<unknown>
     ec2: 00 00        	<unknown>
     ec4: 00 00        	<unknown>
     ec6: 00 00        	<unknown>
     ec8: 04 00        	<unknown>
     eca: 00 00        	<unknown>
     ecc: 16 00        	<unknown>
     ece: 06 00        	<unknown>
     ed0: 82 0a        	<unknown>
     ed2: 00 00        	<unknown>
     ed4: 04 00        	<unknown>
     ed6: 00 00        	<unknown>
     ed8: 0c 00        	<unknown>
     eda: 00 00        	<unknown>
     edc: 16 00        	<unknown>
     ede: 06 00        	<unknown>
     ee0: 8c 0a        	<unknown>
     ee2: 00 00        	<unknown>
     ee4: c0 70        	<unknown>
     ee6: 00 80        	<unknown>
     ee8: 04 00        	<unknown>
     eea: 00 00        	<unknown>
     eec: 11 00        	<unknown>
     eee: 0b 00 9e 0a  	<unknown>
     ef2: 00 00        	<unknown>
     ef4: 3c 29        	<unknown>
     ef6: 00 80        	<unknown>
     ef8: 00 00        	<unknown>
     efa: 00 00        	<unknown>
     efc: 12 00        	<unknown>
     efe: 02 00        	<unknown>
     f00: 31 0b        	<unknown>
     f02: 00 00        	<unknown>
     f04: f0 5b        	<unknown>
     f06: 00 80        	<unknown>
     f08: fc 01        	<unknown>
     f0a: 00 00        	<unknown>
     f0c: 12 00        	<unknown>
     f0e: 02 00        	<unknown>
     f10: 3e 0b        	<unknown>
     f12: 00 00        	<unknown>
     f14: a0 5b        	<unknown>
     f16: 00 80        	<unknown>
     f18: 04 00        	<unknown>
     f1a: 00 00        	<unknown>
     f1c: 22 00        	<unknown>
     f1e: 02 00        	<unknown>
     f20: 44 0b        	<unknown>
     f22: 00 00        	<unknown>
     f24: 50 00        	<unknown>
     f26: 00 80        	<unknown>
     f28: 24 00        	<unknown>
     f2a: 00 00        	<unknown>
     f2c: 12 00        	<unknown>
     f2e: 02 00        	<unknown>
     f30: 5a 0b        	<unknown>
     f32: 00 00        	<unknown>
     f34: a0 5b        	<unknown>
     f36: 00 80        	<unknown>
     f38: 04 00        	<unknown>
     f3a: 00 00        	<unknown>
     f3c: 22 00        	<unknown>
     f3e: 02 00        	<unknown>
     f40: 6f 0b 00 00  	jal	s6, 0xf40 <.symtab+0xf40>
     f44: f0 54        	<unknown>
     f46: 00 80        	<unknown>
     f48: 3c 05        	<unknown>
     f4a: 00 00        	<unknown>
     f4c: 12 00        	<unknown>
     f4e: 02 00        	<unknown>
     f50: 76 0b        	<unknown>
     f52: 00 00        	<unknown>
     f54: 2c 5a        	<unknown>
     f56: 00 80        	<unknown>
     f58: 74 01        	<unknown>
     f5a: 00 00        	<unknown>
     f5c: 12 00        	<unknown>
     f5e: 02 00        	<unknown>
     f60: af 0b 00 00  	<unknown>
     f64: 00 00        	<unknown>
     f66: 00 80        	<unknown>
     f68: 00 00        	<unknown>
     f6a: 00 00        	<unknown>
     f6c: 10 00        	<unknown>
     f6e: f1 ff        	<unknown>
     f70: d7 0b 00 00  	<unknown>
     f74: 10 70        	<unknown>
     f76: 00 80        	<unknown>
     f78: 00 00        	<unknown>
     f7a: 00 00        	<unknown>
     f7c: 10 00        	<unknown>
     f7e: 0a 00        	<unknown>
     f80: e7 0b 00 00  	jalr	s7, zero <.symtab>
     f84: 00 70        	<unknown>
     f86: 00 80        	<unknown>
     f88: 00 00        	<unknown>
     f8a: 00 00        	<unknown>
     f8c: 10 00        	<unknown>
     f8e: 08 00        	<unknown>
     f90: f6 0b        	<unknown>
     f92: 00 00        	<unknown>
     f94: dc 70        	<unknown>
     f96: 00 80        	<unknown>
     f98: 00 00        	<unknown>
     f9a: 00 00        	<unknown>
     f9c: 10 00        	<unknown>
     f9e: 0c 00        	<unknown>
     fa0: 02 0c        	<unknown>
     fa2: 00 00        	<unknown>
     fa4: 00 78        	<unknown>
     fa6: 00 80        	<unknown>
     fa8: 00 00        	<unknown>
     faa: 00 00        	<unknown>
     fac: 10 00        	<unknown>
     fae: f1 ff        	<unknown>
     fb0: 13 0c 00 00  	li	s8, 0x0
     fb4: 1c 00        	<unknown>
     fb6: 00 00        	<unknown>
     fb8: 00 00        	<unknown>
     fba: 00 00        	<unknown>
     fbc: 10 00        	<unknown>
     fbe: f1 ff        	<unknown>
     fc0: 1f 0c 00 00  	<unknown>
     fc4: dc 70        	<unknown>
     fc6: 00 80        	<unknown>
     fc8: 00 00        	<unknown>
     fca: 00 00        	<unknown>
     fcc: 10 00        	<unknown>
     fce: 0c 00        	<unknown>
     fd0: 24 0c        	<unknown>
		...
     fda: 00 00        	<unknown>
     fdc: 10 00        	<unknown>
     fde: f1 ff        	<unknown>
     fe0: 63 0c 00 00  	beqz	zero, 0xff8 <.symtab+0xff8>
     fe4: c0 70        	<unknown>
     fe6: 00 80        	<unknown>
     fe8: 00 00        	<unknown>
     fea: 00 00        	<unknown>
     fec: 10 00        	<unknown>
     fee: 0a 00        	<unknown>
     ff0: 6a 0c        	<unknown>
     ff2: 00 00        	<unknown>
     ff4: c0 70        	<unknown>
     ff6: 00 80        	<unknown>
     ff8: 00 00        	<unknown>
     ffa: 00 00        	<unknown>
     ffc: 10 00        	<unknown>
     ffe: 0a 00        	<unknown>

Disassembly of section .shstrtab:

00000000 <.shstrtab>:
       0: 00 2e        	<unknown>
       2: 69 6e        	<unknown>
       4: 69 74        	<unknown>
       6: 00 2e        	<unknown>
       8: 74 65        	<unknown>
       a: 78 74        	<unknown>
       c: 00 2e        	<unknown>
       e: 72 6f        	<unknown>
      10: 64 61        	<unknown>
      12: 74 61        	<unknown>
      14: 00 2e        	<unknown>
      16: 65 68        	<unknown>
      18: 5f 66 72 61  	<unknown>
      1c: 6d 65        	<unknown>
      1e: 00 2e        	<unknown>
      20: 74 64        	<unknown>
      22: 61 74        	<unknown>
      24: 61 00        	<unknown>
      26: 2e 74        	<unknown>
      28: 62 73        	<unknown>
      2a: 73 00 2e 66  	<unknown>
      2e: 69 6e        	<unknown>
      30: 69 5f        	<unknown>
      32: 61 72        	<unknown>
      34: 72 61        	<unknown>
      36: 79 00        	<unknown>
      38: 2e 64        	<unknown>
      3a: 61 74        	<unknown>
      3c: 61 00        	<unknown>
      3e: 2e 67        	<unknown>
      40: 6f 74 00 2e  	jal	s0, 0x7320 <.symtab+0x7320>
      44: 73 64 61 74  	csrrsi	s0, 0x746, 0x2
      48: 61 00        	<unknown>
      4a: 2e 73        	<unknown>
      4c: 62 73        	<unknown>
      4e: 73 00 2e 62  	<unknown>
      52: 73 73 00 2e  	csrrci	t1, 0x2e0, 0x0
      56: 63 6f 6d 6d  	bltu	s10, s6, 0x734 <.symtab+0x734>
      5a: 65 6e        	<unknown>
      5c: 74 00        	<unknown>
      5e: 2e 72        	<unknown>
      60: 69 73        	<unknown>
      62: 63 76 2e 61  	bgeu	t3, s2, 0x66e <.symtab+0x66e>
      66: 74 74        	<unknown>
      68: 72 69        	<unknown>
      6a: 62 75        	<unknown>
      6c: 74 65        	<unknown>
      6e: 73 00 2e 73  	<unknown>
      72: 79 6d        	<unknown>
      74: 74 61        	<unknown>
      76: 62 00        	<unknown>
      78: 2e 73        	<unknown>
      7a: 68 73        	<unknown>
      7c: 74 72        	<unknown>
      7e: 74 61        	<unknown>
      80: 62 00        	<unknown>
      82: 2e 73        	<unknown>
      84: 74 72        	<unknown>
      86: 74 61        	<unknown>
      88: 62 00        	<unknown>

Disassembly of section .strtab:

00000000 <.strtab>:
       0: 00 6b        	<unknown>
       2: 65 72        	<unknown>
       4: 6e 65        	<unknown>
       6: 6c 2e        	<unknown>
       8: 63 70 70 00  	bgeu	zero, t2, 0x8 <.symtab+0x8>
       c: 24 78        	<unknown>
       e: 2e 30        	<unknown>
      10: 00 24        	<unknown>
      12: 78 2e        	<unknown>
      14: 31 00        	<unknown>
      16: 24 64        	<unknown>
      18: 2e 32        	<unknown>
      1a: 00 24        	<unknown>
      1c: 64 2e        	<unknown>
      1e: 33 00 24 64  	<unknown>
      22: 2e 34        	<unknown>
      24: 00 76        	<unknown>
      26: 78 5f        	<unknown>
      28: 73 70 61 77  	csrci	0x776, 0x2
      2c: 6e 2e        	<unknown>
      2e: 63 00 24 78  	beq	s0, sp, 0x7ae <.symtab+0x7ae>
      32: 72 76        	<unknown>
      34: 33 32 69 32  	<unknown>
      38: 70 31        	<unknown>
      3a: 5f 6d 32 70  	<unknown>
      3e: 30 5f        	<unknown>
      40: 61 32        	<unknown>
      42: 70 31        	<unknown>
      44: 5f 66 32 70  	<unknown>
      48: 32 5f        	<unknown>
      4a: 7a 69        	<unknown>
      4c: 63 73 72 32  	bgeu	tp, t2, 0x372 <.symtab+0x372>
      50: 70 30        	<unknown>
      52: 5f 7a 6d 6d  	<unknown>
      56: 75 6c        	<unknown>
      58: 31 70        	<unknown>
      5a: 30 5f        	<unknown>
      5c: 7a 61        	<unknown>
      5e: 61 6d        	<unknown>
      60: 6f 31 70 30  	jal	sp, 0x3b66 <.symtab+0x3b66>
      64: 5f 7a 61 6c  	<unknown>
      68: 72 73        	<unknown>
      6a: 63 31 70 30  	<unknown>
      6e: 00 70        	<unknown>
      70: 72 6f        	<unknown>
      72: 63 65 73 73  	bltu	t1, s7, 0x79c <.symtab+0x79c>
      76: 5f 74 68 72  	<unknown>
      7a: 65 61        	<unknown>
      7c: 64 73        	<unknown>
      7e: 00 24        	<unknown>
      80: 78 72        	<unknown>
      82: 76 33        	<unknown>
      84: 32 69        	<unknown>
      86: 32 70        	<unknown>
      88: 31 5f        	<unknown>
      8a: 6d 32        	<unknown>
      8c: 70 30        	<unknown>
      8e: 5f 61 32 70  	<unknown>
      92: 31 5f        	<unknown>
      94: 66 32        	<unknown>
      96: 70 32        	<unknown>
      98: 5f 7a 69 63  	<unknown>
      9c: 73 72 32 70  	csrrci	tp, 0x703, 0x4
      a0: 30 5f        	<unknown>
      a2: 7a 6d        	<unknown>
      a4: 6d 75        	<unknown>
      a6: 6c 31        	<unknown>
      a8: 70 30        	<unknown>
      aa: 5f 7a 61 61  	<unknown>
      ae: 6d 6f        	<unknown>
      b0: 31 70        	<unknown>
      b2: 30 5f        	<unknown>
      b4: 7a 61        	<unknown>
      b6: 6c 72        	<unknown>
      b8: 73 63 31 70  	csrrsi	t1, 0x703, 0x2
      bc: 30 00        	<unknown>
      be: 70 72        	<unknown>
      c0: 6f 63 65 73  	jal	t1, 0x567f6 <.symtab+0x567f6>
      c4: 73 5f 72 65  	csrrwi	t5, hviprio2h, 0x4
      c8: 6d 61        	<unknown>
      ca: 69 6e        	<unknown>
      cc: 69 6e        	<unknown>
      ce: 67 5f 74 68  	<unknown>
      d2: 72 65        	<unknown>
      d4: 61 64        	<unknown>
      d6: 73 00 24 78  	<unknown>
      da: 72 76        	<unknown>
      dc: 33 32 69 32  	<unknown>
      e0: 70 31        	<unknown>
      e2: 5f 6d 32 70  	<unknown>
      e6: 30 5f        	<unknown>
      e8: 61 32        	<unknown>
      ea: 70 31        	<unknown>
      ec: 5f 66 32 70  	<unknown>
      f0: 32 5f        	<unknown>
      f2: 7a 69        	<unknown>
      f4: 63 73 72 32  	bgeu	tp, t2, 0x41a <.symtab+0x41a>
      f8: 70 30        	<unknown>
      fa: 5f 7a 6d 6d  	<unknown>
      fe: 75 6c        	<unknown>
     100: 31 70        	<unknown>
     102: 30 5f        	<unknown>
     104: 7a 61        	<unknown>
     106: 61 6d        	<unknown>
     108: 6f 31 70 30  	jal	sp, 0x3c0e <.symtab+0x3c0e>
     10c: 5f 7a 61 6c  	<unknown>
     110: 72 73        	<unknown>
     112: 63 31 70 30  	<unknown>
     116: 00 70        	<unknown>
     118: 72 6f        	<unknown>
     11a: 63 65 73 73  	bltu	t1, s7, 0x844 <.symtab+0x844>
     11e: 5f 74 68 72  	<unknown>
     122: 65 61        	<unknown>
     124: 64 73        	<unknown>
     126: 5f 73 74 75  	<unknown>
     12a: 62 00        	<unknown>
     12c: 24 78        	<unknown>
     12e: 72 76        	<unknown>
     130: 33 32 69 32  	<unknown>
     134: 70 31        	<unknown>
     136: 5f 6d 32 70  	<unknown>
     13a: 30 5f        	<unknown>
     13c: 61 32        	<unknown>
     13e: 70 31        	<unknown>
     140: 5f 66 32 70  	<unknown>
     144: 32 5f        	<unknown>
     146: 7a 69        	<unknown>
     148: 63 73 72 32  	bgeu	tp, t2, 0x46e <.symtab+0x46e>
     14c: 70 30        	<unknown>
     14e: 5f 7a 6d 6d  	<unknown>
     152: 75 6c        	<unknown>
     154: 31 70        	<unknown>
     156: 30 5f        	<unknown>
     158: 7a 61        	<unknown>
     15a: 61 6d        	<unknown>
     15c: 6f 31 70 30  	jal	sp, 0x3c62 <.symtab+0x3c62>
     160: 5f 7a 61 6c  	<unknown>
     164: 72 73        	<unknown>
     166: 63 31 70 30  	<unknown>
     16a: 00 70        	<unknown>
     16c: 72 6f        	<unknown>
     16e: 63 65 73 73  	bltu	t1, s7, 0x898 <.symtab+0x898>
     172: 5f 74 68 72  	<unknown>
     176: 65 61        	<unknown>
     178: 64 5f        	<unknown>
     17a: 67 72 6f 75  	<unknown>
     17e: 70 73        	<unknown>
     180: 00 24        	<unknown>
     182: 78 72        	<unknown>
     184: 76 33        	<unknown>
     186: 32 69        	<unknown>
     188: 32 70        	<unknown>
     18a: 31 5f        	<unknown>
     18c: 6d 32        	<unknown>
     18e: 70 30        	<unknown>
     190: 5f 61 32 70  	<unknown>
     194: 31 5f        	<unknown>
     196: 66 32        	<unknown>
     198: 70 32        	<unknown>
     19a: 5f 7a 69 63  	<unknown>
     19e: 73 72 32 70  	csrrci	tp, 0x703, 0x4
     1a2: 30 5f        	<unknown>
     1a4: 7a 6d        	<unknown>
     1a6: 6d 75        	<unknown>
     1a8: 6c 31        	<unknown>
     1aa: 70 30        	<unknown>
     1ac: 5f 7a 61 61  	<unknown>
     1b0: 6d 6f        	<unknown>
     1b2: 31 70        	<unknown>
     1b4: 30 5f        	<unknown>
     1b6: 7a 61        	<unknown>
     1b8: 6c 72        	<unknown>
     1ba: 73 63 31 70  	csrrsi	t1, 0x703, 0x2
     1be: 30 00        	<unknown>
     1c0: 70 72        	<unknown>
     1c2: 6f 63 65 73  	jal	t1, 0x568f8 <.symtab+0x568f8>
     1c6: 73 5f 74 68  	csrrwi	t5, 0x687, 0x8
     1ca: 72 65        	<unknown>
     1cc: 61 64        	<unknown>
     1ce: 5f 67 72 6f  	<unknown>
     1d2: 75 70        	<unknown>
     1d4: 73 5f 73 74  	csrrwi	t5, mseccfg, 0x6
     1d8: 75 62        	<unknown>
     1da: 00 24        	<unknown>
     1dc: 78 72        	<unknown>
     1de: 76 33        	<unknown>
     1e0: 32 69        	<unknown>
     1e2: 32 70        	<unknown>
     1e4: 31 5f        	<unknown>
     1e6: 6d 32        	<unknown>
     1e8: 70 30        	<unknown>
     1ea: 5f 61 32 70  	<unknown>
     1ee: 31 5f        	<unknown>
     1f0: 66 32        	<unknown>
     1f2: 70 32        	<unknown>
     1f4: 5f 7a 69 63  	<unknown>
     1f8: 73 72 32 70  	csrrci	tp, 0x703, 0x4
     1fc: 30 5f        	<unknown>
     1fe: 7a 6d        	<unknown>
     200: 6d 75        	<unknown>
     202: 6c 31        	<unknown>
     204: 70 30        	<unknown>
     206: 5f 7a 61 61  	<unknown>
     20a: 6d 6f        	<unknown>
     20c: 31 70        	<unknown>
     20e: 30 5f        	<unknown>
     210: 7a 61        	<unknown>
     212: 6c 72        	<unknown>
     214: 73 63 31 70  	csrrsi	t1, 0x703, 0x2
     218: 30 00        	<unknown>
     21a: 76 78        	<unknown>
     21c: 5f 70 72 69  	<unknown>
     220: 6e 74        	<unknown>
     222: 2e 63        	<unknown>
     224: 00 24        	<unknown>
     226: 78 72        	<unknown>
     228: 76 33        	<unknown>
     22a: 32 69        	<unknown>
     22c: 32 70        	<unknown>
     22e: 31 5f        	<unknown>
     230: 6d 32        	<unknown>
     232: 70 30        	<unknown>
     234: 5f 61 32 70  	<unknown>
     238: 31 5f        	<unknown>
     23a: 66 32        	<unknown>
     23c: 70 32        	<unknown>
     23e: 5f 7a 69 63  	<unknown>
     242: 73 72 32 70  	csrrci	tp, 0x703, 0x4
     246: 30 5f        	<unknown>
     248: 7a 6d        	<unknown>
     24a: 6d 75        	<unknown>
     24c: 6c 31        	<unknown>
     24e: 70 30        	<unknown>
     250: 5f 7a 61 61  	<unknown>
     254: 6d 6f        	<unknown>
     256: 31 70        	<unknown>
     258: 30 5f        	<unknown>
     25a: 7a 61        	<unknown>
     25c: 6c 72        	<unknown>
     25e: 73 63 31 70  	csrrsi	t1, 0x703, 0x2
     262: 30 00        	<unknown>
     264: 5f 5f 76 70  	<unknown>
     268: 72 69        	<unknown>
     26a: 6e 74        	<unknown>
     26c: 66 5f        	<unknown>
     26e: 63 62 00 24  	bltu	zero, zero, 0x4b2 <.symtab+0x4b2>
     272: 78 72        	<unknown>
     274: 76 33        	<unknown>
     276: 32 69        	<unknown>
     278: 32 70        	<unknown>
     27a: 31 5f        	<unknown>
     27c: 6d 32        	<unknown>
     27e: 70 30        	<unknown>
     280: 5f 61 32 70  	<unknown>
     284: 31 5f        	<unknown>
     286: 66 32        	<unknown>
     288: 70 32        	<unknown>
     28a: 5f 7a 69 63  	<unknown>
     28e: 73 72 32 70  	csrrci	tp, 0x703, 0x4
     292: 30 5f        	<unknown>
     294: 7a 6d        	<unknown>
     296: 6d 75        	<unknown>
     298: 6c 31        	<unknown>
     29a: 70 30        	<unknown>
     29c: 5f 7a 61 61  	<unknown>
     2a0: 6d 6f        	<unknown>
     2a2: 31 70        	<unknown>
     2a4: 30 5f        	<unknown>
     2a6: 7a 61        	<unknown>
     2a8: 6c 72        	<unknown>
     2aa: 73 63 31 70  	csrrsi	t1, 0x703, 0x2
     2ae: 30 00        	<unknown>
     2b0: 24 78        	<unknown>
     2b2: 72 76        	<unknown>
     2b4: 33 32 69 32  	<unknown>
     2b8: 70 31        	<unknown>
     2ba: 5f 6d 32 70  	<unknown>
     2be: 30 5f        	<unknown>
     2c0: 61 32        	<unknown>
     2c2: 70 31        	<unknown>
     2c4: 5f 66 32 70  	<unknown>
     2c8: 32 5f        	<unknown>
     2ca: 7a 69        	<unknown>
     2cc: 63 73 72 32  	bgeu	tp, t2, 0x5f2 <.symtab+0x5f2>
     2d0: 70 30        	<unknown>
     2d2: 5f 7a 6d 6d  	<unknown>
     2d6: 75 6c        	<unknown>
     2d8: 31 70        	<unknown>
     2da: 30 5f        	<unknown>
     2dc: 7a 61        	<unknown>
     2de: 61 6d        	<unknown>
     2e0: 6f 31 70 30  	jal	sp, 0x3de6 <.symtab+0x3de6>
     2e4: 5f 7a 61 6c  	<unknown>
     2e8: 72 73        	<unknown>
     2ea: 63 31 70 30  	<unknown>
     2ee: 00 74        	<unknown>
     2f0: 69 6e        	<unknown>
     2f2: 79 70        	<unknown>
     2f4: 72 69        	<unknown>
     2f6: 6e 74        	<unknown>
     2f8: 66 2e        	<unknown>
     2fa: 63 00 24 78  	beq	s0, sp, 0xa7a <.symtab+0xa7a>
     2fe: 72 76        	<unknown>
     300: 33 32 69 32  	<unknown>
     304: 70 31        	<unknown>
     306: 5f 6d 32 70  	<unknown>
     30a: 30 5f        	<unknown>
     30c: 61 32        	<unknown>
     30e: 70 31        	<unknown>
     310: 5f 66 32 70  	<unknown>
     314: 32 5f        	<unknown>
     316: 7a 69        	<unknown>
     318: 63 73 72 32  	bgeu	tp, t2, 0x63e <.symtab+0x63e>
     31c: 70 30        	<unknown>
     31e: 5f 7a 6d 6d  	<unknown>
     322: 75 6c        	<unknown>
     324: 31 70        	<unknown>
     326: 30 5f        	<unknown>
     328: 7a 61        	<unknown>
     32a: 61 6d        	<unknown>
     32c: 6f 31 70 30  	jal	sp, 0x3e32 <.symtab+0x3e32>
     330: 5f 7a 61 6c  	<unknown>
     334: 72 73        	<unknown>
     336: 63 31 70 30  	<unknown>
     33a: 00 5f        	<unknown>
     33c: 6f 75 74 5f  	jal	a0, 0x48132 <.symtab+0x48132>
     340: 6e 75        	<unknown>
     342: 6c 6c        	<unknown>
     344: 00 24        	<unknown>
     346: 78 72        	<unknown>
     348: 76 33        	<unknown>
     34a: 32 69        	<unknown>
     34c: 32 70        	<unknown>
     34e: 31 5f        	<unknown>
     350: 6d 32        	<unknown>
     352: 70 30        	<unknown>
     354: 5f 61 32 70  	<unknown>
     358: 31 5f        	<unknown>
     35a: 66 32        	<unknown>
     35c: 70 32        	<unknown>
     35e: 5f 7a 69 63  	<unknown>
     362: 73 72 32 70  	csrrci	tp, 0x703, 0x4
     366: 30 5f        	<unknown>
     368: 7a 6d        	<unknown>
     36a: 6d 75        	<unknown>
     36c: 6c 31        	<unknown>
     36e: 70 30        	<unknown>
     370: 5f 7a 61 61  	<unknown>
     374: 6d 6f        	<unknown>
     376: 31 70        	<unknown>
     378: 30 5f        	<unknown>
     37a: 7a 61        	<unknown>
     37c: 6c 72        	<unknown>
     37e: 73 63 31 70  	csrrsi	t1, 0x703, 0x2
     382: 30 00        	<unknown>
     384: 5f 6f 75 74  	<unknown>
     388: 5f 72 65 76  	<unknown>
     38c: 00 24        	<unknown>
     38e: 78 72        	<unknown>
     390: 76 33        	<unknown>
     392: 32 69        	<unknown>
     394: 32 70        	<unknown>
     396: 31 5f        	<unknown>
     398: 6d 32        	<unknown>
     39a: 70 30        	<unknown>
     39c: 5f 61 32 70  	<unknown>
     3a0: 31 5f        	<unknown>
     3a2: 66 32        	<unknown>
     3a4: 70 32        	<unknown>
     3a6: 5f 7a 69 63  	<unknown>
     3aa: 73 72 32 70  	csrrci	tp, 0x703, 0x4
     3ae: 30 5f        	<unknown>
     3b0: 7a 6d        	<unknown>
     3b2: 6d 75        	<unknown>
     3b4: 6c 31        	<unknown>
     3b6: 70 30        	<unknown>
     3b8: 5f 7a 61 61  	<unknown>
     3bc: 6d 6f        	<unknown>
     3be: 31 70        	<unknown>
     3c0: 30 5f        	<unknown>
     3c2: 7a 61        	<unknown>
     3c4: 6c 72        	<unknown>
     3c6: 73 63 31 70  	csrrsi	t1, 0x703, 0x2
     3ca: 30 00        	<unknown>
     3cc: 5f 6e 74 6f  	<unknown>
     3d0: 61 5f        	<unknown>
     3d2: 66 6f        	<unknown>
     3d4: 72 6d        	<unknown>
     3d6: 61 74        	<unknown>
     3d8: 00 24        	<unknown>
     3da: 78 72        	<unknown>
     3dc: 76 33        	<unknown>
     3de: 32 69        	<unknown>
     3e0: 32 70        	<unknown>
     3e2: 31 5f        	<unknown>
     3e4: 6d 32        	<unknown>
     3e6: 70 30        	<unknown>
     3e8: 5f 61 32 70  	<unknown>
     3ec: 31 5f        	<unknown>
     3ee: 66 32        	<unknown>
     3f0: 70 32        	<unknown>
     3f2: 5f 7a 69 63  	<unknown>
     3f6: 73 72 32 70  	csrrci	tp, 0x703, 0x4
     3fa: 30 5f        	<unknown>
     3fc: 7a 6d        	<unknown>
     3fe: 6d 75        	<unknown>
     400: 6c 31        	<unknown>
     402: 70 30        	<unknown>
     404: 5f 7a 61 61  	<unknown>
     408: 6d 6f        	<unknown>
     40a: 31 70        	<unknown>
     40c: 30 5f        	<unknown>
     40e: 7a 61        	<unknown>
     410: 6c 72        	<unknown>
     412: 73 63 31 70  	csrrsi	t1, 0x703, 0x2
     416: 30 00        	<unknown>
     418: 5f 6f 75 74  	<unknown>
     41c: 5f 63 68 61  	<unknown>
     420: 72 00        	<unknown>
     422: 24 78        	<unknown>
     424: 72 76        	<unknown>
     426: 33 32 69 32  	<unknown>
     42a: 70 31        	<unknown>
     42c: 5f 6d 32 70  	<unknown>
     430: 30 5f        	<unknown>
     432: 61 32        	<unknown>
     434: 70 31        	<unknown>
     436: 5f 66 32 70  	<unknown>
     43a: 32 5f        	<unknown>
     43c: 7a 69        	<unknown>
     43e: 63 73 72 32  	bgeu	tp, t2, 0x764 <.symtab+0x764>
     442: 70 30        	<unknown>
     444: 5f 7a 6d 6d  	<unknown>
     448: 75 6c        	<unknown>
     44a: 31 70        	<unknown>
     44c: 30 5f        	<unknown>
     44e: 7a 61        	<unknown>
     450: 61 6d        	<unknown>
     452: 6f 31 70 30  	jal	sp, 0x3f58 <.symtab+0x3f58>
     456: 5f 7a 61 6c  	<unknown>
     45a: 72 73        	<unknown>
     45c: 63 31 70 30  	<unknown>
     460: 00 5f        	<unknown>
     462: 65 74        	<unknown>
     464: 6f 61 00 5f  	jal	sp, 0x6a54 <.symtab+0x6a54>
     468: 66 74        	<unknown>
     46a: 6f 61 00 24  	jal	sp, 0x66aa <.symtab+0x66aa>
     46e: 78 72        	<unknown>
     470: 76 33        	<unknown>
     472: 32 69        	<unknown>
     474: 32 70        	<unknown>
     476: 31 5f        	<unknown>
     478: 6d 32        	<unknown>
     47a: 70 30        	<unknown>
     47c: 5f 61 32 70  	<unknown>
     480: 31 5f        	<unknown>
     482: 66 32        	<unknown>
     484: 70 32        	<unknown>
     486: 5f 7a 69 63  	<unknown>
     48a: 73 72 32 70  	csrrci	tp, 0x703, 0x4
     48e: 30 5f        	<unknown>
     490: 7a 6d        	<unknown>
     492: 6d 75        	<unknown>
     494: 6c 31        	<unknown>
     496: 70 30        	<unknown>
     498: 5f 7a 61 61  	<unknown>
     49c: 6d 6f        	<unknown>
     49e: 31 70        	<unknown>
     4a0: 30 5f        	<unknown>
     4a2: 7a 61        	<unknown>
     4a4: 6c 72        	<unknown>
     4a6: 73 63 31 70  	csrrsi	t1, 0x703, 0x2
     4aa: 30 00        	<unknown>
     4ac: 70 6f        	<unknown>
     4ae: 77 31 30 2e  	<unknown>
     4b2: 30 00        	<unknown>
     4b4: 24 78        	<unknown>
     4b6: 72 76        	<unknown>
     4b8: 33 32 69 32  	<unknown>
     4bc: 70 31        	<unknown>
     4be: 5f 6d 32 70  	<unknown>
     4c2: 30 5f        	<unknown>
     4c4: 61 32        	<unknown>
     4c6: 70 31        	<unknown>
     4c8: 5f 66 32 70  	<unknown>
     4cc: 32 5f        	<unknown>
     4ce: 7a 69        	<unknown>
     4d0: 63 73 72 32  	bgeu	tp, t2, 0x7f6 <.symtab+0x7f6>
     4d4: 70 30        	<unknown>
     4d6: 5f 7a 6d 6d  	<unknown>
     4da: 75 6c        	<unknown>
     4dc: 31 70        	<unknown>
     4de: 30 5f        	<unknown>
     4e0: 7a 61        	<unknown>
     4e2: 61 6d        	<unknown>
     4e4: 6f 31 70 30  	jal	sp, 0x3fea <.symtab+0x3fea>
     4e8: 5f 7a 61 6c  	<unknown>
     4ec: 72 73        	<unknown>
     4ee: 63 31 70 30  	<unknown>
     4f2: 00 5f        	<unknown>
     4f4: 76 73        	<unknown>
     4f6: 6e 70        	<unknown>
     4f8: 72 69        	<unknown>
     4fa: 6e 74        	<unknown>
     4fc: 66 00        	<unknown>
     4fe: 24 78        	<unknown>
     500: 72 76        	<unknown>
     502: 33 32 69 32  	<unknown>
     506: 70 31        	<unknown>
     508: 5f 6d 32 70  	<unknown>
     50c: 30 5f        	<unknown>
     50e: 61 32        	<unknown>
     510: 70 31        	<unknown>
     512: 5f 66 32 70  	<unknown>
     516: 32 5f        	<unknown>
     518: 7a 69        	<unknown>
     51a: 63 73 72 32  	bgeu	tp, t2, 0x840 <.symtab+0x840>
     51e: 70 30        	<unknown>
     520: 5f 7a 6d 6d  	<unknown>
     524: 75 6c        	<unknown>
     526: 31 70        	<unknown>
     528: 30 5f        	<unknown>
     52a: 7a 61        	<unknown>
     52c: 61 6d        	<unknown>
     52e: 6f 31 70 30  	jal	sp, 0x4034 <.symtab+0x4034>
     532: 5f 7a 61 6c  	<unknown>
     536: 72 73        	<unknown>
     538: 63 31 70 30  	<unknown>
     53c: 00 24        	<unknown>
     53e: 78 72        	<unknown>
     540: 76 33        	<unknown>
     542: 32 69        	<unknown>
     544: 32 70        	<unknown>
     546: 31 5f        	<unknown>
     548: 6d 32        	<unknown>
     54a: 70 30        	<unknown>
     54c: 5f 61 32 70  	<unknown>
     550: 31 5f        	<unknown>
     552: 66 32        	<unknown>
     554: 70 32        	<unknown>
     556: 5f 7a 69 63  	<unknown>
     55a: 73 72 32 70  	csrrci	tp, 0x703, 0x4
     55e: 30 5f        	<unknown>
     560: 7a 6d        	<unknown>
     562: 6d 75        	<unknown>
     564: 6c 31        	<unknown>
     566: 70 30        	<unknown>
     568: 5f 7a 61 61  	<unknown>
     56c: 6d 6f        	<unknown>
     56e: 31 70        	<unknown>
     570: 30 5f        	<unknown>
     572: 7a 61        	<unknown>
     574: 6c 72        	<unknown>
     576: 73 63 31 70  	csrrsi	t1, 0x703, 0x2
     57a: 30 00        	<unknown>
     57c: 6c 61        	<unknown>
     57e: 62 65        	<unknown>
     580: 6c 5f        	<unknown>
     582: 6c 6f        	<unknown>
     584: 6f 70 00 6c  	j	0x7c44 <.symtab+0x7c44>
     588: 61 62        	<unknown>
     58a: 65 6c        	<unknown>
     58c: 5f 6a 6f 69  	<unknown>
     590: 6e 00        	<unknown>
     592: 70 6f        	<unknown>
     594: 77 2e 63 00  	<unknown>
     598: 24 64        	<unknown>
     59a: 2e 33        	<unknown>
     59c: 00 24        	<unknown>
     59e: 64 2e        	<unknown>
     5a0: 34 00        	<unknown>
     5a2: 5f 5f 6d 61  	<unknown>
     5a6: 74 68        	<unknown>
     5a8: 5f 69 6e 76  	<unknown>
     5ac: 61 6c        	<unknown>
     5ae: 69 64        	<unknown>
     5b0: 2e 63        	<unknown>
     5b2: 00 24        	<unknown>
     5b4: 64 2e        	<unknown>
     5b6: 31 00        	<unknown>
     5b8: 24 64        	<unknown>
     5ba: 2e 32        	<unknown>
     5bc: 00 5f        	<unknown>
     5be: 5f 6d 61 74  	<unknown>
     5c2: 68 5f        	<unknown>
     5c4: 75 66        	<unknown>
     5c6: 6c 6f        	<unknown>
     5c8: 77 2e 63 00  	<unknown>
     5cc: 24 64        	<unknown>
     5ce: 2e 31        	<unknown>
     5d0: 00 24        	<unknown>
     5d2: 64 2e        	<unknown>
     5d4: 32 00        	<unknown>
     5d6: 5f 5f 6d 61  	<unknown>
     5da: 74 68        	<unknown>
     5dc: 5f 78 66 6c  	<unknown>
     5e0: 6f 77 2e 63  	jal	a4, 0xe7c12 <.symtab+0xe7c12>
     5e4: 00 24        	<unknown>
     5e6: 64 2e        	<unknown>
     5e8: 31 00        	<unknown>
     5ea: 24 64        	<unknown>
     5ec: 2e 32        	<unknown>
     5ee: 00 5f        	<unknown>
     5f0: 5f 6d 61 74  	<unknown>
     5f4: 68 5f        	<unknown>
     5f6: 6f 66 6c 6f  	jal	a2, 0xc6cec <.symtab+0xc6cec>
     5fa: 77 2e 63 00  	<unknown>
     5fe: 24 64        	<unknown>
     600: 2e 31        	<unknown>
     602: 00 24        	<unknown>
     604: 64 2e        	<unknown>
     606: 32 00        	<unknown>
     608: 65 78        	<unknown>
     60a: 70 5f        	<unknown>
     60c: 64 61        	<unknown>
     60e: 74 61        	<unknown>
     610: 2e 63        	<unknown>
     612: 00 24        	<unknown>
     614: 64 2e        	<unknown>
     616: 31 00        	<unknown>
     618: 24 64        	<unknown>
     61a: 2e 32        	<unknown>
     61c: 00 70        	<unknown>
     61e: 6f 77 5f 64  	jal	a4, 0xf8462 <.symtab+0xf8462>
     622: 61 74        	<unknown>
     624: 61 2e        	<unknown>
     626: 63 00 24 64  	beq	s0, sp, 0xc66 <.symtab+0xc66>
     62a: 2e 31        	<unknown>
     62c: 00 24        	<unknown>
     62e: 64 2e        	<unknown>
     630: 32 00        	<unknown>
     632: 66 61        	<unknown>
     634: 62 73        	<unknown>
     636: 2e 63        	<unknown>
     638: 00 24        	<unknown>
     63a: 64 2e        	<unknown>
     63c: 31 00        	<unknown>
     63e: 24 64        	<unknown>
     640: 2e 32        	<unknown>
     642: 00 61        	<unknown>
     644: 64 64        	<unknown>
     646: 64 66        	<unknown>
     648: 33 2e 63 00  	slt	t3, t1, t1
     64c: 24 78        	<unknown>
     64e: 2e 30        	<unknown>
     650: 00 24        	<unknown>
     652: 64 2e        	<unknown>
     654: 31 00        	<unknown>
     656: 24 64        	<unknown>
     658: 2e 32        	<unknown>
     65a: 00 24        	<unknown>
     65c: 64 2e        	<unknown>
     65e: 33 00 66 70  	<unknown>
     662: 5f 6d 6f 64  	<unknown>
     666: 65 2e        	<unknown>
     668: 63 00 24 78  	beq	s0, sp, 0xde8 <.symtab+0xde8>
     66c: 2e 30        	<unknown>
     66e: 00 24        	<unknown>
     670: 78 2e        	<unknown>
     672: 31 00        	<unknown>
     674: 24 64        	<unknown>
     676: 2e 32        	<unknown>
     678: 00 24        	<unknown>
     67a: 64 2e        	<unknown>
     67c: 33 00 24 64  	<unknown>
     680: 2e 34        	<unknown>
     682: 00 24        	<unknown>
     684: 64 2e        	<unknown>
     686: 35 00        	<unknown>
     688: 63 6f 6d 70  	bltu	s10, t1, 0xda6 <.symtab+0xda6>
     68c: 61 72        	<unknown>
     68e: 65 64        	<unknown>
     690: 66 32        	<unknown>
     692: 2e 63        	<unknown>
     694: 00 24        	<unknown>
     696: 78 2e        	<unknown>
     698: 30 00        	<unknown>
     69a: 24 78        	<unknown>
     69c: 2e 31        	<unknown>
     69e: 00 24        	<unknown>
     6a0: 64 2e        	<unknown>
     6a2: 33 00 24 64  	<unknown>
     6a6: 2e 34        	<unknown>
     6a8: 00 24        	<unknown>
     6aa: 64 2e        	<unknown>
     6ac: 35 00        	<unknown>
     6ae: 64 69        	<unknown>
     6b0: 76 64        	<unknown>
     6b2: 66 33        	<unknown>
     6b4: 2e 63        	<unknown>
     6b6: 00 24        	<unknown>
     6b8: 78 2e        	<unknown>
     6ba: 30 00        	<unknown>
     6bc: 24 64        	<unknown>
     6be: 2e 31        	<unknown>
     6c0: 00 24        	<unknown>
     6c2: 64 2e        	<unknown>
     6c4: 32 00        	<unknown>
     6c6: 24 64        	<unknown>
     6c8: 2e 33        	<unknown>
     6ca: 00 65        	<unknown>
     6cc: 78 74        	<unknown>
     6ce: 65 6e        	<unknown>
     6d0: 64 73        	<unknown>
     6d2: 66 64        	<unknown>
     6d4: 66 32        	<unknown>
     6d6: 2e 63        	<unknown>
     6d8: 00 24        	<unknown>
     6da: 64 2e        	<unknown>
     6dc: 31 00        	<unknown>
     6de: 24 64        	<unknown>
     6e0: 2e 32        	<unknown>
     6e2: 00 24        	<unknown>
     6e4: 64 2e        	<unknown>
     6e6: 33 00 66 69  	<unknown>
     6ea: 78 64        	<unknown>
     6ec: 66 73        	<unknown>
     6ee: 69 2e        	<unknown>
     6f0: 63 00 24 78  	beq	s0, sp, 0xe70 <.symtab+0xe70>
     6f4: 2e 30        	<unknown>
     6f6: 00 24        	<unknown>
     6f8: 64 2e        	<unknown>
     6fa: 31 00        	<unknown>
     6fc: 24 64        	<unknown>
     6fe: 2e 32        	<unknown>
     700: 00 24        	<unknown>
     702: 64 2e        	<unknown>
     704: 33 00 66 69  	<unknown>
     708: 78 75        	<unknown>
     70a: 6e 73        	<unknown>
     70c: 64 66        	<unknown>
     70e: 73 69 2e 63  	csrrsi	s2, 0x632, 0x1c
     712: 00 24        	<unknown>
     714: 78 2e        	<unknown>
     716: 30 00        	<unknown>
     718: 24 64        	<unknown>
     71a: 2e 31        	<unknown>
     71c: 00 24        	<unknown>
     71e: 64 2e        	<unknown>
     720: 32 00        	<unknown>
     722: 24 64        	<unknown>
     724: 2e 33        	<unknown>
     726: 00 66        	<unknown>
     728: 6c 6f        	<unknown>
     72a: 61 74        	<unknown>
     72c: 73 69 64 66  	csrrsi	s2, 0x666, 0x8
     730: 2e 63        	<unknown>
     732: 00 24        	<unknown>
     734: 78 2e        	<unknown>
     736: 30 00        	<unknown>
     738: 24 64        	<unknown>
     73a: 2e 31        	<unknown>
     73c: 00 24        	<unknown>
     73e: 64 2e        	<unknown>
     740: 32 00        	<unknown>
     742: 24 64        	<unknown>
     744: 2e 33        	<unknown>
     746: 00 66        	<unknown>
     748: 6c 6f        	<unknown>
     74a: 61 74        	<unknown>
     74c: 75 6e        	<unknown>
     74e: 73 69 64 66  	csrrsi	s2, 0x666, 0x8
     752: 2e 63        	<unknown>
     754: 00 24        	<unknown>
     756: 78 2e        	<unknown>
     758: 30 00        	<unknown>
     75a: 24 64        	<unknown>
     75c: 2e 31        	<unknown>
     75e: 00 24        	<unknown>
     760: 64 2e        	<unknown>
     762: 32 00        	<unknown>
     764: 24 64        	<unknown>
     766: 2e 33        	<unknown>
     768: 00 6d        	<unknown>
     76a: 75 6c        	<unknown>
     76c: 64 66        	<unknown>
     76e: 33 2e 63 00  	slt	t3, t1, t1
     772: 24 78        	<unknown>
     774: 2e 30        	<unknown>
     776: 00 24        	<unknown>
     778: 64 2e        	<unknown>
     77a: 31 00        	<unknown>
     77c: 24 64        	<unknown>
     77e: 2e 32        	<unknown>
     780: 00 24        	<unknown>
     782: 64 2e        	<unknown>
     784: 33 00 73 75  	<unknown>
     788: 62 64        	<unknown>
     78a: 66 33        	<unknown>
     78c: 2e 63        	<unknown>
     78e: 00 24        	<unknown>
     790: 78 2e        	<unknown>
     792: 30 00        	<unknown>
     794: 24 64        	<unknown>
     796: 2e 31        	<unknown>
     798: 00 24        	<unknown>
     79a: 64 2e        	<unknown>
     79c: 32 00        	<unknown>
     79e: 24 64        	<unknown>
     7a0: 2e 33        	<unknown>
     7a2: 00 74        	<unknown>
     7a4: 72 75        	<unknown>
     7a6: 6e 63        	<unknown>
     7a8: 64 66        	<unknown>
     7aa: 73 66 32 2e  	csrrsi	a2, 0x2e3, 0x4
     7ae: 63 00 24 64  	beq	s0, sp, 0xdee <.symtab+0xdee>
     7b2: 2e 31        	<unknown>
     7b4: 00 24        	<unknown>
     7b6: 64 2e        	<unknown>
     7b8: 32 00        	<unknown>
     7ba: 24 64        	<unknown>
     7bc: 2e 33        	<unknown>
     7be: 00 75        	<unknown>
     7c0: 64 69        	<unknown>
     7c2: 76 64        	<unknown>
     7c4: 69 33        	<unknown>
     7c6: 2e 63        	<unknown>
     7c8: 00 24        	<unknown>
     7ca: 78 2e        	<unknown>
     7cc: 30 00        	<unknown>
     7ce: 24 64        	<unknown>
     7d0: 2e 31        	<unknown>
     7d2: 00 24        	<unknown>
     7d4: 64 2e        	<unknown>
     7d6: 32 00        	<unknown>
     7d8: 24 64        	<unknown>
     7da: 2e 33        	<unknown>
     7dc: 00 75        	<unknown>
     7de: 6d 6f        	<unknown>
     7e0: 64 64        	<unknown>
     7e2: 69 33        	<unknown>
     7e4: 2e 63        	<unknown>
     7e6: 00 24        	<unknown>
     7e8: 78 2e        	<unknown>
     7ea: 30 00        	<unknown>
     7ec: 24 64        	<unknown>
     7ee: 2e 31        	<unknown>
     7f0: 00 24        	<unknown>
     7f2: 64 2e        	<unknown>
     7f4: 32 00        	<unknown>
     7f6: 24 64        	<unknown>
     7f8: 2e 33        	<unknown>
     7fa: 00 24        	<unknown>
     7fc: 78 72        	<unknown>
     7fe: 76 33        	<unknown>
     800: 32 69        	<unknown>
     802: 32 70        	<unknown>
     804: 31 5f        	<unknown>
     806: 6d 32        	<unknown>
     808: 70 30        	<unknown>
     80a: 5f 61 32 70  	<unknown>
     80e: 31 5f        	<unknown>
     810: 66 32        	<unknown>
     812: 70 32        	<unknown>
     814: 5f 7a 69 63  	<unknown>
     818: 73 72 32 70  	csrrci	tp, 0x703, 0x4
     81c: 30 5f        	<unknown>
     81e: 7a 6d        	<unknown>
     820: 6d 75        	<unknown>
     822: 6c 31        	<unknown>
     824: 70 30        	<unknown>
     826: 5f 7a 61 61  	<unknown>
     82a: 6d 6f        	<unknown>
     82c: 31 70        	<unknown>
     82e: 30 5f        	<unknown>
     830: 7a 61        	<unknown>
     832: 6c 72        	<unknown>
     834: 73 63 31 70  	csrrsi	t1, 0x703, 0x2
     838: 30 00        	<unknown>
     83a: 69 6e        	<unknown>
     83c: 69 74        	<unknown>
     83e: 5f 72 65 67  	<unknown>
     842: 73 5f 61 6c  	csrrwi	t5, 0x6c6, 0x2
     846: 6c 00        	<unknown>
     848: 69 6e        	<unknown>
     84a: 69 74        	<unknown>
     84c: 5f 72 65 67  	<unknown>
     850: 73 00 69 6e  	<unknown>
     854: 69 74        	<unknown>
     856: 5f 74 6c 73  	<unknown>
     85a: 5f 61 6c 6c  	<unknown>
     85e: 00 24        	<unknown>
     860: 78 72        	<unknown>
     862: 76 33        	<unknown>
     864: 32 69        	<unknown>
     866: 32 70        	<unknown>
     868: 31 5f        	<unknown>
     86a: 6d 32        	<unknown>
     86c: 70 30        	<unknown>
     86e: 5f 61 32 70  	<unknown>
     872: 31 5f        	<unknown>
     874: 66 32        	<unknown>
     876: 70 32        	<unknown>
     878: 5f 7a 69 63  	<unknown>
     87c: 73 72 32 70  	csrrci	tp, 0x703, 0x4
     880: 30 5f        	<unknown>
     882: 7a 6d        	<unknown>
     884: 6d 75        	<unknown>
     886: 6c 31        	<unknown>
     888: 70 30        	<unknown>
     88a: 5f 7a 61 61  	<unknown>
     88e: 6d 6f        	<unknown>
     890: 31 70        	<unknown>
     892: 30 5f        	<unknown>
     894: 7a 61        	<unknown>
     896: 6c 72        	<unknown>
     898: 73 63 31 70  	csrrsi	t1, 0x703, 0x2
     89c: 30 00        	<unknown>
     89e: 76 78        	<unknown>
     8a0: 5f 73 79 73  	<unknown>
     8a4: 63 61 6c 6c  	bltu	s8, t1, 0xf66 <.symtab+0xf66>
     8a8: 73 2e 63 00  	csrrs	t3, 0x6, t1
     8ac: 24 78        	<unknown>
     8ae: 72 76        	<unknown>
     8b0: 33 32 69 32  	<unknown>
     8b4: 70 31        	<unknown>
     8b6: 5f 6d 32 70  	<unknown>
     8ba: 30 5f        	<unknown>
     8bc: 61 32        	<unknown>
     8be: 70 31        	<unknown>
     8c0: 5f 66 32 70  	<unknown>
     8c4: 32 5f        	<unknown>
     8c6: 7a 69        	<unknown>
     8c8: 63 73 72 32  	bgeu	tp, t2, 0xbee <.symtab+0xbee>
     8cc: 70 30        	<unknown>
     8ce: 5f 7a 6d 6d  	<unknown>
     8d2: 75 6c        	<unknown>
     8d4: 31 70        	<unknown>
     8d6: 30 5f        	<unknown>
     8d8: 7a 61        	<unknown>
     8da: 61 6d        	<unknown>
     8dc: 6f 31 70 30  	jal	sp, 0x43e2 <.symtab+0x43e2>
     8e0: 5f 7a 61 6c  	<unknown>
     8e4: 72 73        	<unknown>
     8e6: 63 31 70 30  	<unknown>
     8ea: 00 24        	<unknown>
     8ec: 78 72        	<unknown>
     8ee: 76 33        	<unknown>
     8f0: 32 69        	<unknown>
     8f2: 32 70        	<unknown>
     8f4: 31 5f        	<unknown>
     8f6: 6d 32        	<unknown>
     8f8: 70 30        	<unknown>
     8fa: 5f 61 32 70  	<unknown>
     8fe: 31 5f        	<unknown>
     900: 66 32        	<unknown>
     902: 70 32        	<unknown>
     904: 5f 7a 69 63  	<unknown>
     908: 73 72 32 70  	csrrci	tp, 0x703, 0x4
     90c: 30 5f        	<unknown>
     90e: 7a 6d        	<unknown>
     910: 6d 75        	<unknown>
     912: 6c 31        	<unknown>
     914: 70 30        	<unknown>
     916: 5f 7a 61 61  	<unknown>
     91a: 6d 6f        	<unknown>
     91c: 31 70        	<unknown>
     91e: 30 5f        	<unknown>
     920: 7a 61        	<unknown>
     922: 6c 72        	<unknown>
     924: 73 63 31 70  	csrrsi	t1, 0x703, 0x2
     928: 30 00        	<unknown>
     92a: 6d 65        	<unknown>
     92c: 6d 63        	<unknown>
     92e: 70 79        	<unknown>
     930: 2e 63        	<unknown>
     932: 00 24        	<unknown>
     934: 78 2e        	<unknown>
     936: 30 00        	<unknown>
     938: 24 64        	<unknown>
     93a: 2e 31        	<unknown>
     93c: 00 24        	<unknown>
     93e: 64 2e        	<unknown>
     940: 32 00        	<unknown>
     942: 6d 65        	<unknown>
     944: 6d 73        	<unknown>
     946: 65 74        	<unknown>
     948: 2e 63        	<unknown>
     94a: 00 24        	<unknown>
     94c: 78 2e        	<unknown>
     94e: 30 00        	<unknown>
     950: 24 64        	<unknown>
     952: 2e 31        	<unknown>
     954: 00 24        	<unknown>
     956: 64 2e        	<unknown>
     958: 32 00        	<unknown>
     95a: 65 78        	<unknown>
     95c: 69 74        	<unknown>
     95e: 2e 63        	<unknown>
     960: 00 64        	<unknown>
     962: 75 6d        	<unknown>
     964: 6d 79        	<unknown>
     966: 00 24        	<unknown>
     968: 78 2e        	<unknown>
     96a: 30 00        	<unknown>
     96c: 6c 69        	<unknown>
     96e: 62 63        	<unknown>
     970: 5f 65 78 69  	<unknown>
     974: 74 5f        	<unknown>
     976: 66 69        	<unknown>
     978: 6e 69        	<unknown>
     97a: 00 24        	<unknown>
     97c: 78 2e        	<unknown>
     97e: 31 00        	<unknown>
     980: 24 78        	<unknown>
     982: 2e 32        	<unknown>
     984: 00 24        	<unknown>
     986: 64 2e        	<unknown>
     988: 33 00 24 64  	<unknown>
     98c: 2e 34        	<unknown>
     98e: 00 76        	<unknown>
     990: 78 5f        	<unknown>
     992: 70 65        	<unknown>
     994: 72 66        	<unknown>
     996: 2e 63        	<unknown>
     998: 00 24        	<unknown>
     99a: 78 72        	<unknown>
     99c: 76 33        	<unknown>
     99e: 32 69        	<unknown>
     9a0: 32 70        	<unknown>
     9a2: 31 5f        	<unknown>
     9a4: 6d 32        	<unknown>
     9a6: 70 30        	<unknown>
     9a8: 5f 61 32 70  	<unknown>
     9ac: 31 5f        	<unknown>
     9ae: 66 32        	<unknown>
     9b0: 70 32        	<unknown>
     9b2: 5f 7a 69 63  	<unknown>
     9b6: 73 72 32 70  	csrrci	tp, 0x703, 0x4
     9ba: 30 5f        	<unknown>
     9bc: 7a 6d        	<unknown>
     9be: 6d 75        	<unknown>
     9c0: 6c 31        	<unknown>
     9c2: 70 30        	<unknown>
     9c4: 5f 7a 61 61  	<unknown>
     9c8: 6d 6f        	<unknown>
     9ca: 31 70        	<unknown>
     9cc: 30 5f        	<unknown>
     9ce: 7a 61        	<unknown>
     9d0: 6c 72        	<unknown>
     9d2: 73 63 31 70  	csrrsi	t1, 0x703, 0x2
     9d6: 30 00        	<unknown>
     9d8: 5f 5a 31 31  	<unknown>
     9dc: 6b 65 72 6e  	<unknown>
     9e0: 65 6c        	<unknown>
     9e2: 5f 62 6f 64  	<unknown>
     9e6: 79 50        	<unknown>
     9e8: 31 32        	<unknown>
     9ea: 6b 65 72 6e  	<unknown>
     9ee: 65 6c        	<unknown>
     9f0: 5f 61 72 67  	<unknown>
     9f4: 5f 74 00 62  	<unknown>
     9f8: 6c 6f        	<unknown>
     9fa: 63 6b 49 64  	bltu	s2, tp, 0x1050 <.symtab+0x1050>
     9fe: 78 00        	<unknown>
     a00: 6d 61        	<unknown>
     a02: 69 6e        	<unknown>
     a04: 00 76        	<unknown>
     a06: 78 5f        	<unknown>
     a08: 73 70 61 77  	csrci	0x776, 0x2
     a0c: 6e 5f        	<unknown>
     a0e: 74 68        	<unknown>
     a10: 72 65        	<unknown>
     a12: 61 64        	<unknown>
     a14: 73 00 5f 73  	<unknown>
     a18: 74 61        	<unknown>
     a1a: 72 74        	<unknown>
     a1c: 00 5f        	<unknown>
     a1e: 45 78        	<unknown>
     a20: 69 74        	<unknown>
     a22: 00 5f        	<unknown>
     a24: 5f 69 6e 69  	<unknown>
     a28: 74 5f        	<unknown>
     a2a: 74 6c        	<unknown>
     a2c: 73 00 5f 5f  	<unknown>
     a30: 66 75        	<unknown>
     a32: 6e 63        	<unknown>
     a34: 73 5f 6f 6e  	csrrwi	t5, 0x6e6, 0x1e
     a38: 5f 65 78 69  	<unknown>
     a3c: 74 00        	<unknown>
     a3e: 76 78        	<unknown>
     a40: 5f 70 75 74  	<unknown>
     a44: 63 68 61 72  	bltu	sp, t1, 0x1174 <.symtab+0x1174>
     a48: 00 74        	<unknown>
     a4a: 69 6e        	<unknown>
     a4c: 79 5f        	<unknown>
     a4e: 76 70        	<unknown>
     a50: 72 69        	<unknown>
     a52: 6e 74        	<unknown>
     a54: 66 00        	<unknown>
     a56: 76 78        	<unknown>
     a58: 5f 70 72 69  	<unknown>
     a5c: 6e 74        	<unknown>
     a5e: 66 00        	<unknown>
     a60: 67 72 69 64  	<unknown>
     a64: 44 69        	<unknown>
     a66: 6d 00        	<unknown>
     a68: 62 6c        	<unknown>
     a6a: 6f 63 6b 44  	jal	t1, 0xb6eb0 <.symtab+0xb6eb0>
     a6e: 69 6d        	<unknown>
     a70: 00 5f        	<unknown>
     a72: 5f 6c 6f 63  	<unknown>
     a76: 61 6c        	<unknown>
     a78: 5f 67 72 6f  	<unknown>
     a7c: 75 70        	<unknown>
     a7e: 5f 69 64 00  	<unknown>
     a82: 74 68        	<unknown>
     a84: 72 65        	<unknown>
     a86: 61 64        	<unknown>
     a88: 49 64        	<unknown>
     a8a: 78 00        	<unknown>
     a8c: 5f 5f 77 61  	<unknown>
     a90: 72 70        	<unknown>
     a92: 73 5f 70 65  	csrrwi	t5, hviprio2h, 0x0
     a96: 72 5f        	<unknown>
     a98: 67 72 6f 75  	<unknown>
     a9c: 70 00        	<unknown>
     a9e: 76 78        	<unknown>
     aa0: 5f 73 65 72  	<unknown>
     aa4: 69 61        	<unknown>
     aa6: 6c 00        	<unknown>
     aa8: 5f 5f 66 6c  	<unknown>
     aac: 6f 61 74 73  	jal	sp, 0x479e2 <.symtab+0x479e2>
     ab0: 69 64        	<unknown>
     ab2: 66 00        	<unknown>
     ab4: 5f 5f 6d 75  	<unknown>
     ab8: 6c 64        	<unknown>
     aba: 66 33        	<unknown>
     abc: 00 5f        	<unknown>
     abe: 5f 6e 65 64  	<unknown>
     ac2: 66 32        	<unknown>
     ac4: 00 5f        	<unknown>
     ac6: 5f 67 74 64  	<unknown>
     aca: 66 32        	<unknown>
     acc: 00 5f        	<unknown>
     ace: 5f 6c 74 64  	<unknown>
     ad2: 66 32        	<unknown>
     ad4: 00 5f        	<unknown>
     ad6: 5f 61 64 64  	<unknown>
     ada: 64 66        	<unknown>
     adc: 33 00 5f 5f  	<unknown>
     ae0: 73 75 62 64  	csrrci	a0, hviprio1, 0x4
     ae4: 66 33        	<unknown>
     ae6: 00 5f        	<unknown>
     ae8: 5f 66 69 78  	<unknown>
     aec: 64 66        	<unknown>
     aee: 73 69 00 5f  	csrrsi	s2, 0x5f0, 0x0
     af2: 5f 64 69 76  	<unknown>
     af6: 64 66        	<unknown>
     af8: 33 00 5f 5f  	<unknown>
     afc: 67 65 64 66  	<unknown>
     b00: 32 00        	<unknown>
     b02: 5f 5f 66 69  	<unknown>
     b06: 78 75        	<unknown>
     b08: 6e 73        	<unknown>
     b0a: 64 66        	<unknown>
     b0c: 73 69 00 5f  	csrrsi	s2, 0x5f0, 0x0
     b10: 5f 66 6c 6f  	<unknown>
     b14: 61 74        	<unknown>
     b16: 75 6e        	<unknown>
     b18: 73 69 64 66  	csrrsi	s2, 0x666, 0x8
     b1c: 00 5f        	<unknown>
     b1e: 5f 75 6d 6f  	<unknown>
     b22: 64 64        	<unknown>
     b24: 69 33        	<unknown>
     b26: 00 5f        	<unknown>
     b28: 5f 75 64 69  	<unknown>
     b2c: 76 64        	<unknown>
     b2e: 69 33        	<unknown>
     b30: 00 76        	<unknown>
     b32: 78 5f        	<unknown>
     b34: 70 65        	<unknown>
     b36: 72 66        	<unknown>
     b38: 5f 64 75 6d  	<unknown>
     b3c: 70 00        	<unknown>
     b3e: 5f 66 69 6e  	<unknown>
     b42: 69 00        	<unknown>
     b44: 65 78        	<unknown>
     b46: 69 74        	<unknown>
     b48: 00 5f        	<unknown>
     b4a: 5f 6c 69 62  	<unknown>
     b4e: 63 5f 65 78  	bge	a0, t1, 0x12ec <.symtab+0x12ec>
     b52: 69 74        	<unknown>
     b54: 5f 66 69 6e  	<unknown>
     b58: 69 00        	<unknown>
     b5a: 5f 5f 73 74  	<unknown>
     b5e: 64 69        	<unknown>
     b60: 6f 5f 65 78  	jal	t5, 0x562e6 <.symtab+0x562e6>
     b64: 69 74        	<unknown>
     b66: 00 5f        	<unknown>
     b68: 5f 65 71 64  	<unknown>
     b6c: 66 32        	<unknown>
     b6e: 00 6d        	<unknown>
     b70: 65 6d        	<unknown>
     b72: 63 70 79 00  	bgeu	s2, t2, 0xb72 <.symtab+0xb72>
     b76: 6d 65        	<unknown>
     b78: 6d 73        	<unknown>
     b7a: 65 74        	<unknown>
     b7c: 00 5f        	<unknown>
     b7e: 5f 66 65 5f  	<unknown>
     b82: 67 65 74 72  	<unknown>
     b86: 6f 75 6e 64  	jal	a0, 0xe81cc <.symtab+0xe81cc>
     b8a: 00 5f        	<unknown>
     b8c: 5f 66 65 5f  	<unknown>
     b90: 72 61        	<unknown>
     b92: 69 73        	<unknown>
     b94: 65 5f        	<unknown>
     b96: 69 6e        	<unknown>
     b98: 65 78        	<unknown>
     b9a: 61 63        	<unknown>
     b9c: 74 00        	<unknown>
     b9e: 5f 5f 6c 65  	<unknown>
     ba2: 64 66        	<unknown>
     ba4: 32 00        	<unknown>
     ba6: 5f 5f 63 6d  	<unknown>
     baa: 70 64        	<unknown>
     bac: 66 32        	<unknown>
     bae: 00 53        	<unknown>
     bb0: 54 41        	<unknown>
     bb2: 52 54        	<unknown>
     bb4: 55 50        	<unknown>
     bb6: 5f 41 44 44  	<unknown>
     bba: 52 00        	<unknown>
     bbc: 5f 5f 74 62  	<unknown>
     bc0: 73 73 5f 73  	csrrci	t1, mhpmevent21h, 0x1e
     bc4: 74 61        	<unknown>
     bc6: 72 74        	<unknown>
     bc8: 00 5f        	<unknown>
     bca: 5f 74 64 61  	<unknown>
     bce: 74 61        	<unknown>
     bd0: 5f 73 74 61  	<unknown>
     bd4: 72 74        	<unknown>
     bd6: 00 5f        	<unknown>
     bd8: 5f 53 44 41  	<unknown>
     bdc: 54 41        	<unknown>
     bde: 5f 42 45 47  	<unknown>
     be2: 49 4e        	<unknown>
     be4: 5f 5f 00 5f  	<unknown>
     be8: 5f 44 41 54  	<unknown>
     bec: 41 5f        	<unknown>
     bee: 42 45        	<unknown>
     bf0: 47 49 4e 5f  	<unknown>
     bf4: 5f 00 5f 5f  	<unknown>
     bf8: 42 53        	<unknown>
     bfa: 53 5f 45 4e  	<unknown>
     bfe: 44 5f        	<unknown>
     c00: 5f 00 5f 5f  	<unknown>
     c04: 67 6c 6f 62  	<unknown>
     c08: 61 6c        	<unknown>
     c0a: 5f 70 6f 69  	<unknown>
     c0e: 6e 74        	<unknown>
     c10: 65 72        	<unknown>
     c12: 00 5f        	<unknown>
     c14: 5f 74 62 73  	<unknown>
     c18: 73 5f 73 69  	csrrwi	t5, 0x697, 0x6
     c1c: 7a 65        	<unknown>
     c1e: 00 5f        	<unknown>
     c20: 65 6e        	<unknown>
     c22: 64 00        	<unknown>
     c24: 5f 5f 74 64  	<unknown>
     c28: 61 74        	<unknown>
     c2a: 61 5f        	<unknown>
     c2c: 73 69 7a 65  	csrrsi	s2, hviprio2h, 0x14
     c30: 00 5f        	<unknown>
     c32: 5f 74 62 73  	<unknown>
     c36: 73 5f 6f 66  	csrrwi	t5, 0x666, 0x1e
     c3a: 66 73        	<unknown>
     c3c: 65 74        	<unknown>
     c3e: 00 5f        	<unknown>
     c40: 5f 66 69 6e  	<unknown>
     c44: 69 5f        	<unknown>
     c46: 61 72        	<unknown>
     c48: 72 61        	<unknown>
     c4a: 79 5f        	<unknown>
     c4c: 65 6e        	<unknown>
     c4e: 64 00        	<unknown>
     c50: 5f 5f 66 69  	<unknown>
     c54: 6e 69        	<unknown>
     c56: 5f 61 72 72  	<unknown>
     c5a: 61 79        	<unknown>
     c5c: 5f 73 74 61  	<unknown>
     c60: 72 74        	<unknown>
     c62: 00 5f        	<unknown>
     c64: 65 64        	<unknown>
     c66: 61 74        	<unknown>
     c68: 61 00        	<unknown>
     c6a: 5f 5f 62 73  	<unknown>
     c6e: 73 5f 73 74  	csrrwi	t5, mseccfg, 0x6
     c72: 61 72        	<unknown>
     c74: 74 00        	<unknown>
